nces_id,name,state,enrollment
0100005,Albertville City,AL,5910
0100006,Marshall County,AL,6494
0100007,Hoover City,AL,13632
0100008,Madison City,AL,13046
0100011,Leeds City,AL,2271
0100012,Boaz City,AL,2607
0100013,Trussville City,AL,5005
0100030,Alexander City,AL,2836
0100060,Andalusia City,AL,1823
0100090,Anniston City,AL,1821
0100100,Arab City,AL,2595
0100120,Athens City,AL,5405
0100180,Attalla City,AL,1460
0100185,Saraland City,AL,3514
0100188,Chickasaw City,AL,2679
0100189,Satsuma City,AL,1534
0100190,Alabaster City,AL,6316
0100194,Pelham City,AL,3444
0100195,Pike Road City,AL,2822
0100202,Gulf Shores City,AL,2748
0100210,Auburn City,AL,9488
0100240,Autauga County,AL,8888
0100270,Baldwin County,AL,31965
0100300,Barbour County,AL,658
0100330,Bessemer City,AL,3012
0100360,Bibb County,AL,3063
0100390,Birmingham City,AL,20954
0100420,Blount County,AL,7600
0100450,Brewton City,AL,1168
0100480,Bullock County,AL,1327
0100510,Butler County,AL,2699
0100540,Calhoun County,AL,7997
0100600,Chambers County,AL,3203
0100630,Cherokee County,AL,3860
0100660,Chilton County,AL,7921
0100690,Choctaw County,AL,1025
0100720,Clarke County,AL,2130
0100750,Clay County,AL,1729
0100780,Cleburne County,AL,2490
0100810,Coffee County,AL,2953
0100840,Colbert County,AL,2573
0100870,Conecuh County,AL,1344
0100900,Coosa County,AL,751
0100930,Covington County,AL,3028
0100960,Crenshaw County,AL,2063
0100990,Cullman City,AL,3243
0101020,Cullman County,AL,9901
0101050,Dale County,AL,3376
0101080,Daleville City,AL,1156
0101110,Dallas County,AL,2283
0101140,DeKalb County,AL,8769
0101170,Decatur City,AL,8902
0101200,Demopolis City,AL,1918
0101230,Dothan City,AL,8220
0101260,Elba City,AL,603
0101290,Elmore County,AL,11741
0101320,Enterprise City,AL,6612
0101350,Escambia County,AL,4072
0101380,Etowah County,AL,8739
0101410,Eufaula City,AL,8421
0101440,Fairfield City,AL,1348
0101470,Fayette County,AL,2268
0101530,Florence City,AL,4574
0101560,Fort Payne City,AL,3508
0101590,Franklin County,AL,3563
0101620,Gadsden City,AL,4940
0101640,Geneva City,AL,1229
0101660,Geneva County,AL,2814
0101680,Greene County,AL,841
0101690,Guntersville City,AL,1810
0101710,Hale County,AL,2193
0101720,Haleyville City,AL,1597
0101730,Hartselle City,AL,3683
0101740,Henry County,AL,2524
0101760,Homewood City,AL,4492
0101770,Houston County,AL,6907
0101800,Huntsville City,AL,24222
0101830,Jackson County,AL,5159
0101860,Jacksonville City,AL,1685
0101890,Jasper City,AL,2950
0101920,Jefferson County,AL,35444
0101950,Lamar County,AL,2129
0101980,Lanett City,AL,971
0102010,Lauderdale County,AL,7952
0102040,Lawrence County,AL,4676
0102070,Lee County,AL,9026
0102100,Limestone County,AL,16497
0102130,Linden City,AL,387
0102160,Lowndes County,AL,1109
0102190,Macon County,AL,1692
0102220,Madison County,AL,20691
0102250,Marengo County,AL,965
0102310,Marion County,AL,3302
0102350,Midfield City,AL,992
0102370,Mobile County,AL,49946
0102400,Monroe County,AL,2963
0102430,Montgomery County,AL,26395
0102480,Morgan County,AL,7619
0102490,Mountain Brook City,AL,4425
0102520,Muscle Shoals City,AL,2979
0102550,Oneonta City,AL,1380
0102580,Opelika City,AL,5377
0102610,Opp City,AL,1322
0102635,Oxford City,AL,4103
0102640,Ozark City,AL,1905
0102650,Pell City,AL,4079
0102670,Perry County,AL,815
0102700,Phenix City,AL,7198
0102730,Pickens County,AL,2210
0102760,Piedmont City,AL,1080
0102790,Pike County,AL,2124
0102820,Randolph County,AL,2089
0102850,Roanoke City,AL,1355
0102880,Russell County,AL,3850
0102910,Russellville City,AL,2615
0102940,Scottsboro City,AL,2457
0102970,Selma City,AL,2301
0103000,Sheffield City,AL,1029
0103030,Shelby County,AL,20638
0103062,St Clair County,AL,9658
0103090,Sumter County,AL,901
0103120,Sylacauga City,AL,1976
0103150,Talladega City,AL,1463
0103180,Talladega County,AL,7178
0103210,Tallapoosa County,AL,2822
0103240,Tallassee City,AL,1507
0103270,Tarrant City,AL,1308
0103300,Thomasville City,AL,1013
0103330,Troy City,AL,1827
0103360,Tuscaloosa City,AL,11230
0103390,Tuscaloosa County,AL,19278
0103420,Tuscumbia City,AL,1597
0103430,Vestavia Hills City,AL,6934
0103450,Walker County,AL,7091
0103480,Washington County,AL,2390
0103510,Wilcox County,AL,1147
0103540,Winfield City,AL,1204
0103580,Winston County,AL,2309
0103581,Orange Beach City,AL,1262
0200001,Lower Kuskokwim School District,AK,3823
0200003,Lower Yukon School District,AK,2027
0200004,Yupiit School District,AK,522
0200005,Kashunamiut School District,AK,320
0200007,Aleutians East Borough School District,AK,178
0200010,Aleutian Region School District,AK,21
0200020,Bering Strait School District,AK,1745
0200030,Bristol Bay Borough School District,AK,106
0200050,Alaska Gateway School District,AK,381
0200060,Cordova City School District,AK,361
0200070,Copper River School District,AK,393
0200090,Craig City School District,AK,615
0200100,Delta/Greely School District,AK,971
0200120,Dillingham City School District,AK,403
0200130,Galena City School District,AK,8168
0200150,Ketchikan Gateway Borough School District,AK,2043
0200180,Anchorage School District,AK,42573
0200210,Juneau Borough School District,AK,4085
0200240,Sitka School District,AK,1080
0200270,Haines Borough School District,AK,255
0200300,Hoonah City School District,AK,110
0200330,Hydaburg City School District,AK,117
0200360,Kake City School District,AK,117
0200390,Kenai Peninsula Borough School District,AK,8510
0200450,Klawock City School District,AK,127
0200480,Kodiak Island Borough School District,AK,2122
0200485,Lake and Peninsula Borough School District,AK,320
0200510,Matanuska-Susitna Borough School District,AK,19495
0200520,Iditarod Area School District,AK,263
0200525,Annette Island School District,AK,301
0200540,Nenana City School District,AK,2279
0200570,Nome Public Schools,AK,672
0200600,Fairbanks North Star Borough School District,AK,11857
0200610,North Slope Borough School District,AK,1853
0200625,Northwest Arctic Borough School District,AK,1945
0200630,Pelican City School District,AK,12
0200660,Petersburg Borough School District,AK,464
0200670,Pribilof School District,AK,65
0200680,Saint Mary's School District,AK,178
0200690,Skagway School District,AK,138
0200700,Southeast Island School District,AK,164
0200710,Southwest Region School District,AK,615
0200720,Unalaska City School District,AK,337
0200730,Chatham School District,AK,161
0200760,Kuspuk School District,AK,309
0200770,Denali Borough School District,AK,1073
0200775,Yukon Flats School District,AK,175
0200780,Valdez City School District,AK,605
0200800,Chugach School District,AK,617
0200810,Wrangell Public School District,AK,264
0200840,Yakutat School District,AK,95
0200862,Yukon-Koyukuk School District,AK,4024
0400001,Cave Creek Unified District (4244),AZ,3821
0400003,Chino Valley Unified District (4474),AZ,2227
0400004,Clarkdale-Jerome Elementary District (4486),AZ,459
0400005,Salome Consolidated Elementary District (4514),AZ,119
0400021,Colorado City Unified District (4370),AZ,544
0400022,Vernon Elementary District (4162),AZ,138
0400023,Pinon Unified District (4390),AZ,1019
0400026,Heber-Overgaard Unified District (4392),AZ,490
0400082,Colorado River Union High School District (4381),AZ,1847
0400163,Coconino County Accommodation School District (10386),AZ,151
0400212,Benson Unified School District (79226),AZ,1287
0400295,Kingman Unified School District (79598),AZ,6996
0400315,Yavapai Accommodation School District (79379),AZ,71
0400419,Gila County Regional School District (87600),AZ,10
0400450,Agua Fria Union High School District (4289),AZ,10089
0400480,Aguila Elementary District (4249),AZ,141
0400520,Ajo Unified District (4409),AZ,397
0400600,Alhambra Elementary District (4280),AZ,9742
0400630,Alpine Elementary District (4161),AZ,56
0400680,Amphitheater Unified District (4406),AZ,11277
0400720,Antelope Union High School District (4506),AZ,199
0400750,Apache Elementary District (4178),AZ,6
0400790,Apache Junction Unified District (4443),AZ,2440
0400840,Arlington Elementary District (4274),AZ,297
0400870,Ash Creek Elementary District (4187),AZ,29
0400910,Ash Fork Joint Unified District (4471),AZ,293
0400960,Avondale Elementary District (4272),AZ,6000
0401000,Bagdad Unified District (4468),AZ,517
0401015,Cochise County Accommodation School District (1001687),AZ,311
0401050,Balsz Elementary District (4268),AZ,1936
0401080,Beaver Creek Elementary District (4481),AZ,331
0401160,Bicentennial Union High School District (4515),AZ,120
0401180,Bisbee Unified District (4169),AZ,622
0401230,Blue Elementary District (4231),AZ,13
0401260,Bonita Elementary District (4224),AZ,94
0401290,Bouse Elementary District (4513),AZ,52
0401330,Bowie Unified District (4171),AZ,73
0401380,Buckeye Elementary District (4269),AZ,6221
0401410,Buckeye Union High School District (4284),AZ,5650
0401460,Sierra Vista Unified District (4175),AZ,4043
0401500,Bullhead City School District (4378),AZ,2191
0401600,Camp Verde Unified District (4470),AZ,1615
0401650,Canon Elementary District (4484),AZ,117
0401680,Cartwright Elementary District (4282),AZ,13436
0401710,Casa Grande Elementary District (4446),AZ,6630
0401740,Casa Grande Union High School District (4453),AZ,3938
0401760,Catalina Foothills Unified District (4410),AZ,5088
0401810,Cedar Unified District (4395),AZ,142
0401870,Chandler Unified District #80 (4242),AZ,41421
0401940,Chinle Unified District (4158),AZ,2910
0402130,Cochise Elementary District (4177),AZ,76
0402190,Concho Elementary District (4160),AZ,129
0402220,Congress Elementary District (4479),AZ,122
0402250,Continental Elementary District (4416),AZ,643
0402320,Coolidge Unified District (4442),AZ,2815
0402370,Cottonwood-Oak Creek Elementary District (4487),AZ,1765
0402400,Crane Elementary District (4501),AZ,5727
0402430,Creighton Elementary District (4263),AZ,4835
0402460,Crown King Elementary District (4483),AZ,9
0402480,Graham County Special Services (4217),AZ,64
0402490,Double Adobe Elementary District (4179),AZ,23
0402530,Douglas Unified District (4174),AZ,3608
0402600,Duncan Unified District (4228),AZ,369
0402690,Dysart Unified District (4243),AZ,23078
0402740,Mary C O'Brien Accommodation District (4435),AZ,198
0402760,Elfrida Elementary District (4185),AZ,126
0402790,Eloy Elementary District (4448),AZ,694
0402860,Flagstaff Unified District (4192),AZ,8595
0402920,Florence Unified School District (4437),AZ,8731
0403010,Flowing Wells Unified District (4405),AZ,5225
0403040,Fountain Hills Unified District (4247),AZ,1072
0403060,Fowler Elementary District (4273),AZ,3645
0403080,Fredonia-Moccasin Unified District (4195),AZ,132
0403150,Fort Huachuca Accommodation District (4167),AZ,774
0403200,Fort Thomas Unified District (4221),AZ,638
0403240,Gadsden Elementary District (4505),AZ,5196
0403290,Ganado Unified School District (4157),AZ,980
0403310,Gila Bend Unified District (4238),AZ,481
0403400,Gilbert Unified District (4239),AZ,31560
0403420,Glendale Elementary District (4271),AZ,8580
0403450,Glendale Union High School District (4285),AZ,16092
0403500,Globe Unified District (4208),AZ,1644
0403550,Grand Canyon Unified District (4194),AZ,258
0403660,Hackberry School District (4371),AZ,40
0403730,Hayden-Winkelman Unified District (4212),AZ,306
0403780,Higley Unified School District (4248),AZ,12387
0403820,Holbrook Unified District (4389),AZ,1806
0403870,Humboldt Unified District (4469),AZ,5159
0403900,Hyder Elementary District (4502),AZ,88
0403950,Baboquivari Unified School District #40 (4412),AZ,1018
0403960,Isaac Elementary District (4259),AZ,4929
0403990,J O Combs Unified School District (4445),AZ,3934
0404010,Joseph City Unified District (4388),AZ,415
0404060,Kayenta Unified School District #27 (4396),AZ,1544
0404170,Kirkland Elementary District (4480),AZ,66
0404230,Kyrene Elementary District (4267),AZ,13313
0404280,Lake Havasu Unified District (4368),AZ,5228
0404290,Laveen Elementary District (4276),AZ,8111
0404320,Liberty Elementary District (4266),AZ,4547
0404380,Litchfield Elementary District (4281),AZ,10755
0404410,Littlefield Unified District (4374),AZ,324
0404440,Littleton Elementary District (4278),AZ,6206
0404500,Madison Elementary District (4270),AZ,5864
0404530,Maine Consolidated School District (4199),AZ,134
0404570,Mammoth-San Manuel Unified District (4439),AZ,473
0404630,Marana Unified District (4404),AZ,12845
0404720,Maricopa Unified School District (4441),AZ,9568
0404770,Altar Valley Elementary District (4418),AZ,479
0404820,Mayer Unified School District (4473),AZ,545
0404860,Mcnary Elementary District (4163),AZ,183
0404920,McNeal Elementary District (4181),AZ,31
0404970,Mesa Unified District (4235),AZ,55821
0405030,Miami Unified District (4211),AZ,929
0405070,Mingus Union High School District (4488),AZ,1202
0405100,Mobile Elementary District (4253),AZ,28
0405190,Mohave Valley Elementary District (4379),AZ,1241
0405220,Mohawk Valley Elementary District (4503),AZ,156
0405320,Morenci Unified District (4230),AZ,1536
0405340,Morristown Elementary District (4251),AZ,116
0405360,Pima County Accommodation School District (4401),AZ,2112
0405400,Murphy Elementary District (4265),AZ,1040
0405430,Naco Elementary District (4176),AZ,266
0405460,Nadaburg Unified School District (4252),AZ,1641
0405500,Navajo County Accommodation District #99 (4386),AZ,32
0405530,Nogales Unified District (4457),AZ,5696
0405640,Oracle Elementary District (4444),AZ,413
0405670,Osborn Elementary District (4262),AZ,2518
0405730,Owens School District No.6 (4373),AZ,9
0405760,Tonto Basin Elementary District (4215),AZ,79
0405820,Page Unified School District #8  (4196),AZ,2269
0405850,Palo Verde Elementary District (4275),AZ,482
0405880,Palominas Elementary School District 49 (4180),AZ,706
0405930,Paradise Valley Unified District (4241),AZ,26183
0405980,Parker Unified School District (4510),AZ,1707
0406000,Patagonia Elementary District (4460),AZ,124
0406030,Patagonia Union High School District (4462),AZ,71
0406070,Payson Unified District (4209),AZ,2200
0406120,Peach Springs Unified District (4369),AZ,179
0406150,Pearce Elementary District (4186),AZ,136
0406210,Pendergast Elementary District (4283),AZ,8098
0406250,Peoria Unified School District (4237),AZ,34436
0406300,Phoenix Elementary District (4256),AZ,3963
0406330,Phoenix Union High School District (4286),AZ,25800
0406360,Picacho Elementary District (4452),AZ,155
0406440,Pima Unified District (4220),AZ,1033
0406510,Pine Strawberry Elementary District (4214),AZ,97
0406580,Blue Ridge Unified School District No. 32 (4397),AZ,1628
0406630,Pomerene Elementary District (4188),AZ,110
0406730,Prescott Unified District (4466),AZ,3712
0406740,Sanders Unified District (4156),AZ,624
0406780,Quartzsite Elementary District (4511),AZ,136
0406810,Queen Creek Unified District (4245),AZ,15065
0406850,Ray Unified District (4438),AZ,318
0406870,Red Mesa Unified District (4159),AZ,427
0406900,Red Rock Elementary District (4447),AZ,420
0406960,San Carlos Unified District (4210),AZ,1438
0407020,Riverside Elementary District (4257),AZ,804
0407080,Roosevelt Elementary District (4279),AZ,7057
0407130,Round Valley Unified District (4155),AZ,1237
0407170,Saddle Mountain Unified School District (4254),AZ,3265
0407200,Sacaton Elementary District (4449),AZ,495
0407240,Safford Unified District (4218),AZ,2874
0407300,Sahuarita Unified District (4411),AZ,6335
0407380,San Fernando Elementary District (4414),AZ,9
0407430,San Simon Unified District (4172),AZ,97
0407500,Santa Cruz Elementary District (4459),AZ,131
0407520,Santa Cruz Valley Unified District (4458),AZ,3612
0407530,Santa Cruz Valley Union High School District (4454),AZ,425
0407570,Scottsdale Unified District (4240),AZ,20682
0407630,Seligman Unified District (4472),AZ,180
0407680,Sentinel Elementary District (4250),AZ,35
0407700,Show Low Unified District  (4393),AZ,2398
0407750,Deer Valley Unified District (4246),AZ,32265
0407770,Skull Valley Elementary District (4478),AZ,39
0407820,Snowflake Unified District (4391),AZ,2830
0407860,Solomon Elementary District (4222),AZ,179
0407890,Somerton Elementary District (4500),AZ,2986
0407920,Sonoita Elementary District (4461),AZ,118
0408020,St David Unified District (4173),AZ,433
0408080,St Johns Unified District (4153),AZ,870
0408130,Stanfield Elementary District (4451),AZ,365
0408170,Sunnyside Unified District (4407),AZ,13979
0408230,Superior Unified School District (4440),AZ,306
0408280,Tanque Verde Unified District (4408),AZ,2212
0408310,Tempe School District (4258),AZ,10045
0408340,Tempe Union High School District (4287),AZ,11726
0408410,Thatcher Unified District (4219),AZ,1801
0408430,Paloma School District (4255),AZ,119
0408460,Hillside Elementary District (4482),AZ,6
0408490,Tolleson Elementary District (4264),AZ,2930
0408520,Tolleson Union High School District (4288),AZ,13931
0408550,Toltec School District (4450),AZ,1270
0408600,Tombstone Unified District (4168),AZ,874
0408640,Topock Elementary District (4376),AZ,77
0408680,Tuba City Unified School District #15 (4197),AZ,1381
0408800,Tucson Unified District (4403),AZ,40316
0408820,Union Elementary District (4277),AZ,1630
0408850,Vail Unified District (4413),AZ,15011
0408880,Valentine Elementary District (4380),AZ,87
0408910,Valley Union High School District (4190),AZ,71
0409060,Washington Elementary School District (4260),AZ,18816
0409090,Wellton Elementary District (4504),AZ,209
0409120,Wenden Elementary District (4512),AZ,68
0409160,Whiteriver Unified District (4394),AZ,2231
0409190,Wickenburg Unified District (4236),AZ,1079
0409250,Willcox Unified District (4170),AZ,1088
0409310,Williams Unified District (4193),AZ,654
0409390,Wilson Elementary District (4261),AZ,854
0409430,Window Rock Unified District (4154),AZ,1705
0409460,Winslow Unified District (4387),AZ,1825
0409510,Yarnell Elementary District (4485),AZ,42
0409540,Young Elementary District (4213),AZ,46
0409570,Yucca Elementary District (4377),AZ,27
0409600,Yuma Elementary District (4499),AZ,9102
0409630,Yuma Union High School District (4507),AZ,11217
0409733,Sedona-Oak Creek JUSD #9 (4467),AZ,693
0500001,DEWITT SCHOOL DISTRICT,AR,1153
0500006,WARREN SCHOOL DISTRICT,AR,1440
0500009,CORNING SCHOOL DISTRICT,AR,805
0500012,RIVERSIDE SCHOOL DISTRICT,AR,789
0500015,SHERIDAN SCHOOL DISTRICT,AR,4208
0500016,MARMADUKE SCHOOL DISTRICT,AR,648
0500017,PARAGOULD SCHOOL DISTRICT,AR,3166
0500019,BATESVILLE SCHOOL DISTRICT,AR,3513
0500020,MIDLAND SCHOOL DISTRICT,AR,513
0500021,IZARD COUNTY CONSOLIDATED SCHOOL DISTRICT,AR,697
0500023,NEWPORT SCHOOL DISTRICT,AR,1239
0500026,PINE BLUFF SCHOOL DISTRICT,AR,2896
0500028,STAR CITY SCHOOL DISTRICT,AR,1460
0500029,GOSNELL SCHOOL DISTRICT,AR,1215
0500030,NEVADA SCHOOL DISTRICT,AR,426
0500032,BEARDEN SCHOOL DISTRICT,AR,446
0500041,WESTERN YELL COUNTY SCHOOL DISTRICT,AR,298
0500042,HAMBURG SCHOOL DISTRICT,AR,1697
0500043,MOUNTAIN HOME SCHOOL DISTRICT,AR,3817
0500044,MAGNOLIA SCHOOL DISTRICT,AR,2505
0500045,RIVERCREST SCHOOL DISTRICT,AR,1205
0500046,MANILA SCHOOL DISTRICT,AR,1077
0500047,TRUMANN SCHOOL DISTRICT,AR,1507
0500048,EAST POINSETT COUNTY SCHOOL DISTRICT,AR,599
0500049,DE QUEEN SCHOOL DISTRICT,AR,2365
0500051,PALESTINE WHEATLEY SCHOOL DISTRICT,AR,826
0500065,LAFAYETTE COUNTY SCHOOL DISTRICT,AR,472
0500067,CLEVELAND COUNTY SCHOOL DISTRICT,AR,741
0500068,EMERSON TAYLOR BRADLEY SCHOOL DISTRICT,AR,1280
0500070,CEDAR RIDGE SCHOOL DISTRICT,AR,636
0500071,HILLCREST SCHOOL DISTRICT,AR,442
0500072,DEER MT JUDEA SCHOOL DISTRICT,AR,349
0500073,OUACHITA RIVER SCHOOL DISTRICT,AR,735
0500076,OZARK MOUNTAIN SCHOOL DISTRICT,AR,495
0500079,TWO RIVERS SCHOOL DISTRICT,AR,707
0500082,LAWRENCE COUNTY SCHOOL DISTRICT,AR,1067
0500405,COSSATOT RIVER SCHOOL DISTRICT,AR,855
0500419,JACKSONVILLE NORTH PULASKI SCHOOL DISTRICT,AR,4360
0502250,ALMA SCHOOL DISTRICT,AR,3092
0502280,ALPENA SCHOOL DISTRICT,AR,402
0502430,ARKADELPHIA SCHOOL DISTRICT,AR,1877
0502550,ARMOREL SCHOOL DISTRICT,AR,438
0502580,ASHDOWN SCHOOL DISTRICT,AR,1281
0502610,ATKINS SCHOOL DISTRICT,AR,951
0502670,AUGUSTA SCHOOL DISTRICT,AR,329
0502700,BALD KNOB SCHOOL DISTRICT,AR,1059
0502730,BARTON SCHOOL DISTRICT,AR,664
0502790,BAUXITE SCHOOL DISTRICT,AR,1717
0502820,BAY SCHOOL DISTRICT,AR,550
0502880,BEEBE SCHOOL DISTRICT,AR,3392
0502960,BENTON SCHOOL DISTRICT,AR,5806
0503030,PEA RIDGE SCHOOL DISTRICT,AR,2670
0503060,BENTONVILLE SCHOOL DISTRICT,AR,19575
0503090,BERGMAN SCHOOL DISTRICT,AR,1102
0503150,BERRYVILLE SCHOOL DISTRICT,AR,1797
0503240,BISMARCK SCHOOL DISTRICT,AR,1034
0503300,BLEVINS SCHOOL DISTRICT,AR,379
0503320,BLYTHEVILLE SCHOOL DISTRICT,AR,1295
0503420,LEAD HILL SCHOOL DISTRICT,AR,370
0503450,BOONEVILLE SCHOOL DISTRICT,AR,1355
0503480,BRADFORD SCHOOL DISTRICT,AR,434
0503630,BRINKLEY SCHOOL DISTRICT,AR,432
0503640,BROOKLAND SCHOOL DISTRICT,AR,3213
0503690,BRYANT SCHOOL DISTRICT,AR,9827
0503710,BUFFALO ISLAND CENTRAL SCHOOL DISTRICT,AR,720
0503750,CABOT SCHOOL DISTRICT,AR,10672
0503770,CADDO HILLS SCHOOL DISTRICT,AR,585
0503840,CALICO ROCK SCHOOL DISTRICT,AR,347
0503960,CARLISLE SCHOOL DISTRICT,AR,660
0504020,WESTSIDE CONSOLIDATED SCHOOL DISTRICT (Craighead),AR,1817
0504050,CAVE CITY SCHOOL DISTRICT,AR,1239
0504080,CEDARVILLE SCHOOL DISTRICT,AR,731
0504110,GENOA CENTRAL SCHOOL DISTRICT,AR,1213
0504170,WHITE COUNTY CENTRAL SCHOOL DISTRICT,AR,930
0504200,CHARLESTON SCHOOL DISTRICT,AR,912
0504350,CLARENDON SCHOOL DISTRICT,AR,433
0504370,RECTOR SCHOOL DISTRICT,AR,625
0504380,CLARKSVILLE SCHOOL DISTRICT,AR,2504
0504410,CLINTON SCHOOL DISTRICT,AR,1260
0504560,CONCORD SCHOOL DISTRICT,AR,370
0504590,CONWAY SCHOOL DISTRICT,AR,10212
0504680,COTTER SCHOOL DISTRICT,AR,698
0504740,COUNTY LINE SCHOOL DISTRICT,AR,556
0504800,CROSSETT SCHOOL DISTRICT,AR,1620
0504860,CUTTER MORNING STAR SCHOOL DISTRICT,AR,688
0504890,DANVILLE SCHOOL DISTRICT,AR,824
0504930,DARDANELLE SCHOOL DISTRICT,AR,2116
0504980,DECATUR SCHOOL DISTRICT,AR,613
0505170,DERMOTT SCHOOL DISTRICT,AR,289
0505190,DES ARC SCHOOL DISTRICT,AR,658
0505340,DIERKS SCHOOL DISTRICT,AR,541
0505430,DOVER SCHOOL DISTRICT,AR,1205
0505470,DREW CENTRAL SCHOOL DISTRICT,AR,1262
0505500,DUMAS SCHOOL DISTRICT,AR,818
0505550,EARLE SCHOOL DISTRICT,AR,371
0505580,EAST END SCHOOL DISTRICT,AR,674
0505680,EL DORADO SCHOOL DISTRICT,AR,3921
0505760,ELKINS SCHOOL DISTRICT,AR,1462
0505850,ENGLAND SCHOOL DISTRICT,AR,622
0505970,EUREKA SPRINGS SCHOOL DISTRICT,AR,640
0506060,CAMDEN FAIRVIEW SCHOOL DISTRICT,AR,1995
0506090,FARMINGTON SCHOOL DISTRICT,AR,2987
0506120,FAYETTEVILLE SCHOOL DISTRICT,AR,10291
0506150,FLIPPIN SCHOOL DISTRICT,AR,805
0506210,FORDYCE SCHOOL DISTRICT,AR,659
0506240,FOREMAN SCHOOL DISTRICT,AR,487
0506270,FORREST CITY SCHOOL DISTRICT,AR,2078
0506330,FORT SMITH SCHOOL DISTRICT,AR,14045
0506360,FOUKE SCHOOL DISTRICT,AR,1107
0506420,FOUNTAIN LAKE SCHOOL DISTRICT,AR,1248
0506540,GENTRY SCHOOL DISTRICT,AR,1753
0506630,GLEN ROSE SCHOOL DISTRICT,AR,975
0506690,CENTERPOINT SCHOOL DISTRICT,AR,1005
0506840,GRAVETTE SCHOOL DISTRICT,AR,2133
0506870,GREEN FOREST SCHOOL DISTRICT,AR,1425
0506900,GREENBRIER SCHOOL DISTRICT,AR,3858
0506930,GREENLAND SCHOOL DISTRICT,AR,747
0506990,GREENWOOD SCHOOL DISTRICT,AR,3930
0507110,GURDON SCHOOL DISTRICT,AR,617
0507140,GUY PERKINS SCHOOL DISTRICT,AR,402
0507170,HACKETT SCHOOL DISTRICT,AR,824
0507230,HAMPTON SCHOOL DISTRICT,AR,500
0507290,HARMONY GROVE SCHOOL DISTRICT (Ouachita),AR,827
0507320,HARMONY GROVE SCHOOL DISTRICT (Saline),AR,1269
0507350,HARRISBURG SCHOOL DISTRICT,AR,1070
0507380,HARRISON SCHOOL DISTRICT,AR,2739
0507530,HAZEN SCHOOL DISTRICT,AR,544
0507560,HEBER SPRINGS SCHOOL DISTRICT,AR,1617
0507620,HECTOR SCHOOL DISTRICT,AR,695
0507680,HELENA WEST HELENA SCHOOL DISTRICT,AR,978
0507710,HERMITAGE SCHOOL DISTRICT,AR,425
0507770,HIGHLAND SCHOOL DISTRICT,AR,1499
0507840,HOPE SCHOOL DISTRICT,AR,2212
0507860,HORATIO SCHOOL DISTRICT,AR,648
0507890,HOT SPRINGS SCHOOL DISTRICT,AR,3576
0507920,JESSIEVILLE SCHOOL DISTRICT,AR,791
0507990,HOXIE SCHOOL DISTRICT,AR,860
0508040,WEST MEMPHIS SCHOOL DISTRICT,AR,4511
0508130,HUNTSVILLE SCHOOL DISTRICT,AR,2287
0508240,JASPER SCHOOL DISTRICT,AR,884
0508280,JONESBORO SCHOOL DISTRICT,AR,6762
0508340,JUNCTION CITY SCHOOL DISTRICT,AR,673
0508400,RIVERVIEW SCHOOL DISTRICT,AR,1120
0508490,KIRBY SCHOOL DISTRICT,AR,392
0508610,LAKE HAMILTON SCHOOL DISTRICT,AR,3945
0508640,LAKESIDE SCHOOL DISTRICT (Chicot),AR,842
0508670,LAKESIDE SCHOOL DISTRICT (Garland),AR,3538
0508700,LAMAR SCHOOL DISTRICT,AR,1254
0508730,LAVACA SCHOOL DISTRICT,AR,801
0508940,LINCOLN SCHOOL DISTRICT,AR,1095
0509000,LITTLE ROCK SCHOOL DISTRICT,AR,21086
0509060,LONOKE SCHOOL DISTRICT,AR,1524
0509150,MAGAZINE SCHOOL DISTRICT,AR,524
0509190,MAGNET COVE SCHOOL DISTRICT,AR,675
0509240,MALVERN SCHOOL DISTRICT,AR,1876
0509270,MAMMOTH SPRING SCHOOL DISTRICT,AR,472
0509330,MANSFIELD SCHOOL DISTRICT,AR,751
0509360,LEE COUNTY SCHOOL DISTRICT,AR,698
0509390,MARION SCHOOL DISTRICT,AR,3888
0509420,MARKED TREE SCHOOL DISTRICT,AR,537
0509480,SEARCY COUNTY SCHOOL DISTRICT,AR,807
0509510,MARVELL ELAINE SCHOOL DISTRICT,AR,220
0509540,MAYFLOWER SCHOOL DISTRICT,AR,1015
0509570,MAYNARD SCHOOL DISTRICT,AR,594
0509600,MCCRORY SCHOOL DISTRICT,AR,581
0509630,MCGEHEE SCHOOL DISTRICT,AR,1121
0509720,MELBOURNE SCHOOL DISTRICT,AR,839
0509750,MENA SCHOOL DISTRICT,AR,1703
0509780,MINERAL SPRINGS SCHOOL DISTRICT,AR,401
0509840,MONTICELLO SCHOOL DISTRICT,AR,1602
0509990,MOUNT IDA SCHOOL DISTRICT,AR,420
0510080,MOUNT VERNON ENOLA SCHOOL DISTRICT,AR,527
0510170,MOUNTAIN PINE SCHOOL DISTRICT,AR,605
0510200,MOUNTAIN VIEW SCHOOL DISTRICT,AR,1569
0510260,MOUNTAINBURG SCHOOL DISTRICT,AR,655
0510290,MULBERRY PLEASANT VIEW BI COUNTY SCHOOL DISTRICT,AR,442
0510320,SOUTH PIKE COUNTY SCHOOL DISTRICT,AR,696
0510380,NASHVILLE SCHOOL DISTRICT,AR,1786
0510410,NEMO VISTA SCHOOL DISTRICT,AR,513
0510440,NETTLETON SCHOOL DISTRICT,AR,3910
0510560,NORFORK SCHOOL DISTRICT,AR,469
0510680,NORTH LITTLE ROCK SCHOOL DISTRICT,AR,7711
0510920,OMAHA SCHOOL DISTRICT,AR,418
0510950,OSCEOLA SCHOOL DISTRICT,AR,872
0510980,OUACHITA SCHOOL DISTRICT,AR,523
0511010,OZARK SCHOOL DISTRICT,AR,1673
0511070,PANGBURN SCHOOL DISTRICT,AR,727
0511130,PARIS SCHOOL DISTRICT,AR,1000
0511220,PARKERS CHAPEL SCHOOL DISTRICT,AR,847
0511340,PERRYVILLE SCHOOL DISTRICT,AR,891
0511370,PIGGOTT SCHOOL DISTRICT,AR,814
0511610,POCAHONTAS SCHOOL DISTRICT,AR,1971
0511700,POTTSVILLE SCHOOL DISTRICT,AR,1838
0511730,POYEN SCHOOL DISTRICT,AR,557
0511760,PRAIRIE GROVE SCHOOL DISTRICT,AR,2259
0511820,PRESCOTT SCHOOL DISTRICT,AR,901
0511850,PULASKI COUNTY SPECIAL SCHOOL DISTRICT,AR,12368
0511880,QUITMAN SCHOOL DISTRICT,AR,950
0511970,ROGERS SCHOOL DISTRICT,AR,15604
0512000,ROSE BUD SCHOOL DISTRICT,AR,707
0512060,RUSSELLVILLE SCHOOL DISTRICT,AR,5591
0512090,SALEM SCHOOL DISTRICT,AR,810
0512180,SCRANTON SCHOOL DISTRICT,AR,449
0512210,SEARCY SCHOOL DISTRICT,AR,3973
0512420,SHIRLEY SCHOOL DISTRICT,AR,279
0512450,SILOAM SPRINGS SCHOOL DISTRICT,AR,4702
0512480,SLOAN HENDRIX SCHOOL DISTRICT,AR,854
0512510,SMACKOVER NORPHLET SCHOOL DISTRICT,AR,1208
0512520,SOUTH CONWAY COUNTY SCHOOL DISTRICT,AR,2332
0512540,SOUTHSIDE SCHOOL DISTRICT (Independence),AR,2193
0512570,SOUTH SIDE SCHOOL DISTRICT (Van Buren),AR,518
0512630,SPRING HILL SCHOOL DISTRICT,AR,621
0512660,SPRINGDALE SCHOOL DISTRICT,AR,22685
0512930,STRONG HUTTIG SCHOOL DISTRICT,AR,284
0512960,STUTTGART SCHOOL DISTRICT,AR,1584
0513080,GREENE COUNTY TECH SCHOOL DISTRICT,AR,3550
0513110,TEXARKANA SCHOOL DISTRICT,AR,3830
0513230,JACKSON COUNTY SCHOOL DISTRICT,AR,945
0513350,VALLEY SPRINGS SCHOOL DISTRICT,AR,787
0513380,VALLEY VIEW SCHOOL DISTRICT,AR,2975
0513410,VAN BUREN SCHOOL DISTRICT,AR,5703
0513530,VILONIA SCHOOL DISTRICT,AR,2963
0513560,VIOLA SCHOOL DISTRICT,AR,378
0513680,WALDRON SCHOOL DISTRICT,AR,1493
0513930,WATSON CHAPEL SCHOOL DISTRICT,AR,1552
0514010,WEST FORK SCHOOL DISTRICT,AR,736
0514020,WESTSIDE SCHOOL DISTRICT (Johnson),AR,585
0514040,WEST SIDE SCHOOL DISTRICT (Cleburne),AR,497
0514140,WHITE HALL SCHOOL DISTRICT,AR,3046
0514370,WONDERVIEW SCHOOL DISTRICT,AR,468
0514400,WOODLAWN SCHOOL DISTRICT,AR,550
0514430,WYNNE SCHOOL DISTRICT,AR,2382
0514490,YELLVILLE SUMMIT SCHOOL DISTRICT,AR,1041
0600001,Acton-Agua Dulce Unified,CA,1056
0600006,Ross Valley Elementary,CA,1694
0600009,Cuyama Joint Unified,CA,164
0600011,Fort Sage Unified,CA,269
0600012,Twin Ridges Elementary,CA,105
0600013,Rocklin Unified,CA,11598
0600014,Hesperia Unified,CA,23209
0600015,Lucerne Valley Unified,CA,1181
0600016,Upland Unified,CA,9496
0600017,Apple Valley Unified,CA,13639
0600018,Mountain Valley Unified,CA,346
0600019,Dublin Unified,CA,12808
0600020,Pleasanton Unified,CA,13338
0600021,Sunol Glen Unified,CA,240
0600022,Mendota Unified,CA,3977
0600025,Manhattan Beach Unified,CA,5895
0600026,El Tejon Unified,CA,700
0600027,Lake Elsinore Unified,CA,20559
0600028,Temecula Valley Unified,CA,26298
0600029,Murrieta Valley Unified,CA,21712
0600031,Big Sur Unified,CA,12
0600032,Redondo Beach Unified,CA,9470
0600033,Dos Palos Oro Loma Joint Unified,CA,2254
0600034,Windsor Unified,CA,4692
0600035,Farmersville Unified,CA,2346
0600036,Natomas Unified,CA,14923
0600037,Ferndale Unified,CA,483
0600038,Mattole Unified,CA,42
0600039,Delhi Unified,CA,2276
0600040,Riverdale Joint Unified,CA,1426
0600042,Warner Unified,CA,204
0600043,Scotts Valley Unified,CA,2126
0600044,Healdsburg Unified,CA,1236
0600045,Orland Joint Unified,CA,2191
0600046,Gonzales Unified,CA,1962
0600047,Tracy Joint Unified,CA,13817
0600048,Paso Robles Joint Unified,CA,6284
0600049,Coast Unified,CA,478
0600051,Gridley Unified,CA,2002
0600052,Eureka City Schools,CA,3462
0600060,Hughson Unified,CA,2239
0600061,Riverbank Unified,CA,2960
0600062,Oakdale Joint Unified,CA,5118
0600063,Waterford Unified,CA,1725
0600064,Porterville Unified,CA,13893
0600065,Dinuba Unified,CA,6244
0600067,Caruthers Unified,CA,1689
0600068,Golden Valley Unified,CA,2997
0600069,Valley Center-Pauma Unified,CA,3636
0600116,Chawanakee Unified,CA,1409
0600153,Alhambra Unified,CA,14597
0600158,Turlock Unified,CA,13488
0600159,Scott Valley Unified,CA,604
0600160,Yosemite Unified,CA,1387
0601331,Trinity Alps Unified,CA,640
0601332,Twin Rivers Unified,CA,24849
0601339,Hamilton Unified,CA,708
0601409,Bishop Unified,CA,1910
0601410,Lammersville Joint Unified,CA,7949
0601414,Santa Barbara Unified,CA,12250
0601415,Washington Unified,CA,2340
0601418,Woodlake Unified,CA,2081
0601420,Fortuna Elementary,CA,1002
0601421,Santa Paula Unified,CA,4575
0601423,Exeter Unified,CA,2597
0601426,Bonsall Unified,CA,2281
0601427,Penn Valley Union Elementary,CA,535
0601428,Wiseburn Unified,CA,2538
0601442,Upper Lake Unified,CA,933
0601620,ABC Unified,CA,17612
0601650,Acalanes Union High,CA,5425
0601710,Adelanto Elementary,CA,7669
0601770,Alameda Unified,CA,9292
0601860,Albany City Unified,CA,3694
0601890,Alexander Valley Union Elementary,CA,111
0601950,Alisal Union,CA,7303
0601980,Allensworth Elementary,CA,118
0602010,Alpaugh Unified,CA,345
0602070,Alpine County Unified,CA,57
0602100,Alpine Union Elementary,CA,1441
0602160,Alta Loma Elementary,CA,5543
0602220,Alta Vista Elementary,CA,531
0602250,Alta-Dutch Flat Union Elementary,CA,99
0602310,Alum Rock Union Elementary,CA,7259
0602360,Alview-Dairyland Union Elementary,CA,399
0602430,Alvord Unified,CA,16466
0602450,Amador County Unified,CA,4036
0602571,Banta Unified,CA,202
0602610,Anaheim Elementary,CA,13838
0602630,Anaheim Union High,CA,26120
0602670,West Sonoma County Union High,CA,1570
0602700,Anderson Union High,CA,1581
0602730,Anderson Valley Unified,CA,382
0602760,Antelope Elementary,CA,788
0602820,Antelope Valley Union High,CA,21231
0602850,Antioch Unified,CA,15253
0602970,Arcadia Unified,CA,9073
0603000,Arcata Elementary,CA,472
0603030,Northern Humboldt Union High,CA,1627
0603060,Arcohe Union Elementary,CA,560
0603090,Arena Union Elementary,CA,239
0603180,Armona Union Elementary,CA,1155
0603270,Arvin Union,CA,2801
0603300,Atascadero Unified,CA,4357
0603420,Atwater Elementary,CA,4925
0603480,Auburn Union Elementary,CA,1384
0603600,Azusa Unified,CA,6045
0603610,Baker Valley Unified,CA,125
0603630,Bakersfield City,CA,28365
0603690,Baldwin Park Unified,CA,9346
0603720,Ballard Elementary,CA,113
0603750,Ballico-Cressey Elementary,CA,336
0603780,Bangor Union Elementary,CA,88
0603840,Banning Unified,CA,4237
0604020,Barstow Unified,CA,6128
0604080,Bass Lake Joint Union Elementary,CA,794
0604110,Bassett Unified,CA,2801
0604200,Bayshore Elementary,CA,342
0604230,Bear Valley Unified,CA,2176
0604260,Beardsley Elementary,CA,1989
0604290,Beaumont Unified,CA,12448
0604350,Bella Vista Elementary,CA,344
0604380,Bellevue Union,CA,1655
0604440,Bellflower Unified,CA,9633
0604500,Belleview Elementary,CA,149
0604530,Belmont-Redwood Shores Elementary,CA,3914
0604620,Benicia Unified,CA,4346
0604650,Bennett Valley Union Elementary,CA,889
0604740,Berkeley Unified,CA,9162
0604800,Berryessa Union Elementary,CA,5911
0604830,Beverly Hills Unified,CA,3079
0604860,Big Creek Elementary,CA,21
0604890,Big Lagoon Union Elementary,CA,15
0604950,Big Pine Unified,CA,151
0604980,Big Springs Union Elementary,CA,151
0605010,Big Valley Joint Unified,CA,114
0605040,Biggs Unified,CA,534
0605190,Bitterwater-Tully Elementary,CA,35
0605220,Black Butte Union Elementary,CA,235
0605240,Black Oak Mine Unified,CA,1238
0605250,Blake Elementary,CA,23
0605280,Blochman Union Elementary,CA,210
0605400,Blue Lake Union Elementary,CA,153
0605490,Bogus Elementary,CA,20
0605520,Bolinas-Stinson Union,CA,109
0605580,Santa Maria-Bonita,CA,17408
0605610,Bonita Unified,CA,9944
0605640,Bonny Doon Union Elementary,CA,92
0605700,Borrego Springs Unified,CA,344
0605730,Bradley Union Elementary,CA,54
0605790,Brawley Elementary,CA,3883
0605820,Brawley Union High,CA,2047
0605880,Brea-Olinda Unified,CA,5753
0605910,Brentwood Union,CA,10049
0605940,Bret Harte Union High,CA,605
0606000,Bridgeville Elementary,CA,39
0606030,Briggs Elementary,CA,457
0606060,Brisbane Elementary,CA,484
0606090,Brittan Elementary,CA,539
0606100,Browns Elementary,CA,143
0606270,Buckeye Union Elementary,CA,4153
0606330,Buellton Union Elementary,CA,545
0606360,Buena Park Elementary,CA,3685
0606390,Panama-Buena Vista Union,CA,19366
0606420,Buena Vista Elementary,CA,180
0606450,Burbank Unified,CA,14168
0606480,Burlingame Elementary,CA,3380
0606510,Burnt Ranch Elementary,CA,85
0606540,Burrel Union Elementary,CA,94
0606570,Burton Elementary,CA,4805
0606580,Butte Valley Unified,CA,313
0606690,Butteville Union Elementary,CA,162
0606720,Buttonwillow Union Elementary,CA,288
0606750,Byron Union Elementary,CA,1183
0606780,Cabrillo Unified,CA,2562
0606810,Cajon Valley Union,CA,15992
0606870,Calaveras Unified,CA,2858
0606900,Calexico Unified,CA,8022
0606960,Caliente Union Elementary,CA,44
0606990,Calipatria Unified,CA,1080
0607020,Calistoga Joint Unified,CA,768
0607140,Cambrian,CA,3120
0607170,Camino Union Elementary,CA,375
0607200,Campbell Union,CA,6120
0607230,Campbell Union High,CA,8514
0607260,Camptonville Elementary,CA,48
0607350,Canyon Elementary,CA,68
0607410,Capay Joint Union Elementary,CA,211
0607440,Capistrano Unified,CA,40358
0607470,Cardiff Elementary,CA,641
0607500,Carlsbad Unified,CA,10708
0607530,Carmel Unified,CA,2157
0607560,Carpinteria Unified,CA,1924
0607680,Cascade Union Elementary,CA,1014
0607740,Castaic Union,CA,1914
0607770,Castle Rock Union Elementary,CA,42
0607800,Castro Valley Unified,CA,9570
0607840,Cayucos Elementary,CA,185
0607900,Center Joint Unified,CA,4614
0607920,Centinela Valley Union High,CA,5370
0607950,Central Elementary,CA,4320
0607970,Central Unified,CA,15962
0607980,Central Union Elementary,CA,1508
0608010,Central Union High,CA,4070
0608070,Centralia Elementary,CA,3995
0608130,Ceres Unified,CA,13692
0608160,Chaffey Joint Union High,CA,22116
0608190,Charter Oak Unified,CA,4314
0608250,Chatom Union,CA,558
0608340,Chicago Park Elementary,CA,163
0608370,Chico Unified,CA,12266
0608460,Chino Valley Unified,CA,25579
0608520,Chowchilla Elementary,CA,2143
0608550,Chowchilla Union High,CA,1093
0608580,Chualar Union,CA,234
0608610,Chula Vista Elementary,CA,22245
0608640,Cienega Union Elementary,CA,21
0608700,Cinnabar Elementary,CA,177
0608760,Claremont Unified,CA,6133
0608850,Clay Joint Elementary,CA,246
0608880,Clear Creek Elementary,CA,173
0608970,Cloverdale Unified,CA,1303
0609030,Clovis Unified,CA,43669
0609070,Coachella Valley Unified,CA,15817
0609120,Coalinga-Huron Unified,CA,4418
0609240,Coffee Creek Elementary,CA,7
0609270,Cold Spring Elementary,CA,188
0609300,Colfax Elementary,CA,345
0609330,College Elementary,CA,175
0609390,Colton Joint Unified,CA,18414
0609450,Columbia Elementary,CA,759
0609480,Columbia Union,CA,466
0609510,Columbine Elementary,CA,172
0609570,Colusa Unified,CA,1470
0609620,Compton Unified,CA,16436
0609640,Conejo Valley Unified,CA,15724
0609665,Leggett Valley Unified,CA,111
0609690,Corcoran Joint Unified,CA,3176
0609780,Corning Union Elementary,CA,1976
0609810,Corning Union High,CA,1070
0609850,Corona-Norco Unified,CA,49487
0609870,Coronado Unified,CA,2763
0609940,Cotati-Rohnert Park Unified,CA,6357
0609990,Cottonwood Union Elementary,CA,917
0610050,Covina-Valley Unified,CA,11055
0610230,Cuddeback Union Elementary,CA,157
0610260,Culver City Unified,CA,6595
0610290,Cupertino Union,CA,13533
0610320,Curtis Creek Elementary,CA,410
0610350,Cutler-Orosi Joint Unified,CA,3815
0610380,Cutten Elementary,CA,548
0610440,Cypress Elementary,CA,3272
0610620,Davis Joint Unified,CA,8246
0610680,Death Valley Unified,CA,21
0610710,Dehesa Elementary,CA,401
0610740,Del Mar Union Elementary,CA,3497
0610770,Del Norte County Unified,CA,3378
0610860,Delano Joint Union High,CA,4004
0610890,Delano Union Elementary,CA,6185
0610980,Delphic Elementary,CA,61
0611040,Denair Unified,CA,1301
0611100,Desert Center Unified,CA,29
0611110,Desert Sands Unified,CA,25615
0611130,Di Giorgio Elementary,CA,231
0611220,Miller Creek Elementary,CA,1755
0611280,Dixon Unified,CA,2989
0611430,Douglas City Elementary,CA,162
0611460,Downey Unified,CA,22462
0611490,Dry Creek Joint Elementary,CA,6801
0611520,Duarte Unified,CA,2980
0611550,Ducor Union Elementary,CA,136
0611610,Dunham Elementary,CA,175
0611670,Dunsmuir Elementary,CA,65
0611700,Dunsmuir Joint Union High,CA,61
0611730,Durham Unified,CA,1048
0611760,Earlimart Elementary,CA,1383
0611780,East Nicolaus Joint Union High,CA,308
0611820,East Side Union High,CA,20001
0611850,East Whittier City Elementary,CA,7524
0611870,Eastern Sierra Unified,CA,348
0611910,Eastside Union Elementary,CA,3032
0611940,Edison Elementary,CA,1106
0612030,El Centro Elementary,CA,5157
0612070,El Dorado Union High,CA,6439
0612090,El Monte City,CA,6927
0612120,El Monte Union High,CA,7295
0612150,El Nido Elementary,CA,156
0612180,El Rancho Unified,CA,6878
0612210,El Segundo Unified,CA,3472
0612330,Elk Grove Unified,CA,63421
0612360,Elk Hills Elementary,CA,159
0612600,Elverta Joint Elementary,CA,218
0612630,Emery Unified,CA,590
0612690,Empire Union Elementary,CA,2803
0612750,Encinitas Union Elementary,CA,4298
0612810,Enterprise Elementary,CA,3670
0612840,Escalon Unified,CA,2676
0612880,Escondido Union,CA,13922
0612910,Escondido Union High,CA,6334
0612930,Esparto Unified,CA,994
0612960,Etiwanda Elementary,CA,13676
0613080,Eureka Union,CA,3459
0613140,Evergreen Elementary,CA,8474
0613170,Evergreen Union,CA,1232
0613290,Fairfax Elementary,CA,2667
0613360,Fairfield-Suisun Unified,CA,20359
0613470,Fall River Joint Unified,CA,1156
0613500,Fallbrook Union Elementary,CA,5042
0613530,Fallbrook Union High,CA,1999
0613740,Fieldbrook Elementary,CA,90
0613800,Fillmore Unified,CA,3686
0613840,Firebaugh-Las Deltas Unified,CA,2232
0613860,Flournoy Union Elementary,CA,32
0613890,Folsom-Cordova Unified,CA,21780
0613920,Fontana Unified,CA,32794
0613980,Foresthill Union Elementary,CA,470
0614010,Forestville Union Elementary,CA,224
0614070,Fort Bragg Unified,CA,1669
0614130,Fort Ross Elementary,CA,20
0614190,Fortuna Union High,CA,1046
0614220,Fountain Valley Elementary,CA,6022
0614250,Fowler Unified,CA,2563
0614340,Franklin Elementary,CA,505
0614370,Franklin-McKinley Elementary,CA,5675
0614400,Fremont Unified,CA,33134
0614430,Fremont Union High,CA,9457
0614490,French Gulch-Whiskeytown Elementary,CA,18
0614520,Freshwater Elementary,CA,334
0614550,Fresno Unified,CA,68131
0614700,Fruitvale Elementary,CA,3069
0614730,Fullerton Elementary,CA,11262
0614760,Fullerton Joint Union High,CA,12631
0614790,Galt Joint Union Elementary,CA,3452
0614820,Galt Joint Union High,CA,1943
0614880,Garden Grove Unified,CA,37009
0614910,Garfield Elementary,CA,73
0614940,Garvey Elementary,CA,4240
0614950,Gateway Unified,CA,2144
0614970,Gazelle Union Elementary,CA,34
0615000,General Shafter Elementary,CA,169
0615090,Gerber Union Elementary,CA,400
0615150,Geyserville Unified,CA,194
0615180,Gilroy Unified,CA,10181
0615240,Glendale Unified,CA,25329
0615270,Glendora Unified,CA,6376
0615390,Gold Oak Union Elementary,CA,388
0615450,Gold Trail Union Elementary,CA,476
0615480,Golden Feather Union Elementary,CA,67
0615510,Goleta Union Elementary,CA,3395
0615600,Gorman Joint,CA,118
0615690,Grant Elementary,CA,600
0615780,Grass Valley Elementary,CA,1613
0615810,Gratton Elementary,CA,135
0615840,Gravenstein Union Elementary,CA,800
0615870,Graves Elementary,CA,32
0615990,Green Point Elementary,CA,3
0616050,Greenfield Union,CA,8860
0616080,Greenfield Union Elementary,CA,3322
0616110,Grenada Elementary,CA,210
0616230,Grossmont Union High,CA,16476
0616260,Guadalupe Union Elementary,CA,1323
0616300,Cucamonga Elementary,CA,2360
0616320,Guerneville Elementary,CA,185
0616323,Gustine Unified,CA,1627
0616325,Hacienda la Puente Unified,CA,15480
0616470,Hanford Elementary,CA,5463
0616500,Hanford Joint Union High,CA,4238
0616530,Happy Camp Union Elementary,CA,79
0616560,Happy Valley Elementary,CA,107
0616570,Happy Valley Union Elementary,CA,471
0616620,Harmony Union Elementary,CA,234
0616650,Hart-Ransom Union Elementary,CA,1225
0616680,Hawthorne,CA,6908
0616740,Hayward Unified,CA,17377
0616830,Heber Elementary,CA,1155
0616860,Helendale Elementary,CA,1085
0616920,Hemet Unified,CA,22891
0617040,Hermosa Beach City Elementary,CA,1415
0617190,Hillsborough City Elementary,CA,1241
0617220,Hilmar Unified,CA,2284
0617340,Hollister,CA,5909
0617430,Holtville Unified,CA,1574
0617490,Hope Elementary,CA,859
0617520,Hope Elementary,CA,237
0617580,Horicon Elementary,CA,69
0617620,Hornbrook Elementary,CA,33
0617640,Hot Springs Elementary,CA,10
0617760,Howell Mountain Elementary,CA,85
0617850,Hueneme Elementary,CA,6685
0617880,Hughes-Elizabeth Lakes Union Elementary,CA,195
0618030,Huntington Beach City Elementary,CA,4562
0618060,Huntington Beach Union High,CA,13982
0618120,Hydesville Elementary,CA,220
0618160,Igo Ono Platina Union Elementary,CA,36
0618210,Imperial Unified,CA,4795
0618240,Indian Diggings Elementary,CA,12
0618390,Inglewood Unified,CA,6547
0618660,Jacoby Creek Elementary,CA,455
0618690,Jamestown Elementary,CA,440
0618730,Jamul-Dulzura Union Elementary,CA,601
0618780,Janesville Union Elementary,CA,313
0618810,Jefferson Elementary,CA,4
0618840,Jefferson Elementary,CA,3127
0618870,Jefferson Elementary,CA,4952
0618930,Jefferson Union High,CA,3715
0618990,John Swett Unified,CA,1198
0619050,Johnstonville Elementary,CA,211
0619110,Julian Union High,CA,112
0619140,Julian Union Elementary,CA,300
0619170,Junction City Elementary,CA,65
0619200,Junction Elementary,CA,417
0619230,Junction Elementary,CA,34
0619260,Jurupa Unified,CA,17815
0619320,Kelseyville Unified,CA,1820
0619380,Kentfield Elementary,CA,1019
0619410,Kenwood,CA,124
0619440,Keppel Union Elementary,CA,2559
0619490,Kerman Unified,CA,5273
0619540,Kern High,CA,43237
0619590,Kernville Union Elementary,CA,764
0619620,Keyes Union,CA,1065
0619650,South Monterey County Joint Union High,CA,2666
0619680,King City Union,CA,2554
0619700,Kings Canyon Joint Unified,CA,9696
0619740,Kings River Union Elementary,CA,389
0619830,Kingsburg Joint Union High,CA,1199
0619860,Kirkwood Elementary,CA,105
0619890,Kit Carson Union Elementary,CA,405
0619920,Klamath River Union Elementary,CA,5
0619950,Klamath-Trinity Joint Unified,CA,951
0619980,Kneeland Elementary,CA,24
0620010,Knights Ferry Elementary,CA,106
0620040,Knightsen Elementary,CA,648
0620070,Konocti Unified,CA,3986
0620130,La Canada Unified,CA,3988
0620190,La Habra City Elementary,CA,4244
0620220,La Honda-Pescadero Unified,CA,272
0620250,La Mesa-Spring Valley,CA,10460
0620310,Lafayette Elementary,CA,3235
0620370,Laguna Beach Unified,CA,2291
0620430,Laguna Joint Elementary,CA,9
0620460,Pacifica,CA,2652
0620490,Lagunita Elementary,CA,62
0620520,Lagunitas Elementary,CA,161
0620610,Lake Elementary,CA,196
0620640,Lake Tahoe Unified,CA,3528
0620670,Lakeport Unified,CA,1362
0620700,Lakeside Joint,CA,64
0620730,Lakeside Union,CA,1695
0620760,Lakeside Union Elementary,CA,238
0620790,Lakeside Union Elementary,CA,4515
0620850,Lamont Elementary,CA,2561
0620880,Lancaster Elementary,CA,13769
0620910,Larkspur-Corte Madera,CA,1169
0621000,Las Virgenes Unified,CA,9767
0621060,Lassen Union High,CA,836
0621090,Lassen View Union Elementary,CA,355
0621150,Laton Joint Unified,CA,603
0621180,Latrobe,CA,132
0621210,Lawndale Elementary,CA,4324
0621240,Le Grand Union Elementary,CA,344
0621270,Le Grand Union High,CA,504
0621330,Lemon Grove,CA,3053
0621360,Lemoore Union Elementary,CA,3186
0621400,Lemoore Union High,CA,1889
0621420,Lennox,CA,3941
0621450,Richland Union Elementary,CA,2410
0621480,Lewiston Elementary,CA,68
0621540,Liberty Elementary,CA,218
0621570,Liberty Elementary,CA,861
0621600,Liberty Union High,CA,8228
0621690,Lincoln Unified,CA,8744
0621810,Linden Unified,CA,2339
0621870,Lindsay Unified,CA,3928
0621900,Linns Valley-Poso Flat Union,CA,22
0621930,Little Lake City Elementary,CA,3535
0621960,Little Shasta Elementary,CA,18
0621990,Live Oak Elementary,CA,1669
0622050,Live Oak Unified,CA,2070
0622110,Livermore Valley Joint Unified,CA,12968
0622170,Livingston Union,CA,2550
0622230,Lodi Unified,CA,27109
0622320,Loleta Union Elementary,CA,82
0622350,Loma Prieta Joint Union Elementary,CA,425
0622380,Las Lomitas Elementary,CA,1138
0622410,Lompoc Unified,CA,8898
0622440,Lone Pine Unified,CA,283
0622500,Long Beach Unified,CA,62644
0622560,Loomis Union Elementary,CA,2831
0622590,Los Alamitos Unified,CA,8740
0622650,Los Altos Elementary,CA,3370
0622710,Los Angeles Unified,CA,408026
0622740,Los Banos Unified,CA,11041
0622800,Los Gatos-Saratoga Union High,CA,3084
0622830,Los Gatos Union Elementary,CA,2776
0622860,Los Molinos Unified,CA,549
0622890,Los Nietos,CA,1210
0622920,Los Olivos Elementary,CA,159
0622950,Lost Hills Union Elementary,CA,291
0623010,Lowell Joint,CA,2980
0623040,Lucerne Elementary,CA,282
0623080,Lucia Mar Unified,CA,9591
0623130,Luther Burbank,CA,426
0623160,Lynwood Unified,CA,10900
0623340,Madera Unified,CA,19935
0623430,Magnolia Elementary,CA,4767
0623460,Magnolia Union Elementary,CA,128
0623530,Mammoth Unified,CA,1087
0623550,Manchester Union Elementary,CA,34
0623610,Manteca Unified,CA,25248
0623700,Manzanita Elementary,CA,306
0623730,Maple Creek Elementary,CA,10
0623760,Maple Elementary,CA,287
0623800,Marcum-Illinois Union Elementary,CA,179
0623820,Maricopa Unified,CA,276
0623940,Mariposa County Unified,CA,1685
0623970,Mark Twain Union Elementary,CA,737
0624000,Mark West Union Elementary,CA,1368
0624030,Martinez Unified,CA,3787
0624090,Marysville Joint Unified,CA,10446
0624150,Maxwell Unified,CA,331
0624180,McCabe Union Elementary,CA,1109
0624210,McCloud Union Elementary,CA,54
0624230,McFarland Unified,CA,3282
0624300,McKinleyville Union Elementary,CA,840
0624330,McKittrick Elementary,CA,61
0624360,McSwain Union Elementary,CA,912
0624390,Meadows Union,CA,352
0624480,Mendocino Unified,CA,428
0624500,Milpitas Unified,CA,10086
0624540,Menifee Union,CA,12253
0624570,Menlo Park City Elementary,CA,2685
0624600,Merced City Elementary,CA,11108
0624630,Merced River Union Elementary,CA,295
0624660,Merced Union High,CA,11062
0624690,Meridian Elementary,CA,78
0624720,Mesa Union Elementary,CA,597
0624750,Middletown Unified,CA,1453
0624780,Midway Elementary,CA,65
0624870,Mill Valley Elementary,CA,2313
0624900,Millbrae Elementary,CA,2107
0624930,Millville Elementary,CA,208
0625110,Mission Union Elementary,CA,130
0625130,Modesto City Elementary,CA,14461
0625150,Modesto City High,CA,15443
0625190,Modoc Joint Unified,CA,766
0625230,Mojave Unified,CA,2904
0625320,Monrovia Unified,CA,4920
0625350,Monson-Sultana Joint Union Elementary,CA,440
0625380,Montague Elementary,CA,178
0625410,Monte Rio Union Elementary,CA,68
0625470,Montebello Unified,CA,19195
0625500,Montecito Union Elementary,CA,353
0625530,Monterey Peninsula Unified,CA,9350
0625650,Montgomery Elementary,CA,23
0625690,Moorpark Unified,CA,5605
0625740,Moraga Elementary,CA,1805
0625770,Moreland,CA,3796
0625800,Moreno Valley Unified,CA,30926
0625830,Morgan Hill Unified,CA,7829
0625860,Morongo Unified,CA,7225
0625980,Mother Lode Union Elementary,CA,843
0626040,Mt. Shasta Union Elementary,CA,469
0626070,Mountain Elementary,CA,143
0626100,Mountain Empire Unified,CA,1743
0626130,Mountain House Elementary,CA,14
0626190,Mountain View Elementary,CA,4463
0626220,Mountain View Elementary,CA,3318
0626280,Mountain View Whisman,CA,4644
0626310,Mountain View-Los Altos Union High,CA,4459
0626340,Mt. Baldy Joint Elementary,CA,20
0626370,Mt. Diablo Unified,CA,29494
0626400,Mount Pleasant Elementary,CA,1516
0626430,Mulberry Elementary,CA,61
0626460,Mupu Elementary,CA,175
0626490,Muroc Joint Unified,CA,1803
0626640,Napa Valley Unified,CA,16103
0626670,National Elementary,CA,3967
0626760,Needles Unified,CA,921
0626820,Nevada City Elementary,CA,691
0626880,Nevada Joint Union High,CA,2574
0626910,New Haven Unified,CA,10069
0626970,New Hope Elementary,CA,164
0627030,New Jerusalem Elementary,CA,1680
0627040,Mountain Union Elementary,CA,70
0627060,Newark Unified,CA,4666
0627120,Newcastle Elementary,CA,500
0627180,Newhall,CA,6022
0627200,Newman-Crows Landing Unified,CA,3085
0627240,Newport-Mesa Unified,CA,17635
0627300,Nicasio,CA,34
0627450,Norris Elementary,CA,4153
0627480,North County Joint Union Elementary,CA,762
0627510,North Cow Creek Elementary,CA,270
0627590,North Monterey County Unified,CA,4290
0627690,Norwalk-La Mirada Unified,CA,14577
0627720,Novato Unified,CA,7247
0627750,Nuestro Elementary,CA,170
0627780,Nuview Union,CA,2224
0627810,Oak Grove Elementary,CA,8578
0627840,Oak Grove Union Elementary,CA,803
0627850,Oak Park Unified,CA,4437
0627870,Oak Run Elementary,CA,26
0627900,Oak Valley Union Elementary,CA,562
0627930,Oak View Union Elementary,CA,365
0628050,Oakland Unified,CA,33838
0628080,Oakley Union Elementary,CA,5131
0628140,Ocean View,CA,6658
0628170,Ocean View,CA,2077
0628250,Oceanside Unified,CA,14890
0628270,Ojai Unified,CA,2009
0628320,Old Adobe Union,CA,1737
0628470,Ontario-Montclair,CA,17695
0628530,Orange Center,CA,261
0628650,Orange Unified,CA,23823
0628680,Orchard Elementary,CA,741
0628710,Orcutt Union Elementary,CA,4911
0628830,Orick Elementary,CA,8
0628860,Orinda Union,CA,2594
0628950,Oro Grande,CA,91
0629100,Oroville City Elementary,CA,1950
0629130,Oroville Union High,CA,2230
0629160,Outside Creek Elementary,CA,125
0629190,Owens Valley Unified,CA,99
0629220,Oxnard,CA,13003
0629270,Oxnard Union High,CA,16039
0629280,Pacheco Union Elementary,CA,711
0629340,Pacific Elementary,CA,173
0629370,Pacific Grove Unified,CA,1749
0629400,Pacific Union Elementary,CA,328
0629430,Pacific Union Elementary,CA,534
0629490,Pajaro Valley Unified,CA,16588
0629540,Palermo Union Elementary,CA,1343
0629550,Palm Springs Unified,CA,20008
0629580,Palmdale Elementary,CA,17941
0629610,Palo Alto Unified,CA,10209
0629640,Palo Verde Unified,CA,2610
0629670,Palo Verde Union Elementary,CA,511
0629700,Palos Verdes Peninsula Unified,CA,10177
0629770,Panoche Elementary,CA,7
0629790,Paradise Elementary,CA,177
0629820,Paradise Unified,CA,1733
0629850,Paramount Unified,CA,11648
0629910,Parlier Unified,CA,3206
0629940,Pasadena Unified,CA,13757
0630030,Patterson Joint Unified,CA,6070
0630090,Peninsula Union,CA,66
0630180,Perris Elementary,CA,5522
0630210,Perris Union High,CA,11832
0630230,Petaluma City Elementary,CA,2184
0630250,Petaluma Joint Union High,CA,4961
0630330,Piedmont City Unified,CA,2455
0630360,Pierce Joint Unified,CA,1447
0630390,Pine Ridge Elementary,CA,67
0630450,Piner-Olivet Union Elementary,CA,270
0630480,Pioneer Union,CA,292
0630520,Pioneer Union Elementary,CA,41
0630600,Pittsburg Unified,CA,10666
0630630,Pixley Union Elementary,CA,827
0630660,Placentia-Yorba Linda Unified,CA,22698
0630720,Placer Hills Union Elementary,CA,756
0630750,Placer Union High,CA,3822
0630780,Placerville Union Elementary,CA,1204
0630810,Plainsburg Union Elementary,CA,113
0630840,Planada Elementary,CA,888
0630870,Plaza Elementary,CA,215
0630900,Pleasant Grove Joint Union,CA,161
0630930,Pleasant Ridge Union Elementary,CA,1443
0630990,Pleasant Valley,CA,5835
0631020,Pleasant Valley Joint Union Elementary,CA,58
0631050,Pleasant View Elementary,CA,449
0631170,Plumas Unified,CA,1671
0631180,Plumas Lake Elementary,CA,1686
0631230,Point Arena Joint Union High,CA,139
0631290,Pollock Pines Elementary,CA,587
0631320,Pomona Unified,CA,20475
0631350,Pond Union Elementary,CA,175
0631380,Pope Valley Union Elementary,CA,46
0631400,Potter Valley Community Unified,CA,262
0631470,Portola Valley Elementary,CA,495
0631530,Poway Unified,CA,34405
0631620,Princeton Joint Unified,CA,126
0631680,Raisin City Elementary,CA,255
0631710,Ramona City Unified,CA,4949
0631740,Rancho Santa Fe Elementary,CA,505
0631830,Ravendale-Termo Elementary,CA,3
0631860,Ravenswood City Elementary,CA,1449
0631920,Raymond-Knowles Union Elementary,CA,88
0631980,Red Bluff Union Elementary,CA,1809
0632010,Red Bluff Joint Union High,CA,1690
0632040,Redding Elementary,CA,3021
0632070,Redlands Unified,CA,19310
0632130,Redwood City Elementary,CA,6394
0632160,Reed Union Elementary,CA,1043
0632250,Reeds Creek Elementary,CA,195
0632270,Reef-Sunset Unified,CA,2663
0632310,Rescue Union Elementary,CA,3549
0632340,Kashia Elementary,CA,8
0632370,Rialto Unified,CA,23073
0632400,Richfield Elementary,CA,253
0632430,Richgrove Elementary,CA,477
0632520,Richmond Elementary,CA,192
0632550,West Contra Costa Unified,CA,25244
0632610,Rim of the World Unified,CA,2877
0632640,Rincon Valley Union Elementary,CA,3091
0632710,Rio Bravo-Greeley Union Elementary,CA,1057
0632730,Rio Dell Elementary,CA,314
0632760,Rio Elementary,CA,5251
0632880,Ripon Unified,CA,3381
0633110,River Delta Joint Unified,CA,1714
0633150,Riverside Unified,CA,38033
0633210,Roberts Ferry Union Elementary,CA,199
0633240,Robla Elementary,CA,1894
0633270,Rockford Elementary,CA,301
0633390,Romoland Elementary,CA,4800
0633480,Rosedale Union Elementary,CA,6203
0633510,Roseland,CA,1588
0633570,Rosemead Elementary,CA,2322
0633600,Roseville City Elementary,CA,12324
0633630,Roseville Joint Union High,CA,11002
0633660,Ross Elementary,CA,340
0633690,Round Valley Joint Elementary,CA,68
0633720,Round Valley Unified,CA,447
0633750,Rowland Unified,CA,11558
0633840,Sacramento City Unified,CA,37913
0633860,Saddleback Valley Unified,CA,22691
0633900,Salida Union Elementary,CA,2041
0633930,Salinas City Elementary,CA,8236
0633980,Salinas Union High,CA,15813
0634050,San Antonio Union Elementary,CA,134
0634080,San Ardo Union Elementary,CA,76
0634140,San Benito High,CA,3390
0634170,San Bernardino City Unified,CA,44192
0634230,San Bruno Park Elementary,CA,2003
0634290,San Carlos Elementary,CA,2877
0634320,San Diego Unified,CA,95175
0634380,San Dieguito Union High,CA,12055
0634410,San Francisco Unified,CA,48902
0634425,San Gabriel Unified,CA,4492
0634440,San Jacinto Unified,CA,10280
0634590,San Jose Unified,CA,24453
0634620,San Juan Unified,CA,39446
0634680,San Leandro Unified,CA,8866
0634710,San Lorenzo Unified,CA,7957
0634740,San Lorenzo Valley Unified,CA,2238
0634770,San Lucas Union Elementary,CA,72
0634800,San Luis Coastal Unified,CA,7654
0634860,San Marino Unified,CA,3087
0634880,San Marcos Unified,CA,18860
0634920,San Mateo-Foster City,CA,9926
0634980,San Mateo Union High,CA,8775
0635010,San Miguel Joint Union,CA,668
0635040,San Pasqual Union Elementary,CA,548
0635070,San Pasqual Valley Unified,CA,577
0635090,San Rafael City Elementary,CA,4439
0635110,San Rafael City High,CA,2706
0635130,San Ramon Valley Unified,CA,28615
0635220,San Ysidro Elementary,CA,4144
0635250,Sanger Unified,CA,13313
0635310,Santa Ana Unified,CA,36036
0635430,Santa Clara Unified,CA,14448
0635490,Santa Clara Elementary,CA,53
0635590,Santa Cruz City Elementary,CA,1758
0635600,Santa Cruz City High,CA,4467
0635670,Santa Maria Joint Union High,CA,8930
0635700,Santa Monica-Malibu Unified,CA,8623
0635790,Santa Rita Union Elementary,CA,3088
0635810,Santa Rosa Elementary,CA,4827
0635830,Santa Rosa High,CA,9546
0635850,Santa Ynez Valley Union High,CA,813
0635880,Santee,CA,6076
0635910,Saratoga Union Elementary,CA,1653
0635940,Saucelito Elementary,CA,75
0635970,Saugus Union,CA,9191
0636000,Sausalito Marin City,CA,265
0636030,Savanna Elementary,CA,1720
0636100,Scotia Union Elementary,CA,187
0636180,Sebastopol Union Elementary,CA,483
0636210,Seeley Union Elementary,CA,325
0636240,Seiad Elementary,CA,22
0636270,Selma Unified,CA,5914
0636330,Semitropic Elementary,CA,140
0636360,Sequoia Union Elementary,CA,388
0636390,Sequoia Union High,CA,8516
0636420,Shaffer Union Elementary,CA,246
0636450,Shandon Joint Unified,CA,268
0636570,Shasta Union Elementary,CA,100
0636600,Shasta Union High,CA,4200
0636660,Shiloh Elementary,CA,187
0636670,Shoreline Unified,CA,473
0636780,Sierra-Plumas Joint Unified,CA,414
0636800,Sierra Sands Unified,CA,4974
0636805,Sierra Unified,CA,1251
0636810,Silver Fork Elementary,CA,10
0636820,Silver Valley Unified,CA,2188
0636840,Simi Valley Unified,CA,15444
0636940,Siskiyou Union High,CA,476
0636960,Snelling-Merced Falls Union Elementary,CA,55
0636970,Snowline Joint Unified,CA,8085
0636972,Victor Valley Union High,CA,11560
0636990,Solana Beach Elementary,CA,2620
0637050,Soledad Unified,CA,4744
0637110,Solvang Elementary,CA,602
0637140,Somis Union,CA,270
0637200,Sonoma Valley Unified,CA,3049
0637230,Sonora Elementary,CA,643
0637260,Sonora Union High,CA,1000
0637290,Soquel Union Elementary,CA,1520
0637320,Soulsbyville Elementary,CA,499
0637350,South Bay Union Elementary,CA,374
0637380,South Bay Union,CA,5450
0637470,South Fork Union,CA,348
0637500,South Pasadena Unified,CA,4678
0637530,South San Francisco Unified,CA,7664
0637560,South Whittier Elementary,CA,2258
0637590,Southern Humboldt Joint Unified,CA,647
0637620,Southern Kern Unified,CA,3636
0637630,Southern Trinity Joint Unified,CA,71
0637650,Southside Elementary,CA,268
0637680,Spencer Valley Elementary,CA,41
0637710,Spreckels Union Elementary,CA,850
0637770,Springville Union Elementary,CA,335
0637830,Saint Helena Unified,CA,1105
0637890,Standard Elementary,CA,3193
0637950,Stanislaus Union Elementary,CA,3329
0638010,Stockton Unified,CA,33648
0638040,Stone Corral Elementary,CA,109
0638070,Stony Creek Joint Unified,CA,55
0638130,Strathmore Union Elementary,CA,702
0638220,Sulphur Springs Union,CA,5157
0638250,Summerville Elementary,CA,457
0638280,Summerville Union High,CA,644
0638340,Sundale Union Elementary,CA,840
0638430,Sunnyside Union Elementary,CA,311
0638460,Sunnyvale,CA,5764
0638520,Surprise Valley Joint Unified,CA,89
0638550,Susanville Elementary,CA,984
0638610,Sutter Union High,CA,760
0638640,Sweetwater Union High,CA,34282
0638670,Sylvan Union Elementary,CA,7977
0638700,Taft City,CA,2404
0638730,Taft Union High,CA,1149
0638770,Tahoe-Truckee Unified,CA,3959
0638790,Tamalpais Union High,CA,4542
0638880,Tehachapi Unified,CA,4156
0638980,Temple City Unified,CA,5298
0639000,Templeton Unified,CA,2215
0639060,Terra Bella Union Elementary,CA,717
0639180,Thermalito Union Elementary,CA,1515
0639210,Three Rivers Union Elementary,CA,93
0639300,Tipton Elementary,CA,485
0639420,Torrance Unified,CA,22023
0639600,Traver Joint Elementary,CA,235
0639630,Travis Unified,CA,5405
0639690,Tres Pinos Union Elementary,CA,61
0639720,Trinidad Union Elementary,CA,161
0639750,Trinity Center Elementary,CA,13
0639840,Trona Joint Unified,CA,258
0639870,Tulare City,CA,9294
0639930,Tulare Joint Union High,CA,5598
0639940,Tulelake Basin Joint Unified,CA,479
0640150,Tustin Unified,CA,21342
0640200,Twain Harte,CA,258
0640230,Twin Hills Union Elementary,CA,994
0640260,Two Rock Union,CA,135
0640300,Ukiah Unified,CA,5895
0640320,Union Elementary,CA,5379
0640380,Union Hill Elementary,CA,688
0640590,Vacaville Unified,CA,12717
0640650,Valle Lindo Elementary,CA,895
0640680,Vallecito Union,CA,597
0640710,Vallecitos Elementary,CA,195
0640740,Vallejo City Unified,CA,9653
0640800,Valley Home Joint Elementary,CA,191
0640980,Ventura Unified,CA,14379
0641040,Victor Elementary,CA,12320
0641130,Vineland Elementary,CA,638
0641160,Visalia Unified,CA,28809
0641190,Vista Unified,CA,18112
0641220,Vista del Mar Union,CA,65
0641250,Walnut Creek Elementary,CA,3603
0641280,Walnut Valley Unified,CA,14004
0641400,Wasco Union Elementary,CA,3474
0641430,Wasco Union High,CA,1782
0641460,Washington Colony Elementary,CA,414
0641580,Washington Unified,CA,7462
0641610,Washington Union Elementary,CA,756
0641790,Waugh Elementary,CA,790
0641820,Waukena Joint Union Elementary,CA,220
0641880,Weaver Union,CA,3047
0641980,Weed Union Elementary,CA,272
0642000,West Covina Unified,CA,7715
0642060,West Park Elementary,CA,451
0642120,Westside Union Elementary,CA,9078
0642140,Western Placer Unified,CA,8052
0642150,Westminster,CA,7870
0642180,Westmorland Union Elementary,CA,304
0642210,Westside Elementary,CA,135
0642270,West Side Union Elementary,CA,130
0642300,Westwood Unified,CA,182
0642330,Wheatland,CA,1359
0642350,Wheatland Union High,CA,1126
0642420,Whitmore Union Elementary,CA,64
0642450,Whittier City,CA,5291
0642480,Whittier Union High,CA,9846
0642510,William S. Hart Union High,CA,20493
0642540,Williams Unified,CA,1303
0642560,Willits Unified,CA,1534
0642580,Laytonville Unified,CA,315
0642600,Willow Creek Elementary,CA,44
0642630,Willow Grove Union Elementary,CA,21
0642710,Willows Unified,CA,1399
0642750,Wilmar Union Elementary,CA,236
0642810,Wilsona Elementary,CA,1271
0642900,Winship-Robbins,CA,112
0642930,Winters Joint Unified,CA,1636
0642960,Winton,CA,1807
0643080,Woodland Joint Unified,CA,9355
0643140,Woodside Elementary,CA,385
0643170,Woodville Union Elementary,CA,371
0643200,Wright Elementary,CA,1214
0643380,Yreka Union Elementary,CA,869
0643410,Yreka Union High,CA,650
0643470,Yuba City Unified,CA,11401
0643560,Yucaipa-Calimesa Joint Unified,CA,8524
0684500,Irvine Unified,CA,38028
0691001,Amador County Office of Education,CA,23
0691002,Butte County Office of Education,CA,374
0691003,Calaveras County Office of Education,CA,463
0691004,Colusa County Office of Education,CA,62
0691005,Contra Costa County Office of Education,CA,292
0691006,El Dorado County Office of Education,CA,825
0691007,Fresno County Office of Education,CA,735
0691008,Glenn County Office of Education,CA,352
0691009,Humboldt County Office of Education,CA,298
0691010,Imperial County Office of Education,CA,521
0691011,Inyo County Office of Education,CA,7
0691012,Kern County Office of Education,CA,1990
0691013,Kings County Office of Education,CA,399
0691014,Lake County Office of Education,CA,40
0691015,Lassen County Office of Education,CA,6
0691017,Madera County Superintendent of Schools,CA,648
0691018,Marin County Office of Education,CA,292
0691019,Mendocino County Office of Education,CA,43
0691020,Merced County Office of Education,CA,1894
0691021,Monterey County Office of Education,CA,733
0691022,Napa County Office of Education,CA,73
0691023,Nevada County Office of Education,CA,1200
0691024,Orange County Department of Education,CA,2290
0691025,Placer County Office of Education,CA,408
0691026,Riverside County Office of Education,CA,1481
0691027,Sacramento County Office of Education,CA,815
0691028,San Benito County Office of Education,CA,54
0691029,San Bernardino County Office of Education,CA,2367
0691030,San Diego County Office of Education,CA,1089
0691031,San Joaquin County Office of Education,CA,1972
0691032,San Luis Obispo County Office of Education,CA,345
0691033,San Mateo County Office of Education,CA,80
0691034,Santa Barbara County Office of Education,CA,107
0691035,Santa Clara County Office of Education,CA,1217
0691036,Santa Cruz County Office of Education,CA,1063
0691037,Shasta County Office of Education,CA,155
0691038,Siskiyou County Office of Education,CA,71
0691040,Sonoma County Office of Education,CA,278
0691041,Stanislaus County Office of Education,CA,781
0691042,Sutter County Office of Education,CA,382
0691043,Tehama County Department of Education,CA,156
0691044,Trinity County Office of Education,CA,4
0691045,Tulare County Office of Education,CA,1656
0691046,Tuolumne County Superintendent of Schools,CA,77
0691047,Ventura County Office of Education,CA,495
0691048,Yuba County Office of Education,CA,466
0691049,Yolo County Office of Education,CA,221
0691051,Alameda County Office of Education,CA,304
0691052,Mono County Office of Education,CA,209
0691058,Alpine County Office of Education,CA,4
0691063,Del Norte County Office of Education,CA,342
0691078,Los Angeles County Office of Education,CA,1541
0691090,Mariposa County Office of Education,CA,53
0691093,Modoc County Office of Education,CA,0
0691102,Plumas County Office of Education,CA,15
0691111,San Francisco County Office of Education,CA,269
0691120,Sierra County Office of Education,CA,0
0691122,Solano County Office of Education,CA,463
0691134,Golden Plains Unified,CA,1352
0691135,Val Verde Unified,CA,19080
0691136,Aromas - San Juan Unified,CA,965
0691137,Big Oak Flat-Groveland Unified,CA,268
0800001,Cheyenne County School District No. Re-5,CO,174
0800016,Yuma 1 School District,CO,802
0800017,Wray RD-2 School District,CO,731
0800018,Idalia RJ-3 School District,CO,150
0800019,Liberty J-4 School District,CO,76
0801920,Academy School District No. 20 in the county of El Paso an,CO,25607
0801950,School District N. 14 in the county of Adams & State of Colo,CO,5221
0801980,Agate School District No. 300,CO,85
0802010,Aguilar Reorganized School District No. 6,CO,127
0802040,Akron School District No. R-1,CO,411
0802070,Alamosa School District No. Re-11J,CO,2038
0802130,South Conejos School District No. Re10,CO,196
0802190,Archuleta County School District No. 50 Jt,CO,1588
0802220,Arickaree School District No. R-2,CO,82
0802260,Arriba-Flagler Consolidated School District No. 20,CO,186
0802280,Aspen School District No. 1 in the county of Pitkin and Sta,CO,1584
0802310,Weld County School District No. Re-9,CO,976
0802340,Aurora Joint District No. 28 of the counties of Adams and A,CO,38702
0802370,Platte Canyon School District No. 1 of  the county of Park,CO,688
0802400,Bayfield School District No. 10Jt-R,CO,1183
0802430,Bennett School District No. 29J,CO,1793
0802460,Bethune School District No. R- 5,CO,99
0802490,Boulder Valley School District No. Re2,CO,27988
0802520,Branson Reorganized School District No. 82,CO,465
0802550,School District No. Re-10 in the county of Weld and State o,CO,172
0802580,School District 27J,CO,24046
0802610,School District No. Re-2 Brush,CO,1420
0802640,Buena Vista School District No. R-31,CO,925
0802670,Burlington Public School District No. RE-6J,CO,742
0802700,Byers School District No. 32J,CO,6853
0802730,Calhan District No. RJ1,CO,414
0802760,Campo School District No. Re-6,CO,47
0802790,Fremont Re-1,CO,3191
0802850,Center Consolidated School District No. 26 Jt. of the count,CO,628
0802880,Cheraw School District No. 31 in the county of Otero and S,CO,209
0802910,Cherry Creek School District No. 5 in the county of Arapah,CO,51980
0802940,Cheyenne Mountain School District No. 12 in the county of E,CO,3745
0803000,Clear Creek School District No. Re-1,CO,634
0803030,Plateau Valley School District No. 50 in the county of Mesa,CO,303
0803060,Colorado Springs School District No. 11 in the county of E,CO,22227
0803090,Montezuma-Cortez School District No. Re-1,CO,2380
0803120,Fremont Re-3,CO,155
0803150,Creede School District,CO,92
0803180,Cripple Creek-Victor School District No. Re-1,CO,298
0803210,Crowley County School District No. Re-1-J,CO,330
0803240,De Beque Joint District No. 49 of the counties of Mesa and,CO,179
0803270,Deer Trail School District No. 26J,CO,327
0803300,Upper Rio Grande School District C-7,CO,360
0803330,Delta County Joint District No. 50,CO,4396
0803360,School District No. 1 in the county of Denver and State of C,CO,90471
0803390,Dolores School District No. Re-4A,CO,668
0803420,Dolores County School District RE-2J,CO,262
0803450,Douglas County School District No. Re 1,CO,61243
0803480,Durango School District No. 9-R,CO,4337
0803510,Kiowa County School District No. Re-1,CO,211
0803540,Eagle County School District No. Re 50,CO,6309
0803600,Weld County School District No. Re-2,CO,2000
0803630,Edison Joint District No. 54 of the counties of El Paso and,CO,56
0803690,Elbert School District No. 200,CO,277
0803720,ELIZABETH SCHOOL DISTRICT,CO,2282
0803750,Ellicott School District No. 22 in the county of El Paso a,CO,1009
0803780,Englewood School District No. 1 in the county of Arapahoe,CO,2406
0803810,Estes Park School District R-3,CO,882
0803840,Park County School District No. Re-2,CO,576
0803870,El Paso County Colorado School District 49,CO,25689
0803930,School District No. Re-3 Frenchman,CO,221
0803960,Fremont Re-2,CO,1294
0803990,Poudre School District R-1,CO,29381
0804020,Weld re-8 schools,CO,2503
0804050,School District No. Re-3 Fort Morgan,CO,3451
0804080,Fountain School District No. 8 in the county of El Paso an,CO,7955
0804110,Fowler School District No. R4J,CO,342
0804140,Sierra Grande School District No. R-30,CO,307
0804200,Weld County Reorganized School District No. Re-1,CO,1727
0804230,Gilpin County School District No. Re-1,CO,392
0804260,Roaring Fork School District No. Re-1,CO,5839
0804290,Granada School District No. Re-1,CO,210
0804320,East Grand School District No. 2,CO,1300
0804350,Mesa County Valley School District No. 51,CO,19753
0804380,Grand Valley School District No. 16 in the county of Garfi,CO,1212
0804410,GreeleySchool District No. 6 in the county of Weld and Sta,CO,22917
0804440,School District No. Re-12 in the county of Weld and State of,CO,61
0804470,Gunnison Watershed School District Re1J,CO,2095
0804500,Hanover School District No. 28 in the county of El Paso an,CO,264
0804530,Harrison School District No. 2 in the county of El Paso an,CO,11938
0804560,Haxtun School District No. Re-2J,CO,297
0804590,Hayden School District No. Re 1,CO,444
0804620,Hinsdale County School District No. Re-1,CO,75
0804650,Hoehne Reorganized School District No. 3,CO,271
0804680,Holly School District No. Re-3,CO,276
0804710,Holyoke School District No. Re-1J,CO,512
0804740,Genoa-Hugo School District No. C-113,CO,220
0804770,Ignacio School District No. 11Jt,CO,633
0804800,Jefferson County School District No. R-1,CO,73532
0804830,Weld County School District No. Re-5J,CO,4055
0804860,Julesburg School District No. Re1,CO,668
0804890,Karval School District No. Re 23,CO,29
0804920,Weld County School District RE-3J,CO,2666
0804950,Weld County School District No. Re-7,CO,1195
0804980,Kim Reorganized School District No. 88,CO,25
0805010,School District No. C-2 in the county of Elbert and State of,CO,292
0805040,Kit Carson School District No. R-1,CO,109
0805070,West Grand School District No. 1,CO,385
0805100,North Conejos School District No. Re1J,CO,927
0805130,East Otero School District No. R1,CO,1284
0805160,La Veta School District Re-2,CO,238
0805190,Lake County School District No. R-1,CO,931
0805220,Lamar School District No. Re-2,CO,1397
0805250,Las Animas School District No. Re-1,CO,906
0805280,Limon School District No. Re 4J,CO,451
0805310,Littleton School District No. 6 in the county of Arapahoe,CO,13109
0805340,Lone Star School District No. 101,CO,119
0805370,St. Vrain Valley School District No. Re1J,CO,31607
0805400,Thompson School District R-2J,CO,14580
0805460,Mancos School District Re-6,CO,511
0805490,Manitou Springs School District No. 14 in the county of El,CO,1147
0805520,Manzanola Joint District No. 3J of the counties of Otero a,CO,174
0805550,Mapleton School District No. 1 in the county of Adams & St,CO,7095
0805580,McClave School District No. Re-2,CO,231
0805610,Meeker School District Re1,CO,672
0805640,School District No. Re-4 Buffalo,CO,314
0805670,Miami-Yoder Joint District No. 60 of the counties of El Pas,CO,398
0805700,Moffat School District No. 2 in the county of Saguache and,CO,199
0805730,Moffat County School District RE: No. 1,CO,1821
0805760,Monte Vista School District No. C-8,CO,975
0805790,Montrose County School District Re-1J,CO,5977
0805820,Lewis-Palmer Consolidated School District No. 38 in the co,CO,6332
0805850,West End School District No. Re-2,CO,260
0805880,Norwood School District No. R-2J,CO,191
0805910,South Routt School District No. Re 3,CO,326
0805940,Otis School District No. R-3,CO,192
0805970,Ouray School District No. R-1 of  the county of Ouray and,CO,180
0806000,Revere School District,CO,144
0806030,School District No. Re-5 Plateau,CO,204
0806060,Peyton School District No. 23 in the county of El Paso and,CO,596
0806090,Pritchett School District No. Re-3,CO,64
0806120,Pueblo School District No. 60 in the county of Pueblo and,CO,14104
0806150,Pueblo County School District 70,CO,10386
0806180,Rangely School District RE4,CO,485
0806210,Ridgway School District No. R-2  of  the county of Ouray a,CO,320
0806240,Garfield School District No. Re-2,CO,4695
0806270,Rocky Ford School District No. R2,CO,576
0806300,Mountain Valley School District No. Re 1,CO,105
0806330,Salida School District No. R-32,CO,1351
0806360,Centennial School District No. R-1,CO,186
0806390,Sanford School District No. 6 in the county of Conejos and,CO,384
0806420,Sangre de Cristo School District No. Re-22J,CO,256
0806450,Sargent School District No. Re-33J,CO,293
0806480,School District No. 3 in the county of El Paso and State of,CO,9290
0806510,Hi-Plains R-23,CO,96
0806540,Sheridan School District No. 2,CO,1018
0806570,Silverton School District No. 1 in the county of San Juan,CO,72
0806600,Big Sandy School District No. 100J,CO,329
0806630,Springfield School District No. Re-4,CO,284
0806660,Steamboat Springs School District No. Re 2,CO,2509
0806690,School District No. Re-1 Valley,CO,1910
0806720,School District No. Re-11 in the county of Weld and State of,CO,163
0806750,Strasburg School District 31J,CO,1180
0806780,School District No. R-4 in the county of Kit Carson and Stat,CO,219
0806810,Summit School District No. Re 1,CO,3473
0806840,Swink School District No. 33 in the county of Otero and St,CO,290
0806870,Telluride School District No. R-1,CO,802
0806900,Adams 12 Five Star Schools,CO,34466
0806930,Kiowa County School District No. Re-2,CO,32
0806960,Trinidad School District 1 in the county of Las Animas and,CO,769
0806990,Vilas School District Re-5,CO,53
0807050,North Park School District R-1,CO,144
0807080,Huerfano School District Re-1,CO,442
0807110,Walsh School District No. Re-1,CO,177
0807140,School District No. Re-20 Weldon Valley,CO,215
0807200,Custer County School District Consolidate 1,CO,313
0807230,Westminster Public Schools,CO,7724
0807260,Primero Reorganized School District No. 2,CO,213
0807290,School District No. Re-50 Wiggins,CO,913
0807320,Wiley School District No. Re-13 Jt,CO,270
0807350,Weld County Reorganized School District No. Re-4,CO,8728
0807380,Woodland Park School District No. Re-2,CO,1744
0807410,Woodlin School District No. R-104,CO,74
0900005,Regional School District 19,CT,1061
0900030,Andover School District,CT,239
0900060,Ansonia School District,CT,2404
0900090,Ashford School District,CT,351
0900120,Avon School District,CT,3092
0900150,Barkhamsted School District,CT,227
0900210,Berlin School District,CT,2634
0900240,Bethany School District,CT,430
0900270,Bethel School District,CT,3227
0900330,Bloomfield School District,CT,1897
0900360,Bolton School District,CT,688
0900390,Bozrah School District,CT,180
0900420,Branford School District,CT,2567
0900450,Bridgeport School District,CT,20022
0900510,Bristol School District,CT,7713
0900540,Brookfield School District,CT,2542
0900570,Brooklyn School District,CT,852
0900630,Canaan School District,CT,70
0900660,Canterbury School District,CT,512
0900690,Canton School District,CT,1439
0900720,Chaplin School District,CT,150
0900750,Cheshire School District,CT,4317
0900780,Chester School District,CT,198
0900810,Clinton School District,CT,1426
0900840,Colchester School District,CT,2101
0900870,Colebrook School District,CT,61
0900900,Columbia School District,CT,444
0900930,Cornwall School District,CT,86
0900960,Coventry School District,CT,1612
0900990,Cromwell School District,CT,1841
0901020,Danbury School District,CT,11956
0901050,Darien School District,CT,4673
0901080,Deep River School District,CT,189
0901110,Derby School District,CT,1311
0901170,East Granby School District,CT,880
0901200,East Haddam School District,CT,954
0901230,East Hampton School District,CT,1676
0901260,East Hartford School District,CT,6504
0901290,East Haven School District,CT,2857
0901320,East Lyme School District,CT,2500
0901350,East Windsor School District,CT,1035
0901380,Eastford School District,CT,173
0901410,Easton School District,CT,894
0901440,Ellington School District,CT,2526
0901470,Enfield School District,CT,4694
0901500,Essex School District,CT,308
0901530,Fairfield School District,CT,9139
0901560,Farmington School District,CT,4195
0901590,Franklin School District,CT,188
0901620,Glastonbury School District,CT,5696
0901680,Granby School District,CT,1709
0901710,Greenwich School District,CT,8465
0901740,Griswold School District,CT,1823
0901770,Groton School District,CT,4009
0901800,Guilford School District,CT,3080
0901860,Hamden School District,CT,5464
0901890,Hampton School District,CT,74
0901920,Hartford School District,CT,16434
0901950,Hartland School District,CT,123
0902010,Hebron School District,CT,681
0902040,Kent School District,CT,180
0902070,Killingly School District,CT,2392
0902130,Lebanon School District,CT,968
0902160,Ledyard School District,CT,2347
0902190,Lisbon School District,CT,422
0902280,Madison School District,CT,2445
0902310,Manchester School District,CT,6122
0902340,Mansfield School District,CT,966
0902370,Marlborough School District,CT,458
0902400,Meriden School District,CT,8707
0902490,Middletown School District,CT,4394
0902520,Milford School District,CT,5218
0902550,Monroe School District,CT,3458
0902580,Montville School District,CT,2001
0902640,Naugatuck School District,CT,4095
0902670,New Britain School District,CT,10038
0902700,New Canaan School District,CT,4060
0902730,New Fairfield School District,CT,2123
0902760,New Hartford School District,CT,433
0902790,New Haven School District,CT,18817
0902820,New London School District,CT,2918
0902850,New Milford School District,CT,3532
0902880,Newington School District,CT,3855
0902910,Newtown School District,CT,3924
0902940,Norfolk School District,CT,61
0902970,North Branford School District,CT,1546
0903000,North Canaan School District,CT,245
0903030,North Haven School District,CT,3214
0903060,North Stonington School District,CT,726
0903090,Norwalk School District,CT,11473
0903120,Norwich School District,CT,3291
0903180,Old Saybrook School District,CT,1030
0903210,Orange School District,CT,1254
0903240,Oxford School District,CT,1622
0903270,Plainfield School District,CT,1886
0903300,Plainville School District,CT,2223
0903330,Plymouth School District,CT,1244
0903360,Pomfret School District,CT,333
0903390,Portland School District,CT,1250
0903420,Preston School District,CT,432
0903480,Putnam School District,CT,1176
0903510,Redding School District,CT,855
0903520,Regional School District 10,CT,2140
0903530,Regional School District 12,CT,798
0903535,Regional School District 13,CT,1339
0903536,Regional School District 14,CT,1561
0903537,Regional School District 15,CT,3368
0903538,Regional School District 16,CT,1898
0903539,Regional School District 17,CT,1716
0903540,Regional School District 18,CT,1281
0903570,Regional School District 11,CT,194
0903600,Regional School District 01,CT,356
0903630,Regional School District 04,CT,646
0903660,Regional School District 05,CT,2138
0903720,Regional School District 07,CT,818
0903750,Regional School District 08,CT,1075
0903780,Regional School District 09,CT,712
0903810,Ridgefield School District,CT,4484
0903840,Rocky Hill School District,CT,2539
0903900,Salem School District,CT,392
0903930,Salisbury School District,CT,288
0903960,Scotland School District,CT,96
0903990,Seymour School District,CT,2103
0904020,Sharon School District,CT,97
0904050,Shelton School District,CT,4518
0904080,Sherman School District,CT,231
0904110,Simsbury School District,CT,4127
0904140,Somers School District,CT,1347
0904170,South Windsor School District,CT,5125
0904230,Southington School District,CT,6200
0904260,Sprague School District,CT,265
0904290,Stafford School District,CT,1266
0904320,Stamford School District,CT,16185
0904350,Sterling School District,CT,310
0904380,Stonington School District,CT,1722
0904440,Stratford School District,CT,6578
0904470,Suffield School District,CT,2027
0904500,Thomaston School District,CT,777
0904530,Thompson School District,CT,826
0904560,Tolland School District,CT,2144
0904590,Torrington School District,CT,3911
0904620,Trumbull School District,CT,6943
0904650,Union School District,CT,49
0904680,Vernon School District,CT,3236
0904710,Voluntown School District,CT,217
0904740,Wallingford School District,CT,5241
0904830,Waterbury School District,CT,18776
0904860,Waterford School District,CT,2281
0904890,Watertown School District,CT,2528
0904920,West Hartford School District,CT,9128
0904950,West Haven School District,CT,5950
0904980,Westbrook School District,CT,592
0905010,Weston School District,CT,2101
0905040,Westport School District,CT,5281
0905070,Wethersfield School District,CT,3471
0905100,Willington School District,CT,376
0905130,Wilton School District,CT,3782
0905160,Winchester School District,CT,599
0905190,Windham School District,CT,3153
0905220,Windsor School District,CT,3266
0905250,Windsor Locks School District,CT,1448
0905280,Wolcott School District,CT,2100
0905310,Woodbridge School District,CT,862
0905370,Woodstock School District,CT,756
0905371,Norwich Free Academy District,CT,2097
0905372,The Gilbert School District,CT,452
0905373,The Woodstock Academy District,CT,1022
0905374,Regional School District 20,CT,1619
1000080,Appoquinimink School District,DE,12897
1000170,Cape Henlopen School District,DE,6654
1000180,Caesar Rodney School District,DE,8343
1000190,Capital School District,DE,6491
1000200,Christina School District,DE,12954
1000230,Colonial School District,DE,8575
1000270,Delmar School District,DE,1445
1000680,Indian River School District,DE,10753
1000750,POLYTECH School District,DE,1228
1000790,Lake Forest School District,DE,3727
1000810,Laurel School District,DE,2544
1001080,Milford School District,DE,4523
1001240,Brandywine School District,DE,10349
1001280,New Castle County Vocational-Technical School District,DE,4812
1001300,Red Clay Consolidated School District,DE,14444
1001530,Seaford School District,DE,3580
1001620,Smyrna School District,DE,5887
1001680,Sussex Technical School District,DE,1341
1001850,Woodbridge School District,DE,2577
1100030,District of Columbia Public Schools,DC,52299
1200030,ALACHUA,FL,28204
1200060,BAKER,FL,4763
1200090,BAY,FL,27558
1200120,BRADFORD,FL,2848
1200150,BREVARD,FL,71198
1200180,BROWARD,FL,243553
1200210,CALHOUN,FL,2031
1200240,CHARLOTTE,FL,16997
1200270,CITRUS,FL,15531
1200300,CLAY,FL,39122
1200330,COLLIER,FL,48252
1200360,COLUMBIA,FL,9508
1200390,MIAMI-DADE,FL,333233
1200420,DESOTO,FL,4155
1200450,DIXIE,FL,2001
1200480,DUVAL,FL,130054
1200510,ESCAMBIA,FL,36768
1200540,FLAGLER,FL,13521
1200570,FRANKLIN,FL,1234
1200600,GADSDEN,FL,4633
1200630,GILCHRIST,FL,2858
1200660,GLADES,FL,1852
1200690,GULF,FL,1901
1200720,HAMILTON,FL,1590
1200750,HARDEE,FL,4547
1200780,HENDRY,FL,13698
1200810,HERNANDO,FL,23734
1200840,HIGHLANDS,FL,12040
1200870,HILLSBOROUGH,FL,220360
1200900,HOLMES,FL,3013
1200930,INDIAN RIVER,FL,16621
1200960,JACKSON,FL,5801
1200990,JEFFERSON,FL,701
1201020,LAFAYETTE,FL,1152
1201050,LAKE,FL,47982
1201080,LEE,FL,102506
1201110,LEON,FL,31645
1201140,LEVY,FL,5564
1201170,LIBERTY,FL,1249
1201200,MADISON,FL,2267
1201230,MANATEE,FL,54215
1201260,MARION,FL,46352
1201290,MARTIN,FL,18323
1201320,MONROE,FL,8928
1201350,NASSAU,FL,12575
1201380,OKALOOSA,FL,32047
1201410,OKEECHOBEE,FL,6143
1201440,ORANGE,FL,205853
1201470,OSCEOLA,FL,75314
1201500,PALM BEACH,FL,189634
1201530,PASCO,FL,86627
1201560,PINELLAS,FL,87876
1201590,POLK,FL,111372
1201620,PUTNAM,FL,10083
1201650,SANTA ROSA,FL,29624
1201680,SARASOTA,FL,45246
1201710,SEMINOLE,FL,63934
1201740,ST. JOHNS,FL,52324
1201770,ST. LUCIE,FL,49308
1201800,SUMTER,FL,10013
1201830,SUWANNEE,FL,6004
1201860,TAYLOR,FL,2524
1201890,UNION,FL,2309
1201920,VOLUSIA,FL,61724
1201950,WAKULLA,FL,5138
1201980,WALTON,FL,12007
1202010,WASHINGTON,FL,3286
1300001,Troup County,GA,12262
1300060,Appling County,GA,3414
1300090,Atkinson County,GA,1571
1300120,Atlanta Public Schools,GA,49945
1300150,Bacon County,GA,2094
1300180,Baker County,GA,287
1300210,Baldwin County,GA,4510
1300240,Banks County,GA,2798
1300290,Barrow County,GA,15313
1300330,Bartow County,GA,14019
1300360,Ben Hill County,GA,2831
1300390,Berrien County,GA,3061
1300420,Bibb County,GA,21334
1300440,Bleckley County,GA,2581
1300480,Brantley County,GA,3375
1300510,Bremen City,GA,2342
1300540,Brooks County,GA,2179
1300570,Bryan County,GA,10677
1300600,Buford City,GA,6007
1300630,Bulloch County,GA,10999
1300660,Burke County,GA,3841
1300690,Butts County,GA,3497
1300720,Calhoun City,GA,4193
1300750,Calhoun County,GA,443
1300780,Camden County,GA,9754
1300810,Candler County,GA,2157
1300840,Carroll County,GA,16400
1300870,Carrollton City,GA,5850
1300900,Cartersville City,GA,4686
1300930,Catoosa County,GA,10134
1300990,Charlton County,GA,1613
1301020,Savannah-Chatham County,GA,35744
1301050,Chattahoochee County,GA,948
1301080,Chattooga County,GA,2676
1301110,Cherokee County,GA,42031
1301140,Chickamauga City,GA,1258
1301170,Clarke County,GA,12275
1301200,Clay County,GA,191
1301230,Clayton County,GA,51055
1301260,Clinch County,GA,1242
1301290,Cobb County,GA,105738
1301350,Coffee County,GA,7640
1301380,Colquitt County,GA,8767
1301410,Columbia County,GA,28566
1301440,Commerce City,GA,1900
1301470,Cook County,GA,2979
1301500,Coweta County,GA,23064
1301530,Crawford County,GA,1516
1301560,Crisp County,GA,3311
1301590,Dade County,GA,1988
1301620,Dalton Public Schools,GA,7619
1301650,Dawson County,GA,4296
1301680,City Schools of Decatur,GA,5367
1301710,Decatur County,GA,4178
1301740,DeKalb County,GA,91752
1301770,Dodge County,GA,2659
1301800,Dooly County,GA,1067
1301830,Dougherty County,GA,12910
1301860,Douglas County,GA,25521
1301870,Dublin City,GA,2370
1301890,Laurens County,GA,6308
1301920,Early County,GA,1482
1301950,Echols County,GA,917
1301980,Effingham County,GA,14560
1302010,Elbert County,GA,3007
1302040,Emanuel County,GA,3939
1302070,Evans County,GA,1742
1302100,Fannin County,GA,2753
1302130,Fayette County,GA,19800
1302190,Floyd County,GA,8949
1302220,Forsyth County,GA,54864
1302250,Franklin County,GA,3577
1302280,Fulton County,GA,87019
1302310,Gainesville City,GA,8480
1302340,Gilmer County,GA,4124
1302370,Glascock County,GA,580
1302400,Glynn County,GA,12750
1302430,Gordon County,GA,6259
1302460,Grady County,GA,4415
1302490,Greene County,GA,2597
1302520,Griffin-Spalding County,GA,9350
1302550,Gwinnett County,GA,182518
1302580,Habersham County,GA,7257
1302610,Hall County,GA,27257
1302640,Hancock County,GA,652
1302670,Haralson County,GA,3525
1302700,Harris County,GA,5663
1302730,Hart County,GA,3743
1302790,Heard County,GA,2220
1302820,Henry County,GA,43012
1302880,Houston County,GA,30939
1302910,Irwin County,GA,1610
1302940,Jackson County,GA,11160
1302970,Jasper County,GA,2706
1303000,Jeff Davis County,GA,3074
1303030,Jefferson City,GA,4294
1303060,Jefferson County,GA,2017
1303090,Jenkins County,GA,1774
1303120,Johnson County,GA,1026
1303150,Jones County,GA,5004
1303210,Lamar County,GA,2872
1303240,Lanier County,GA,1652
1303270,Lee County,GA,5949
1303300,Liberty County,GA,10925
1303330,Lincoln County,GA,1261
1303360,Long County,GA,4724
1303390,Lowndes County,GA,10618
1303420,Lumpkin County,GA,3754
1303450,Macon County,GA,1047
1303480,Madison County,GA,5165
1303510,Marietta City,GA,8664
1303540,Marion County,GA,1293
1303570,McDuffie County,GA,3088
1303600,McIntosh County,GA,1394
1303630,Meriwether County,GA,2245
1303660,Miller County,GA,772
1303690,Mitchell County,GA,1203
1303720,Monroe County,GA,4703
1303750,Montgomery County,GA,902
1303780,Morgan County,GA,3562
1303840,Murray County,GA,6585
1303870,Muscogee County,GA,29362
1303930,Newton County,GA,18672
1303960,Oconee County,GA,8474
1303990,Oglethorpe County,GA,2293
1304020,Paulding County,GA,31426
1304050,Peach County,GA,3980
1304080,Pelham City,GA,1246
1304110,Pickens County,GA,3970
1304140,Pierce County,GA,3647
1304170,Pike County,GA,3459
1304200,Polk County,GA,7745
1304220,Pulaski County,GA,1320
1304260,Putnam County,GA,2938
1304290,Quitman County,GA,309
1304320,Rabun County,GA,2257
1304350,Randolph County,GA,635
1304380,Richmond County,GA,28923
1304410,Rockdale County,GA,15342
1304440,Rome City,GA,6357
1304470,Schley County,GA,1253
1304500,Screven County,GA,2066
1304530,Seminole County,GA,1332
1304540,Social Circle City,GA,2032
1304560,Stephens County,GA,3855
1304590,Stewart County,GA,338
1304620,Sumter County,GA,3560
1304650,Talbot County,GA,364
1304680,Taliaferro County,GA,184
1304770,Tattnall County,GA,3501
1304800,Taylor County,GA,1176
1304830,Telfair County,GA,1543
1304860,Terrell County,GA,921
1304890,Thomas County,GA,5818
1304950,Thomasville City,GA,2622
1304980,Tift County,GA,7471
1305040,Toombs County,GA,3118
1305070,Towns County,GA,966
1305100,Treutlen County,GA,1020
1305130,Trion City,GA,1241
1305190,Turner County,GA,1107
1305220,Twiggs County,GA,726
1305250,Union County,GA,3015
1305280,Thomaston-Upson County,GA,3996
1305310,Valdosta City,GA,8247
1305340,Vidalia City,GA,2279
1305370,Walker County,GA,8379
1305390,Walton County,GA,14783
1305430,Ware County,GA,5920
1305460,Warren County,GA,662
1305490,Washington County,GA,2661
1305550,Wayne County,GA,5348
1305580,Webster County,GA,228
1305640,Wheeler County,GA,848
1305670,White County,GA,3782
1305700,Whitfield County,GA,11942
1305730,Wilcox County,GA,1126
1305760,Wilkes County,GA,1262
1305790,Wilkinson County,GA,1036
1305850,Worth County,GA,3057
1500030,Hawaii Department of Education,HI,167071
1600001,WEST BONNER COUNTY DISTRICT,ID,927
1600002,LAKE PEND OREILLE SCHOOL DISTRICT,ID,3653
1600009,TROY SCHOOL DISTRICT,ID,336
1600010,WHITEPINE JOINT SCHOOL DISTRICT,ID,205
1600030,ABERDEEN DISTRICT,ID,625
1600060,AMERICAN FALLS JOINT DISTRICT,ID,1514
1600090,ARBON ELEMENTARY DISTRICT,ID,18
1600138,SALMON RIVER JOINT SCHOOL DISTRICT,ID,173
1600139,MOUNTAIN VIEW SCHOOL DISTRICT,ID,1048
1600150,AVERY SCHOOL DISTRICT,ID,8
1600180,BASIN SCHOOL DISTRICT,ID,299
1600240,BEAR LAKE COUNTY DISTRICT,ID,1417
1600270,BLACKFOOT DISTRICT,ID,3796
1600300,BLAINE COUNTY DISTRICT,ID,3102
1600330,BLISS JOINT DISTRICT,ID,110
1600360,BOISE INDEPENDENT DISTRICT,ID,22134
1600420,BOUNDARY COUNTY DISTRICT,ID,1455
1600450,BRUNEAU-GRAND VIEW JOINT SCHOOL DISTRICT,ID,263
1600480,BUHL JOINT DISTRICT,ID,1198
1600490,BUTTE COUNTY JOINT DISTRICT,ID,376
1600510,CALDWELL DISTRICT,ID,5134
1600540,CAMAS COUNTY DISTRICT,ID,150
1600570,CAMBRIDGE JOINT DISTRICT,ID,156
1600600,VALLIVUE SCHOOL DISTRICT,ID,10339
1600630,CASCADE DISTRICT,ID,215
1600660,CASSIA COUNTY JOINT DISTRICT,ID,5484
1600690,CASTLEFORD DISTRICT,ID,274
1600720,CHALLIS JOINT DISTRICT,ID,332
1600750,CLARK COUNTY DISTRICT,ID,91
1600780,COEUR D'ALENE DISTRICT,ID,9609
1600810,COTTONWOOD JOINT DISTRICT,ID,426
1600815,PLUMMER-WORLEY JOINT DISTRICT,ID,333
1600840,COUNCIL DISTRICT,ID,282
1600870,CULDESAC JOINT DISTRICT,ID,100
1600900,DIETRICH DISTRICT,ID,173
1600930,BONNEVILLE JOINT DISTRICT,ID,13577
1600960,PRESTON JOINT DISTRICT,ID,2311
1601020,EMMETT INDEPENDENT DISTRICT,ID,2472
1601050,FILER DISTRICT,ID,1550
1601080,FIRTH DISTRICT,ID,808
1601110,FREMONT COUNTY JOINT DISTRICT,ID,2179
1601140,FRUITLAND DISTRICT,ID,1551
1601170,GARDEN VALLEY DISTRICT,ID,221
1601200,GENESEE JOINT DISTRICT,ID,288
1601230,GLENNS FERRY JOINT DISTRICT,ID,361
1601260,GOODING JOINT DISTRICT,ID,1189
1601290,GRACE JOINT DISTRICT,ID,548
1601380,HAGERMAN JOINT DISTRICT,ID,374
1601410,HANSEN DISTRICT,ID,306
1601440,HIGHLAND JOINT DISTRICT,ID,168
1601470,HOMEDALE JOINT DISTRICT,ID,1318
1601500,HORSESHOE BEND SCHOOL DISTRICT,ID,170
1601530,IDAHO FALLS DISTRICT,ID,9903
1601570,JEFFERSON COUNTY JOINT DISTRICT,ID,6591
1601590,JEROME JOINT DISTRICT,ID,3998
1601620,KAMIAH JOINT DISTRICT,ID,380
1601650,KELLOGG JOINT DISTRICT,ID,1098
1601680,KENDRICK JOINT DISTRICT,ID,267
1601710,KIMBERLY DISTRICT,ID,2195
1601740,KOOTENAI DISTRICT,ID,213
1601770,KUNA JOINT DISTRICT,ID,5778
1601800,LAKELAND DISTRICT,ID,4568
1601830,LAPWAI DISTRICT,ID,480
1601860,LEWISTON INDEPENDENT DISTRICT,ID,4491
1601900,MACKAY JOINT DISTRICT,ID,218
1601920,MADISON DISTRICT,ID,5720
1601950,MARSH VALLEY JOINT DISTRICT,ID,1064
1601980,MARSING JOINT DISTRICT,ID,816
1602030,MCCALL-DONNELLY JOINT SCHOOL DISTRICT,ID,1374
1602060,MEADOWS VALLEY DISTRICT,ID,142
1602070,MELBA JOINT DISTRICT,ID,824
1602100,JOINT SCHOOL DISTRICT NO. 2,ID,38740
1602130,MIDDLETON DISTRICT,ID,4306
1602160,MIDVALE DISTRICT,ID,150
1602190,MINIDOKA COUNTY JOINT DISTRICT,ID,4267
1602220,MOSCOW DISTRICT,ID,2295
1602250,MOUNTAIN HOME DISTRICT,ID,3647
1602280,MULLAN DISTRICT,ID,95
1602310,MURTAUGH JOINT DISTRICT,ID,388
1602340,NAMPA SCHOOL DISTRICT,ID,12689
1602370,NEW PLYMOUTH DISTRICT,ID,898
1602400,NEZPERCE JOINT DISTRICT,ID,174
1602430,NORTH GEM DISTRICT,ID,150
1602460,NOTUS DISTRICT,ID,335
1602490,ONEIDA COUNTY DISTRICT,ID,8702
1602520,OROFINO JOINT DISTRICT,ID,1090
1602550,PARMA DISTRICT,ID,1003
1602580,PAYETTE JOINT DISTRICT,ID,1274
1602610,PLEASANT VALLEY ELEMENTARY DISTRICT,OR,11
1602640,POCATELLO DISTRICT,ID,11448
1602670,POST FALLS DISTRICT,ID,5779
1602700,POTLATCH DISTRICT,ID,448
1602730,PRAIRIE ELEMENTARY DISTRICT,ID,6
1602760,RICHFIELD DISTRICT,ID,208
1602790,RIRIE JOINT DISTRICT,ID,719
1602820,ROCKLAND DISTRICT,ID,167
1602850,SALMON DISTRICT,ID,647
1602910,SHELLEY JOINT DISTRICT,ID,2512
1602940,SHOSHONE JOINT DISTRICT,ID,515
1602970,SNAKE RIVER DISTRICT,ID,3730
1603000,SODA SPRINGS JOINT DISTRICT,ID,843
1603030,SOUTH LEMHI DISTRICT,ID,110
1603060,ST MARIES JOINT DISTRICT,ID,882
1603090,SUGAR-SALEM JOINT DISTRICT,ID,2302
1603120,SWAN VALLEY ELEMENTARY DISTRICT,ID,55
1603180,TETON COUNTY DISTRICT,ID,1962
1603210,THREE CREEK JOINT ELEMENTARY DISTRICT,ID,5
1603240,TWIN FALLS DISTRICT,ID,9000
1603270,VALLEY DISTRICT,ID,499
1603300,WALLACE DISTRICT,ID,489
1603330,WEISER DISTRICT,ID,1442
1603360,WENDELL DISTRICT,ID,1104
1603400,WEST JEFFERSON DISTRICT,ID,622
1603420,WEST SIDE JOINT DISTRICT,ID,798
1603480,WILDER DISTRICT,ID,610
1700001,River Ridge CUSD 210,IL,443
1700002,Casey-Westfield CUSD 4C,IL,891
1700003,Blue Ridge CUSD 18,IL,652
1700004,Norris City-Omaha-Enfield CUSD 3,IL,611
1700005,Prairie Central CUSD 8,IL,1712
1700007,Eastland CUSD 308,IL,731
1700009,Pinckneyville SD 50,IL,503
1700010,Beach Park CCSD 3,IL,1996
1700014,Goreville CUD 1,IL,630
1700015,Joppa-Maple Grove UD 38,IL,200
1700041,Gibson City-Melvin-Sibley CUSD 5,IL,975
1700044,Farmington Central CUSD 265,IL,1269
1700045,Gallatin CUSD 7,IL,703
1700065,Saunemin CCSD 438,IL,102
1700077,Marengo-Union E Cons D 165,IL,1092
1700092,Georgetown-Ridge Farm CUD 4,IL,864
1700099,ISU  Laboratory Schools,IL,1083
1700100,University of Ill Lab School,IL,319
1700101,Il Mathematics & Science Academy,IL,656
1700102,Brussels CUSD 42,IL,109
1700103,New Holland-Middletown ED 88,IL,70
1700105,A-C Central CUSD 262,IL,314
1700106,Heritage CUSD 8,IL,391
1700109,Ridgeview CUSD 19,IL,520
1700110,North Chicago SD 187,IL,3637
1700112,Streator ESD 44,IL,1511
1700113,Illini Central CUSD 189,IL,640
1700114,South Central CUD 401,IL,592
1700115,Henry-Senachwine CUSD 5,IL,534
1700119,North Shore SD 112,IL,3730
1700120,Lostant CUSD 425,IL,63
1700122,Shiloh CUSD 1,IL,362
1700123,Meridian CUSD 15,IL,942
1700125,Bureau Valley CUSD 340,IL,906
1700126,Midland CUSD 7,IL,657
1700153,Lewistown CUSD 97,IL,588
1700176,Cowden-Herrick CUSD 3A,IL,343
1700217,Christopher USD 99,IL,716
1700222,Nippersink SD 2,IL,1111
1700223,Okaw Valley CUSD 302,IL,456
1700310,West Carroll CUSD 314,IL,839
1700314,West Prairie CUSD 103,IL,573
1700319,West Central CUSD 235,IL,752
1700320,Monmouth-Roseville CUSD 238,IL,1579
1700321,United CUSD 304,IL,1008
1700323,Crescent Iroquois CUSD 249,IL,54
1700324,Sangamon Valley CUSD 9,IL,634
1700326,El Paso-Gridley CUSD 11,IL,1135
1700330,Prairieview-Ogden CCSD 197,IL,275
1700332,Schuyler-Industry CUSD 5,IL,843
1701381,La Harpe CSD 347,IL,181
1701382,Thompsonville CUSD 174,IL,294
1701384,Illini West H S Dist 307,IL,349
1701385,Carthage ESD 317,IL,405
1701387,Western CUSD 12,IL,512
1701388,Dallas ESD 327,IL,156
1701390,Flanagan-Cornell Dist 74,IL,303
1701395,Mercer County School District 404,IL,1274
1701397,Paris Cooperative High School,IL,0
1701403,North Mac CUSD 34,IL,1155
1701404,Odin PSD 722,IL,259
1701411,East Coloma - Nelson CESD 20,IL,214
1701413,Abingdon-Avon CUSD 276,IL,906
1701416,Milford Area PSD 124,IL,504
1701417,Bluford Unit School District 318,IL,370
1701418,Salt Fork CUSD 512,IL,878
1701419,Spring Garden CCSD 178,IL,217
1701422,Woodlawn Unit School District 209,IL,496
1701433,B H R A Cooperative HS,IL,0
1701434,Dimmick Comm Cons SD #175,IL,153
1703150,Addison SD 4,IL,3389
1703210,Akin CCSD 91,IL,124
1703270,Albers SD 63,IL,154
1703300,Alden Hebron SD 19,IL,421
1703420,Allen-Otter Creek CCSD 65,IL,96
1703450,Allendale CCSD 17,IL,131
1703480,Alsip-Hazlgrn-Oaklwn SD 126,IL,1595
1703510,Altamont CUSD 10,IL,684
1703600,Alton CUSD 11,IL,5526
1703660,AlWood CUSD 225,IL,356
1703690,Amboy CUSD 272,IL,722
1703750,Anna CCSD 37,IL,593
1703780,Anna Jonesboro CHSD 81,IL,476
1703810,Annawan CUSD 226,IL,342
1703840,Antioch CCSD 34,IL,2574
1703870,CHSD 117,IL,2647
1703900,Aptakisic-Tripp CCSD 102,IL,2557
1703930,Arbor Park SD 145,IL,1182
1703960,Arcola CUSD 306,IL,709
1703990,Argenta-Oreana CUSD 1,IL,893
1704020,Argo CHSD 217,IL,1817
1704050,Summit SD 104,IL,1435
1704140,Arlington Heights SD 25,IL,5423
1704170,Township HSD 214,IL,11911
1704200,Armstrong-Ellis Cons SD 61,IL,81
1704230,Armstrong Twp HSD 225,IL,114
1704260,Arthur CUSD 305,IL,925
1704340,Ashley CCSD 15,IL,115
1704380,Ashton-Franklin Center CUSD 275,IL,434
1704440,Astoria CUSD 1,IL,277
1704470,Athens CUSD 213,IL,961
1704560,Atwood Heights SD 125,IL,589
1704620,Auburn CUSD 10,IL,1055
1704680,Aurora East USD 131,IL,12187
1704710,Aurora West USD 129,IL,11020
1704740,Aviston SD 21,IL,462
1704770,Central CHSD 71,IL,629
1704800,Avoca SD 37,IL,566
1704920,Ball Chatham CUSD 5,IL,4516
1704950,Bannockburn SD 106,IL,165
1705050,Barrington CUSD 220,IL,7936
1705160,Bartelso SD 57,IL,166
1705190,Bartonville SD 66,IL,204
1705220,Batavia USD 101,IL,5218
1705310,Beardstown CUSD 15,IL,1531
1705430,Beecher CUSD 200U,IL,1051
1705460,Beecher City CUSD 20,IL,361
1705466,Marseilles ESD 150,IL,528
1705570,Opdyke-Belle-Rive CCSD 5,IL,122
1705580,Belle Valley SD 119,IL,997
1705610,Belleville SD 118,IL,3275
1705640,Belleville Twp HSD 201,IL,4718
1705760,Bellwood SD 88,IL,1998
1705790,Belvidere CUSD 100,IL,7523
1705820,Bement CUSD 5,IL,291
1705880,Benjamin SD 25,IL,646
1705910,Bensenville SD 2,IL,2035
1705950,Benton CCSD 47,IL,1000
1705970,Benton Cons HSD 103,IL,604
1706000,Berkeley SD 87,IL,2147
1706060,Berwyn North SD 98,IL,2434
1706090,Berwyn South SD 100,IL,3050
1706120,Bethalto CUSD 8,IL,2368
1706180,Bethel SD 82,IL,154
1706270,Big Hollow SD 38,IL,1653
1706390,Bismarck Henning CUSD,IL,802
1706420,Bloom Twp HSD 206,IL,3041
1706450,Bloomingdale SD 13,IL,1290
1706480,Bloomington SD 87,IL,4809
1706510,Cook County SD 130,IL,2950
1706540,CHSD 218,IL,5436
1706600,Scott-Morgan CUSD 2,IL,169
1706750,Bourbonnais SD 53,IL,2276
1706840,Braceville SD 75,IL,130
1706880,Bradford CUSD 1,IL,168
1706930,Bradley SD 61,IL,1278
1706960,Bradley Bourbonnais CHSD 307,IL,1914
1707010,Breese ESD 12,IL,607
1707050,Bremen CHSD 228,IL,4885
1707170,Indian Springs SD 109,IL,2453
1707200,Brimfield CUSD 309,IL,587
1707290,Lemont-Bromberek CSD 113A,IL,2664
1707320,Brookfield Lagrange Park SD 95,IL,1387
1707440,Brownstown CUSD 201,IL,427
1707650,Paxton-Buckley-Loda CUD 10,IL,1230
1707740,Buncombe Cons SD 43,IL,51
1707770,Bunker Hill CUSD 8,IL,573
1707830,Central CUSD 301,IL,5082
1707860,Burnham SD 154-5,IL,141
1707950,Bushnell Prairie City CUSD 170,IL,602
1707980,Butler SD 53,IL,463
1708010,Byron CUSD 226,IL,1461
1708040,Cahokia CUSD 187,IL,2991
1708070,Cairo USD 1,IL,278
1708100,Lincoln ESD 156,IL,717
1708130,Calumet Public SD 132,IL,895
1708160,Cambridge CUSD 227,IL,459
1708220,Central CUSD 3,IL,743
1708250,Trico CUSD 176,IL,879
1708280,Canton Union SD 66,IL,2094
1708310,Carbon Cliff-Barstow SD 36,IL,238
1708340,Carbondale ESD 95,IL,1648
1708370,Carbondale CHSD 165,IL,1023
1708400,Cons HSD 230,IL,7613
1708430,Carlinville CUSD 1,IL,1282
1708460,Carlyle CUSD 1,IL,926
1708500,Carmi-White County CUSD 5,IL,1282
1708550,CUSD 300,IL,20705
1708580,Carrier Mills-Stonefort CUSD 2,IL,394
1708610,Carrollton CUSD 1,IL,449
1708640,Carterville CUSD 5,IL,2162
1708730,Cary CCSD 26,IL,2372
1708790,Cass SD 63,IL,773
1708970,Center Cass SD 66,IL,1130
1709100,Central A & M CUD 21,IL,746
1709150,Central SD 51,IL,1349
1709170,Central SD 104,IL,629
1709180,Central City SD 133,IL,276
1709210,Lockport SD 91,IL,493
1709270,Centralia SD 135,IL,1068
1709300,Centralia HSD 200,IL,887
1709330,Cerro Gordo CUSD 100,IL,474
1709400,Chadwick-Milledgeville CUSD 399,IL,375
1709420,Champaign CUSD 4,IL,10598
1709510,Chaney-Monge SD 88,IL,479
1709540,Channahon SD 17,IL,1145
1709600,Charleston CUSD 1,IL,2744
1709810,Chester CUSD 139,IL,975
1709850,Chester-East Lincoln CCSD 61,IL,288
1709930,Chicago Public Schools Dist 299,IL,324130
1709960,Chicago Heights SD 170,IL,2674
1709990,Chicago Ridge SD 127-5,IL,1485
1710200,Cicero SD 99,IL,8664
1710240,North Wayne CUSD 200,IL,392
1710290,Cissna Park CUSD 6,IL,292
1710340,Clay City CUSD 10,IL,253
1710380,Skokie SD 73-5,IL,1065
1710410,Central CUSD 4,IL,968
1710440,Clinton CUSD 15,IL,1765
1710470,CCSD 93,IL,3319
1710530,Coal City CUSD 1,IL,2129
1710570,Cobden SUD 17,IL,454
1710650,Collinsville CUSD 10,IL,6031
1710690,Colona SD 190,IL,371
1710740,Columbia CUSD 4,IL,1904
1710790,Hamilton Co CUSD 10,IL,1091
1710800,Oakwood CUSD 76,IL,829
1710820,Westville CUSD 2,IL,1149
1710830,Triopia CUSD 27,IL,390
1710860,Cornell CCSD 426,IL,114
1710950,Ford Heights SD 169,IL,462
1710980,Coulterville USD 1,IL,185
1711010,Country Club Hills SD 160,IL,849
1711100,Crab Orchard CUSD 3,IL,477
1711220,Creston CCSD 161,IL,76
1711250,Crete Monee CUSD 201U,IL,4562
1711290,Creve Coeur SD 76,IL,455
1711350,Crystal Lake CCSD 47,IL,6889
1711370,CHSD 155,IL,5203
1711400,CUSD 3 Fulton County,IL,386
1711520,Cypress SD 64,IL,116
1711610,Dakota CUSD 201,IL,754
1711700,Dalzell SD 98,IL,45
1711730,Damiansville SD 62,IL,102
1711790,Danville CCSD 118,IL,4940
1711850,Decatur SD 61,IL,7840
1711880,Deer Creek-Mackinaw CUSD 701,IL,942
1711910,Deer Park CCSD 82,IL,44
1711980,Deerfield SD 109,IL,2714
1712000,DeKalb CUSD 428,IL,6771
1712030,Deland-Weldon CUSD 57,IL,173
1712060,Delavan CUSD 703,IL,375
1712090,DePue USD 103,IL,318
1712120,CCSD 62,IL,4520
1712150,DeSoto Cons SD 86,IL,198
1712210,Diamond Lake SD 76,IL,810
1712240,Dieterich CUSD 30,IL,632
1712330,Dixon USD 170,IL,2436
1712420,Dolton SD 149,IL,2192
1712450,Dolton SD 148,IL,2077
1712480,Dongola USD 66,IL,221
1712510,Donovan CUSD 3,IL,298
1712540,Downers Grove GSD 58,IL,4811
1712570,CHSD 99,IL,4673
1712700,Dunlap CUSD 323,IL,4837
1712720,Comm Unit School District No 196,IL,884
1712760,Du Quoin CUSD 300,IL,1329
1712810,Durand CUSD 322,IL,509
1712840,Dwight Common SD 232,IL,519
1712870,Dwight Twp HSD 230,IL,211
1712930,Earlville CUSD 9,IL,405
1712960,East Alton SD 13,IL,716
1712990,East Alton-Wood River CHSD 14,IL,539
1713050,East Dubuque USD 119,IL,623
1713140,East Maine SD 63,IL,3706
1713170,East Moline SD 37,IL,2641
1713230,East Peoria CHSD 309,IL,823
1713240,East Peoria SD 86,IL,1401
1713260,East Prairie SD 73,IL,513
1713290,Richland County CUSD 1,IL,2145
1713320,East St Louis SD 189,IL,4646
1713370,Edgar County CUD 6,IL,267
1713410,Edinburg CUSD 4,IL,212
1713440,Lindop SD 92,IL,307
1713500,Edwards County CUSD 1,IL,821
1713530,Edwardsville CUSD 7,IL,7060
1713560,Effingham CUSD 40,IL,2261
1713590,Egyptian CUSD 5,IL,304
1713660,Eldorado CUSD 4,IL,1105
1713710,SD U-46,IL,34036
1713770,Comm Cons SD 59,IL,5869
1713860,Elverado CUSD 196,IL,348
1713920,Tri Valley CUSD 3,IL,1074
1713940,DuPage HSD 88,IL,3830
1713970,Elmhurst SD 205,IL,8280
1714050,Elmwood CUSD 322,IL,622
1714100,Elmwood Park CUSD 401,IL,2908
1714160,Elwood CCSD 203,IL,331
1714220,Harmony Emge SD 175,IL,735
1714250,Emmons SD 33,IL,288
1714350,Erie CUSD 1,IL,603
1714410,Eswood CCSD 269,IL,82
1714430,Eureka CUD 140,IL,1551
1714460,Evanston CCSD 65,IL,6136
1714490,Evanston Twp HSD 202,IL,3560
1714550,Evergreen Park ESD 124,IL,1735
1714580,Evergreen Park CHSD 231,IL,941
1714640,Ewing Northern CCSD 115,IL,231
1714710,Fairfield PSD 112,IL,617
1714760,Fairmont SD 89,IL,300
1714820,Fairview SD 72,IL,718
1714940,Farrington CCSD 99,IL,46
1715030,Fenton CHSD 100,IL,1396
1715090,Field CCSD 3,IL,233
1715100,Fieldcrest CUSD 6,IL,862
1715180,Fisher CUSD 1,IL,610
1715400,Flora CUSD 35,IL,1320
1715420,Flossmoor SD 161,IL,2302
1715450,Forest Park SD 91,IL,724
1715480,Forest Ridge SD 142,IL,1539
1715490,Forrestville Valley CUSD 221,IL,714
1715630,Fox Lake GSD 114,IL,600
1715660,Fox River Grove Cons SD 3,IL,413
1715700,Frankfort CCSD 157C,IL,2676
1715750,Franklin CUSD 1,IL,284
1715780,Franklin Park SD 84,IL,1254
1715820,Freeburg CCSD 70,IL,752
1715840,Freeburg CHSD 77,IL,689
1715880,Serena CUSD 2,IL,611
1715900,Freeport SD 145,IL,3703
1715930,Fremont SD 79,IL,2086
1716020,Galatia CUSD 1,IL,382
1716050,Galena USD 120,IL,836
1716080,Galesburg CUSD 205,IL,3863
1716140,Galva CUSD 224,IL,471
1716230,Gardner CCSD 72C,IL,146
1716260,Gardner S Wilmington Twp HSD 73,IL,154
1716290,Gavin SD 37,IL,792
1716320,Geff CCSD 14,IL,100
1716350,Geneseo CUSD 228,IL,2422
1716380,Geneva CUSD 304,IL,5043
1716410,Genoa Kingston CUSD 424,IL,1503
1716530,Germantown SD 60,IL,258
1716560,Germantown Hills SD 69,IL,813
1716590,Giant City CCSD 130,IL,218
1716650,Gifford CCSD 188,IL,151
1716680,Gillespie CUSD 7,IL,1095
1716800,Glen Ellyn SD 41,IL,3482
1716830,Glenbard Twp HSD 87,IL,7810
1716860,Glencoe SD 35,IL,1226
1716920,Glenview CCSD 34,IL,4287
1716950,Brookwood SD 167,IL,1098
1717040,Woodridge SD 68,IL,2927
1717160,Gower SD 62,IL,940
1717190,Grand Prairie CCSD 6,IL,63
1717220,Grand Ridge CCSD 95,IL,212
1717280,Granite City CUSD 9,IL,5747
1717310,Grant CCSD 110,IL,569
1717340,Grant CHSD 124,IL,1769
1717370,Grant Park CUSD 6,IL,452
1717490,Grass Lake SD 36,IL,186
1717520,Grayslake CCSD 46,IL,3650
1717550,Grayslake CHSD 127,IL,2583
1717580,Grayville CUSD 1,IL,275
1717670,Greenfield CUSD 10,IL,417
1717700,Greenview CUSD 200,IL,224
1717730,Bond County CUSD 2,IL,1550
1717790,Griggsville-Perry CUSD 4,IL,329
1717800,Gurnee SD 56,IL,1836
1717850,Northbrook ESD 27,IL,1340
1718030,Hall HSD 502,IL,388
1718060,Hamilton CCSD 328,IL,577
1718090,Hampton SD 29,IL,225
1718180,Calhoun CUSD 40,IL,507
1718200,Hardin County CUSD 1,IL,498
1718240,Harlem UD 122,IL,6108
1718270,Harrisburg CUSD 3,IL,1781
1718360,Harrison SD 36,IL,447
1718390,Hartsburg Emden CUSD 21,IL,175
1718420,Harvard CUSD 50,IL,2532
1718450,Harvey SD 152,IL,1487
1718480,W Harvey-Dixmoor PSD 147,IL,814
1718510,Havana CUSD 126,IL,819
1718570,Hawthorn CCSD 73,IL,3496
1718600,Hazel Crest SD 152-5,IL,891
1718810,Herrin CUSD 4,IL,2320
1718840,Herscher CUSD 2,IL,1686
1718870,Heyworth CUSD 4,IL,873
1718960,High Mount SD 116,IL,325
1718990,Highland CUSD 5,IL,2730
1719080,Twp HSD 113,IL,3098
1719110,LaGrange Highlands SD 106,IL,994
1719200,Hillsboro CUSD 3,IL,1518
1719230,Hillside SD 93,IL,440
1719260,Hinckley Big Rock CUSD 429,IL,730
1719290,Hinsdale CCSD 181,IL,3574
1719320,Hinsdale Twp HSD 86,IL,3815
1719420,Hollis Cons SD 328,IL,147
1719500,Homer CCSD 33C,IL,3704
1719530,Homewood SD 153,IL,1856
1719560,Homewood Flossmoor CHSD 233,IL,2707
1719620,Hononegah CHD 207,IL,1814
1719660,Hoopeston Area CUSD 11,IL,1064
1719680,Hoover-Schrum Memorial SD 157,IL,845
1719830,Huntley Comm Sch Dist 158,IL,8401
1719920,Hutsonville CUSD 1,IL,267
1719960,Illini Bluffs CUSD 327,IL,855
1719970,Il Valley Central USD 321,IL,2071
1720170,Iroquois County CUSD 9,IL,939
1720180,Iroquois West CUSD 10,IL,854
1720190,Irvington CCSD 11,IL,64
1720220,Itasca SD 10,IL,960
1720250,Iuka CCSD 7,IL,231
1720280,Jacksonville SD 117,IL,3231
1720370,Jasper CCSD 17,IL,170
1720380,Jasper County CUD 1,IL,1197
1720430,Jersey CUSD 100,IL,2365
1720490,Johnsburg CUSD 12,IL,1681
1720550,Johnston City CUSD 1,IL,1057
1720580,Joliet PSD 86,IL,9333
1720610,Joliet Twp HSD 204,IL,6746
1720640,County of Union Sch Dist No43,IL,338
1720760,Kankakee SD 111,IL,4602
1720790,Kansas CUSD 3,IL,168
1720880,Keeneyville SD 20,IL,1301
1720910,Kell Cons SD 2,IL,64
1720970,Kenilworth SD 38,IL,471
1721000,Kewanee CUSD 229,IL,1963
1721030,Kildeer Countryside CCSD 96,IL,3419
1721130,Kings Cons SD 144,IL,81
1721180,Kinnikinnick CCSD 131,IL,1681
1721270,Kirby SD 140,IL,3495
1721300,Hiawatha CUSD 426,IL,427
1721390,Knoxville CUSD 202,IL,917
1721420,Komarek SD 94,IL,570
1721450,Darien SD 61,IL,1237
1721510,Ladd CCSD 94,IL,183
1721600,La Grange SD 102,IL,2875
1721630,La Grange SD 105 South,IL,1212
1721680,La Moille CUSD 303,IL,182
1721720,Lake Bluff ESD 65,IL,877
1721750,Lake Forest SD 67,IL,1652
1721780,Lake Forest CHSD 115,IL,1359
1721840,Lake Park CHSD 108,IL,2522
1721870,Lake Villa CCSD 41,IL,2388
1721900,Lake Zurich CUSD 95,IL,5772
1722020,Lansing SD 158,IL,2547
1722050,Laraway CCSD 70C,IL,433
1722080,La Salle ESD 122,IL,919
1722110,La Salle-Peru Twp HSD 120,IL,1167
1722130,Red Hill CUSD 10,IL,903
1722150,Lawrence County CUD 20,IL,1061
1722300,Lebanon CUSD 9,IL,530
1722350,Paw Paw CUSD 271,IL,129
1722500,Lemont Twp HSD 210,IL,1284
1722530,Lena Winslow CUSD 202,IL,817
1722620,LeRoy CUSD 2,IL,739
1722710,Lexington CUSD 7,IL,511
1722740,Leyden CHSD 212,IL,3527
1722770,Liberty CUSD 2,IL,589
1722800,Libertyville SD 70,IL,2190
1722830,CHSD 128,IL,3196
1722860,Lick Creek CCSD 16,IL,126
1722870,Leland CUSD 1,IL,263
1722920,Limestone Walters CCSD 316,IL,169
1722950,Limestone CHSD 310,IL,898
1722980,Lincoln ESD 27,IL,1056
1723050,Lincoln CHSD 404,IL,764
1723070,Lincoln Way CHSD 210,IL,6734
1723090,Lincolnshire-Prairieview SD 103,IL,1878
1723100,Lincolnwood SD 74,IL,1196
1723160,Lisbon CCSD 90,IL,121
1723200,Lisle CUSD 202,IL,1562
1723250,Litchfield CUSD 12,IL,1279
1723350,Lockport Twp HSD 205,IL,3678
1723460,Lombard SD 44,IL,2989
1723640,Brooklyn UD 188,IL,118
1723700,Ludlow CCSD 142,IL,52
1723730,Will County SD 92,IL,1435
1723850,Lyons SD 103,IL,2042
1723880,Lyons Twp HSD 204,IL,3706
1723920,Macomb CUSD 185,IL,2075
1723970,Madison CUSD 12,IL,613
1724000,Maercker SD 60,IL,1430
1724060,Mahomet-Seymour CUSD 3,IL,3468
1724090,Maine Township HSD 207,IL,6272
1724120,Malden CCSD 84,IL,79
1724270,Manhattan SD 114,IL,2011
1724330,Mannheim SD 83,IL,2338
1724390,Manteno CUSD 5,IL,1801
1724420,Northbrook/Glenview SD 30,IL,1250
1724480,Kaneland CUSD 302,IL,3908
1724570,Marengo CHSD 154,IL,685
1724600,Marion CUSD 2,IL,3684
1724650,Marissa CUSD 40,IL,492
1724720,Prairie-Hills ESD 144,IL,2473
1724750,Maroa Forsyth CUSD 2,IL,1212
1724780,Marquardt SD 15,IL,2310
1724870,Marshall CUSD 2C,IL,1181
1724900,Martinsville CUSD 3C,IL,384
1724940,Mascoutah CUD 19,IL,4345
1725000,Massac UD 1,IL,1826
1725020,Matteson ESD 162,IL,2405
1725050,Mattoon CUSD 2,IL,2983
1725110,Maywood-Melrose Park-Broadview 89,IL,4081
1725190,Mazon-Verona-Kinsman ESD 2C,IL,316
1725260,McClellan CCSD 12,IL,56
1725290,McHenry CCSD 15,IL,4025
1725320,McHenry CHSD 156,IL,2214
1725500,Medinah SD 11,IL,744
1725590,CUSD 4,IL,672
1725620,Mendota CCSD 289,IL,1042
1725650,Mendota Twp HSD 280,IL,493
1725680,Meredosia-Chambersburg CUSD 11,IL,212
1725690,Meridian CUSD 223,IL,1469
1725740,Metamora CCSD 1,IL,829
1725770,County of Woodford School,IL,896
1725920,Midlothian SD 143,IL,1620
1726100,Millburn CCSD 24,IL,1099
1726180,Fairfield Comm H S Dist 225,IL,444
1726190,Millstadt CCSD 160,IL,699
1726250,Miller Twp CCSD 210,IL,195
1726310,Minooka CCSD 201,IL,4361
1726340,Minooka CHSD 111,IL,2918
1726370,Mokena SD 159,IL,1557
1726400,Moline-Coal Valley CUSD 40,IL,7257
1726430,Momence CUSD 1,IL,970
1726490,Monroe SD 70,IL,274
1726550,Monticello CUSD 25,IL,1707
1726590,Montmorency CCSD 145,IL,209
1726610,Morris SD 54,IL,1082
1726640,Morris CHSD 101,IL,926
1726710,Morrison CUSD 6,IL,973
1726760,Morrisonville CUSD 1,IL,287
1726800,Morton CUSD 709,IL,3247
1726820,Golf ESD 67,IL,631
1726850,Morton Grove SD 70,IL,885
1726880,J S Morton HSD 201,IL,7709
1726970,Meridian CUSD 101,IL,419
1727180,Mount Olive CUSD 5,IL,479
1727210,Mount Prospect SD 57,IL,2105
1727290,Mt Pulaski CUSD 23,IL,547
1727300,Brown County CUSD 1,IL,673
1727340,Mount Vernon SD 80,IL,1445
1727360,Mt Vernon Twp HSD 201,IL,1233
1727390,Mt Zion CUSD 3,IL,2427
1727450,Mulberry Grove CUSD 1,IL,302
1727540,Mundelein ESD 75,IL,1570
1727570,Mundelein Cons HSD 120,IL,2282
1727610,Murphysboro CUSD 186,IL,1877
1727710,Naperville CUSD 203,IL,16047
1727720,Nashville CCSD 49,IL,622
1727740,Nashville CHSD 99,IL,359
1727780,Nauvoo-Colusa CUSD 325,IL,208
1727840,Neoga CUSD 3,IL,521
1727930,Nettle Creek CCSD 24C,IL,77
1727960,New Athens CUSD 60,IL,488
1727990,New Berlin CUSD 16,IL,863
1728110,New Hope CCSD 6,IL,204
1728140,New Lenox SD 122,IL,4956
1728160,New Simpson Hill SD 32,IL,228
1728200,New Trier Twp HSD 203,IL,3656
1728260,Newark CHSD 18,IL,175
1728270,Newark CCSD 66,IL,205
1728500,Niles ESD 71,IL,666
1728530,Niles Twp HSD 219,IL,4645
1728560,Nokomis CUSD 22,IL,601
1728620,McLean County USD 5,IL,12407
1728650,Norridge SD 80,IL,1111
1728700,North Boone CUSD 200,IL,1470
1728810,North Clay CUSD 25,IL,557
1728890,North Palos SD 117,IL,3350
1728920,N Pekin & Marquette Hght SD 102,IL,453
1728980,Northbrook SD 28,IL,1828
1729010,Glenbrook HSD 225,IL,5034
1729040,Norwood ESD 63,IL,374
1729100,Oak Grove SD 68  Bartonville,IL,285
1729130,Oak Grove SD 68 Green Oaks,IL,911
1729190,Oak Lawn-Hometown SD 123,IL,3395
1729220,Oak Lawn CHSD 229,IL,1867
1729250,Oak Park ESD 97,IL,5560
1729280,Oak Park - River Forest SD 200,IL,3307
1729310,Oakdale CCSD 1,IL,58
1729340,Oakland CUSD 5,IL,246
1729420,Oblong CUSD 4,IL,526
1729520,Odell CCSD 435,IL,155
1729670,Oglesby ESD 125,IL,444
1729700,Ohio CCSD 17,IL,85
1729730,Ohio CHSD 505,IL,22
1729760,O Fallon CCSD 90,IL,3862
1729790,O Fallon Twp HSD 203,IL,2540
1729890,Olympia CUSD 16,IL,1740
1729940,R O W V A CUSD 208,IL,617
1730060,Orangeville CUSD 203,IL,330
1730160,Oregon CUSD 220,IL,1406
1730200,Orion CUSD 223,IL,963
1730220,Orland SD 135,IL,5186
1730270,CUSD 308,IL,16766
1730300,Ottawa ESD 141,IL,1747
1730330,Ottawa Twp HSD 140,IL,1223
1730420,Palatine CCSD 15,IL,11321
1730450,Township HSD 211,IL,12458
1730480,Palestine CUSD 3,IL,354
1730510,CCSD 180,IL,483
1730540,Northwestern CUSD 2,IL,323
1730570,Palos Heights SD 128,IL,830
1730600,Palos CCSD 118,IL,2122
1730630,Pana CUSD 8,IL,1159
1730660,Panhandle CUSD 2,IL,437
1730750,Paris-Union SD 95,IL,1231
1730780,Paris CUSD 4,IL,622
1730810,Park Forest SD 163,IL,1524
1730840,Park Ridge CCSD 64,IL,4654
1730870,Patoka CUSD 100,IL,201
1730900,Gen George Patton SD 133,IL,184
1730930,Pawnee CUSD 11,IL,572
1730990,Payson CUSD 1,IL,449
1731020,Pearl City CUSD 200,IL,418
1731050,Pecatonica CUSD 321,IL,889
1731080,Pekin PSD 108,IL,3126
1731110,Pekin CSD 303,IL,1712
1731140,Pembroke CCSD 259,IL,193
1731200,Pennoyer SD 79,IL,419
1731230,Peoria SD 150,IL,12913
1731270,Peoria Heights CUSD 325,IL,703
1731290,Peotone CUSD 207U,IL,1280
1731380,Peru ESD 124,IL,966
1731410,Porta CUSD 202,IL,1034
1731500,Southwestern CUSD 9,IL,1149
1731560,CCSD 204,IL,210
1731620,Pinckneyville CHSD 101,IL,403
1731710,Pikeland CUSD 10,IL,1200
1731740,Plainfield SD 202,IL,24556
1731770,Plano CUSD 88,IL,2398
1731860,Pleasant Hill SD 69,IL,164
1731890,Pleasant Hill CUSD 3,IL,353
1731920,Pleasant Plains CUSD 8,IL,1294
1731950,Pleasant Valley SD 62,IL,414
1732040,Pleasantdale SD 107,IL,818
1732090,Potomac CUSD 10,IL,137
1732100,Polo CUSD 222,IL,594
1732160,Pontiac CCSD 429,IL,1135
1732190,Pontiac-W Holliday SD 105,IL,630
1732220,Pontiac Twp HSD 90,IL,658
1732280,Pope Co CUD 1,IL,442
1732370,Posen-Robbins ESD 143-5,IL,1286
1732490,Prairie Du Rocher CCSD 134,IL,114
1732520,Prairie Grove CSD 46,IL,909
1732550,Prairie Hill CCSD 133,IL,795
1732580,Adlai E Stevenson HSD 125,IL,4758
1732670,Princeton ESD 115,IL,1091
1732700,Princeton HSD 500,IL,479
1732770,Princeville CUSD 326,IL,642
1732830,Prophetstown-Lyndon-Tampico CUSD3,IL,738
1732850,Prospect Heights SD 23,IL,1476
1732910,Proviso Twp HSD 209,IL,4458
1732960,Putnam County CUSD 535,IL,773
1732970,Queen Bee SD 16,IL,1608
1733000,Quincy SD 172,IL,6264
1733030,Raccoon Cons SD 1,IL,204
1733090,Ramsey CUSD 204,IL,393
1733120,Rankin CSD 98,IL,196
1733210,Rantoul City SD 137,IL,1656
1733240,Rantoul Township HSD 193,IL,901
1733270,Reavis Twp HSD 220,IL,1930
1733300,Red Bud CUSD 132,IL,978
1733380,Reed Custer CUSD 255U,IL,1393
1733390,Rhodes SD 84-5,IL,499
1733420,Rich Twp HSD 227,IL,2433
1733450,Richland GSD 88A,IL,774
1733510,Richmond-Burton CHSD 157,IL,521
1733690,Ridgeland SD 122,IL,2394
1733720,Ridgewood CHSD 234,IL,988
1733750,Riley CCSD 18,IL,277
1733810,River Forest SD 90,IL,1333
1733840,River Grove SD 85-5,IL,722
1733870,River Trails SD 26,IL,1462
1733930,Riverdale CUSD 100,IL,1095
1733950,River Bend CUSD 2,IL,998
1733990,Riverside SD 96,IL,1794
1734020,Riverside-Brookfield Twp SD 208,IL,1663
1734100,Riverton CUSD 14,IL,1219
1734110,Riverview CCSD 2,IL,220
1734140,Roanoke Benson CUSD 60,IL,449
1734170,Robein SD 85,IL,150
1734230,Robinson CUSD 2,IL,1537
1734260,Rochelle CCSD 231,IL,1597
1734290,Rochelle Twp HSD 212,IL,859
1734320,Rochester CUSD 3A,IL,2012
1734350,Rock Falls ESD 13,IL,927
1734380,Rock Falls Twp HSD 301,IL,530
1734410,Rock Island SD 41,IL,6292
1734440,Rockridge CUSD 300,IL,1082
1734470,Rockdale SD 84,IL,257
1734510,Rockford SD 205,IL,28467
1734540,Rockton SD 140,IL,1579
1734590,Rome CCSD 2,IL,286
1734620,Rondout SD 72,IL,151
1734650,Rooks Creek CCSD 425,IL,52
1734710,Roselle SD 12,IL,707
1734740,Schaumburg CCSD 54,IL,15298
1734770,Rosemont ESD 78,IL,221
1734870,Rossville-Alvin CUSD 7,IL,409
1734990,Round Lake CUSD 116,IL,6103
1735010,Roxana CUSD 1,IL,1708
1735100,Rutland CCSD 230,IL,70
1735160,Salem SD 111,IL,949
1735190,Salem CHSD 600,IL,706
1735220,Salt Creek SD 48,IL,499
1735310,Sandoval CUSD 501,IL,429
1735340,Sandridge SD 172,IL,423
1735370,Sandwich CUSD 430,IL,1872
1735400,Saratoga CCSD 60C,IL,786
1735460,CCSD 168,IL,1243
1735610,Scales Mound CUSD 211,IL,257
1735640,Schiller Park SD 81,IL,1344
1735770,Selmaville CCSD 10,IL,223
1735820,Seneca CCSD 170,IL,465
1735850,Seneca Twp HSD 160,IL,378
1735940,Sesser-Valier CUSD 196,IL,548
1735970,Indian Creek CUSD 425,IL,750
1736090,Shelbyville CUSD 4,IL,1248
1736180,Sherrard CUSD 200,IL,1305
1736210,Shiloh Village SD 85,IL,576
1736240,Shirland CCSD 134,IL,99
1736300,ESD 159,IL,1653
1736330,Signal Hill SD 181,IL,291
1736360,Silvis SD 34,IL,591
1736450,Skokie SD 68,IL,1809
1736480,Skokie SD 69,IL,1842
1736510,Smithton CCSD 130,IL,541
1736570,Somonauk CUSD 432,IL,771
1736600,County of Winnebago SD 320,IL,895
1736610,Southeastern CUSD 337,IL,429
1736640,South Fork SD 14,IL,284
1736720,South Holland SD 150,IL,784
1736750,South Holland SD 151,IL,1319
1736780,South Pekin SD 137,IL,180
1736810,Burbank SD 111,IL,3257
1736840,South Wilmington CCSD 74,IL,73
1736900,Sparta CUSD 140,IL,1153
1736960,Spoon River Valley CUSD 4,IL,236
1737020,Spring Lake CCSD 606,IL,55
1737050,Spring Valley CCSD 99,IL,632
1737080,Springfield SD 186,IL,13014
1737170,St Charles CUSD 303,IL,11731
1737230,St Elmo CUSD 202,IL,390
1737320,St George CCSD 258,IL,395
1737350,Triad CUSD 2,IL,4009
1737380,St Joseph CCSD 169,IL,748
1737410,St Joseph Ogden CHSD 305,IL,457
1737440,St Libory Cons SD 30,IL,65
1737470,St Rose SD 14-15,IL,167
1737490,Stark County CUSD 100,IL,669
1737590,Staunton CUSD 6,IL,1165
1737650,Steeleville CUSD 138,IL,471
1737680,Steger SD 194,IL,1507
1737800,Steward ESD 220,IL,57
1737830,Stewardson-Strasburg CUD 5A,IL,433
1737860,Central Stickney SD 110,IL,262
1737980,Stockton CUSD 206,IL,490
1738070,Woodland CUSD 5,IL,458
1738100,Streator Twp HSD 40,IL,764
1738130,Sullivan CUSD 300,IL,1148
1738190,Summersville SD 79,IL,283
1738220,Summit Hill SD 161,IL,2333
1738370,Sunnybrook SD 171,IL,1025
1738400,Sunset Ridge SD 29,IL,515
1738460,Sycamore CUSD 427,IL,3720
1738490,V I T CUSD 2,IL,327
1738520,Taft SD 90,IL,272
1738550,Tamaroa School Dist 5,IL,100
1738700,Taylorville CUSD 3,IL,2172
1738760,Teutopolis CUSD 50,IL,1125
1738790,Thomasboro CCSD 130,IL,148
1738910,Thornton SD 154,IL,249
1738940,Thornton Fractional Twp HSD 215,IL,3228
1738970,Thornton Twp HSD 205,IL,4509
1739030,CCSD 146,IL,2325
1739090,Cumberland CUSD 77,IL,972
1739120,Tolono CUSD 7,IL,1487
1739180,Tonica CCSD 79,IL,98
1739390,Tremont CUSD 702,IL,883
1739420,Wesclin CUSD 3,IL,1288
1739450,Tri City CUSD 1,IL,564
1739480,Tri Point CUSD 6-J,IL,343
1739510,Troy CCSD 30C,IL,3971
1739600,Tuscola CUSD 301,IL,904
1739630,Century CUSD 100,IL,331
1739660,Union SD 81,IL,143
1739780,Union Ridge SD 86,IL,664
1739870,United Twp HSD 30,IL,1862
1739930,Unity Point CCSD 140,IL,620
1739960,Urbana SD 116,IL,4197
1740070,Valley View CUSD 365U,IL,14710
1740080,Valmeyer CUSD 3,IL,335
1740140,Vandalia CUSD 203,IL,1465
1740200,Venice CUSD 3,IL,62
1740260,Vienna SD 55,IL,386
1740290,Vienna HSD 133,IL,332
1740320,Villa Grove CUSD 302,IL,599
1740350,SD 45 DuPage County,IL,3162
1740410,Virginia CUSD 64,IL,336
1740440,CHSD 94,IL,2040
1740470,Wabash CUSD 348,IL,1382
1740500,CCSD 89,IL,2260
1740530,Wallace CCSD 195,IL,420
1740620,Waltham CCSD 185,IL,246
1740650,Waltonville CUSD 1,IL,310
1740680,North Wamac SD 186,IL,122
1740740,Warren CUSD 205,IL,363
1740800,Warren Twp HSD 121,IL,3537
1740830,Warrensburg-Latham CUSD 11,IL,1014
1740890,Warsaw CUSD 316,IL,398
1740920,Lowpoint-Washburn CUSD 21,IL,313
1740980,Washington CHSD 308,IL,1399
1741010,District 50 Schools,IL,577
1741040,Washington SD 52,IL,820
1741070,Waterloo CUSD 5,IL,2767
1741190,Wauconda CUSD 118,IL,4186
1741250,Waukegan CUSD 60,IL,13640
1741280,Waverly CUSD 6,IL,329
1741360,Wayne City CUSD 100,IL,477
1741520,Calumet City SD 155,IL,966
1741550,West Chicago ESD 33,IL,3233
1741580,Frankfort CUSD 168,IL,1517
1741600,West Lincoln-Broadwell ESD 92,IL,217
1741690,Indian Prairie CUSD 204,IL,26108
1741700,West Northfield SD 31,IL,1010
1741750,West Washington Co CUD 10,IL,521
1741790,Westchester SD 92-5,IL,1041
1741820,Western Springs SD 101,IL,1416
1741980,CUSD 201,IL,1330
1742060,Wethersfield CUSD 230,IL,513
1742180,CUSD 200,IL,11639
1742210,Wheeling CCSD 21,IL,6298
1742240,North Greene CUSD 3,IL,837
1742300,Whiteside SD 115,IL,1155
1742310,Sterling CUSD 5,IL,3253
1742450,Williamsfield CUSD 210,IL,308
1742480,Williamsville CUSD 15,IL,1458
1742510,Willow Grove SD 46,IL,127
1742570,Willow Springs SD 108,IL,414
1742600,Wilmette SD 39,IL,3288
1742630,Wilmington CUSD 209U,IL,1261
1742660,Winchester CUSD 1,IL,567
1742690,Windsor CUSD 1,IL,359
1742720,Winfield SD 34,IL,311
1742790,Winnebago CUSD 323,IL,1267
1742840,Winnetka SD 36,IL,1803
1742900,Winthrop Harbor SD 1,IL,586
1742960,Wolf Branch SD 113,IL,823
1742990,Shawnee CUSD 84,IL,270
1743020,Wood Dale SD 7,IL,890
1743050,Wood River-Hartford ESD 15,IL,579
1743110,Woodland CCSD 50,IL,4563
1743330,Woodstock CUSD 200,IL,6097
1743380,Worth SD 127,IL,1015
1743800,Zeigler-Royalton CUSD 188,IL,489
1743860,Zion ESD 6,IL,2176
1743890,Zion-Benton Twp HSD 126,IL,2533
1743960,Yorkville CUSD 115,IL,7174
1743962,Midwest Central CUSD 191,IL,848
1743966,St. Anne Unit District 24,IL,472
1800008,White River Valley School District,IN,704
1800009,Blue River Career Programs,IN,0
1800030,MSD Southwest Allen County Schls,IN,7502
1800060,Adams Central Community Schools,IN,1357
1800107,Tri-Township Cons School Corp,IN,284
1800118,North Central Parke Comm Schl Corp,IN,1180
1800120,Alexandria Community School Corp,IN,1374
1800150,Anderson Community School Corp,IN,6181
1800180,Argos Community Schools,IN,639
1800210,Attica Consolidated School Corp,IN,537
1800212,Borden-Henryville School Corporation,IN,1733
1800213,Silver Creek School Corporation,IN,3214
1800240,South Dearborn Community Sch Corp,IN,1849
1800270,Avon Community School Corp,IN,10742
1800330,Barr-Reeve Community Schools Inc,IN,1029
1800360,Bartholomew Con School Corp,IN,11657
1800390,Batesville Community School Corp,IN,2220
1800420,Baugo Community Schools,IN,1849
1800450,Beech Grove City Schools,IN,2790
1800480,Benton Community School Corp,IN,1601
1800570,Blackford County Schools,IN,1412
1800600,Bloomfield School District,IN,852
1800630,Monroe County Community Sch Corp,IN,10480
1800660,Blue River Valley Schools,IN,620
1800690,North Harrison Com School Corp,IN,2076
1800720,MSD Bluffton-Harrison,IN,1813
1800750,MSD Boone Township,IN,996
1800840,Clay Community Schools,IN,3995
1800900,Bremen Public Schools,IN,1497
1800960,Brown County School Corporation,IN,1549
1801020,Brownsburg Community School Corp,IN,10503
1801050,Brownstown Cnt Com Sch Corp,IN,1391
1801060,C A Beard Memorial School Corp,IN,1077
1801170,Cannelton City Schools,IN,216
1801200,Carmel Clay Schools,IN,16145
1801230,Medora Community School Corp,IN,185
1801290,Carroll Consolidated School Corp,IN,1023
1801410,Caston School Corporation,IN,816
1801440,Center Grove Community School Corp,IN,9736
1801560,Centerville-Abington Com Schs,IN,1755
1801590,DeKalb Co Ctl United Sch Dist,IN,3537
1801710,Central Noble Com School Corp,IN,1095
1801740,Perry Central Com Schools Corp,IN,1275
1801770,Randolph Central School Corp,IN,1408
1801890,Clark-Pleasant Community Sch Corp,IN,7179
1801920,Clarksville Community School Corp,IN,7174
1802040,Northwestern School Corp,IN,1847
1802130,Clinton Central School Corporation,IN,902
1802160,Clinton Prairie School Corporation,IN,1153
1802190,South Central Com School Corp,IN,986
1802220,Cloverdale Community Schools,IN,3029
1802280,Whitley County Con Schools,IN,3686
1802400,Concord Community Schools,IN,5212
1802430,Covington Community School Corp,IN,903
1802440,Crawford County Community Sch Corp,IN,1235
1802460,Crawfordsville Community Schools,IN,2730
1802490,Crown Point Community School Corp,IN,9147
1802520,Culver Community Schools Corp,IN,777
1802550,Danville Community School Corp,IN,2795
1802610,Decatur County Community Schools,IN,1764
1802640,MSD Decatur Township,IN,6485
1802660,Delaware Community School Corp,IN,2581
1802700,Delphi Community School Corp,IN,1311
1802800,Duneland School Corporation,IN,5732
1802830,Zionsville Community Schools,IN,7971
1802850,East Allen County Schools,IN,10136
1802880,School City of East Chicago,IN,3225
1802910,Lake Station Community Schools,IN,1030
1802940,East Gibson School Corporation,IN,682
1802970,East Noble School Corporation,IN,3345
1803000,East Washington School Corp,IN,1316
1803030,Eastbrook Community Sch Corp,IN,1579
1803060,DeKalb Co Eastern Com Sch Dist,IN,1241
1803090,Eastern Greene Schools,IN,1111
1803120,Eastern Hancock Co Com Sch Corp,IN,1219
1803150,Eastern Howard School Corporation,IN,1603
1803180,Randolph Eastern School Corp,IN,915
1803210,Shelby Eastern Schools,IN,1292
1803240,Edinburgh Community School Corp,IN,793
1803270,Elkhart Community Schools,IN,10714
1803300,Elwood Community School Corp,IN,1462
1803330,Eminence Community School Corp,IN,259
1803450,Evansville Vanderburgh School Corp,IN,21589
1803480,Fairfield Community Schools,IN,2209
1803510,Fayette County School Corporation,IN,3103
1803570,Flat Rock-Hawcreek School Corp,IN,982
1803630,Fort Wayne Community Schools,IN,28549
1803660,Community Schools of Frankfort,IN,2972
1803690,Franklin Community School Corp,IN,4966
1803700,Franklin County Community Sch Corp,IN,1944
1803720,Lanesville Community School Corp,IN,733
1803750,Franklin Township Com Sch Corp,IN,11413
1803780,Fremont Community Schools,IN,979
1803810,Frontier School Corporation,IN,666
1803840,Garrett-Keyser-Butler Com Sch Corp,IN,1644
1803870,Gary Community School Corp,IN,4383
1803930,Goshen Community Schools,IN,6242
1803940,Greater Clark County Schools,IN,10645
1803960,Greater Jasper Consolidated Schs,IN,3383
1803990,Greencastle Community School Corp,IN,1818
1804050,Greenfield-Central Com Schools,IN,4370
1804080,Greensburg Community Schools,IN,2025
1804110,Greenwood Community Sch Corp,IN,4023
1804140,Monroe-Gregg School District,IN,1567
1804170,Griffith Public Schools,IN,2015
1804230,Hamilton Community Schools,IN,375
1804260,Hamilton Heights School Corp,IN,2341
1804320,School City of Hammond,IN,10507
1804350,Hanover Community School Corp,IN,2831
1804470,Western School Corporation,IN,2542
1804500,Wes-Del Community Schools,IN,862
1804560,School Town of Highland,IN,3165
1804590,School City of Hobart,IN,3978
1804620,River Forest Community Sch Corp,IN,1707
1804710,Huntington Co Com Sch Corp,IN,4874
1804770,Indianapolis Public Schools,IN,21055
1804800,Jac-Cen-Del Community Sch Corp,IN,781
1804980,Jay School Corporation,IN,2950
1805190,Jennings County School Corporation,IN,3800
1805280,Kankakee Valley School Corp,IN,3093
1805340,Knox Community School Corp,IN,1673
1805370,Kokomo School Corporation,IN,5197
1805400,Lafayette School Corporation,IN,7090
1805450,Lake Central School Corporation,IN,8985
1805460,Lake Ridge New Tech Schools,IN,1550
1805520,Lakeland School Corporation,IN,1509
1805550,Wawasee Community School Corp,IN,2638
1805580,La Porte Community School Corp,IN,6089
1805670,MSD Lawrence Township,IN,16747
1805700,Lawrenceburg Community School Corp,IN,2122
1805790,Lebanon Community School Corp,IN,3701
1805880,Liberty-Perry Community Sch Corp,IN,1161
1805910,Linton-Stockton School Corporation,IN,1393
1806030,Logansport Community Sch Corp,IN,4488
1806060,Loogootee Community Sch Corp,IN,762
1806080,MSD Warren County,IN,1332
1806090,Maconaquah School Corp,IN,1883
1806120,Madison Consolidated Schools,IN,2651
1806240,Madison-Grant United School Corp,IN,2024
1806270,Manchester Community Schools,IN,1377
1806390,Marion Community Schools,IN,3668
1806480,Sheridan Community Schools,IN,1169
1806510,MSD Martinsville Schools,IN,3998
1806570,Michigan City Area Schools,IN,5030
1806600,Middlebury Community Schools,IN,4028
1806630,Milan Community Schools,IN,1095
1806660,Mill Creek Community Sch Corp,IN,1610
1806840,School City of Mishawaka,IN,5063
1806870,Mississinewa Community School Corp,IN,2453
1806900,Mitchell Community Schools,IN,1476
1807020,Cowan Community School Corp,IN,727
1807080,Monroe Central School Corp,IN,1150
1807110,Eastern Pulaski Community Sch Corp,IN,1057
1807140,Mooresville Con School Corp,IN,4318
1807230,Yorktown Community Schools,IN,2793
1807260,Mt Vernon Community School Corp,IN,4940
1807290,MSD Mount Vernon,IN,1999
1807320,Muncie Community Schools,IN,5126
1807350,School Town of Munster,IN,4101
1807380,Nettle Creek School Corporation,IN,1172
1807410,New Albany-Floyd Co Con Sch,IN,11362
1807440,New Castle Community School Corp,IN,2881
1807470,MSD of New Durham Township,IN,908
1807560,New Prairie United School Corp,IN,2815
1807620,Nineveh-Hensley-Jackson United,IN,2127
1807650,Noblesville Schools,IN,10525
1807680,North Adams Community Schools,IN,1571
1807710,North Daviess Com Schools,IN,1085
1807770,North Gibson School Corporation,IN,1864
1807800,North Judson-San Pierre Sch Corp,IN,914
1807830,North Knox School Corp,IN,1158
1807860,North Lawrence Com Schools,IN,3568
1807890,North Miami Community Schools,IN,818
1807900,North Montgomery Com Sch Corp,IN,1847
1807920,North Newton School Corp,IN,1004
1807950,MSD North Posey Co Schools,IN,1455
1807980,North Putnam Community Schools,IN,1370
1808010,North Spencer County Sch Corp,IN,2166
1808040,Tri-Central Community Schools,IN,786
1808070,North Vermillion Com Sch Corp,IN,731
1808100,North West Hendricks Schools,IN,1958
1808120,Northeast Dubois Co Sch Corp,IN,833
1808130,North White School Corp,IN,904
1808160,Northeast School Corp,IN,773
1808190,Northeastern Wayne Schools,IN,1337
1808220,Norwell Community Schools,IN,2413
1808250,Northwest Allen County Schools,IN,8409
1808280,Shenandoah School Corporation,IN,1771
1808310,Northwestern Con School Corp,IN,1414
1808340,Oak Hill United School Corp,IN,1533
1808460,Oregon-Davis School Corp,IN,527
1808490,Orleans Community Schools,IN,887
1808640,Paoli Community School Corp,IN,1235
1808760,Penn-Harris-Madison School Corp,IN,11329
1808820,Perry Township Schools,IN,16243
1808850,Peru Community Schools,IN,1830
1808900,Pike County School Corp,IN,1561
1808910,MSD Pike Township,IN,10674
1808940,Pioneer Regional School Corp,IN,898
1808970,Plainfield Community School Corp,IN,5917
1809000,East Porter County School Corp,IN,2275
1809060,Plymouth Community School Corp,IN,3168
1809120,John Glenn School Corporation,IN,1993
1809150,Portage Township Schools,IN,6519
1809180,Porter Township School Corp,IN,1509
1809300,Prairie Heights Community Sch Corp,IN,1346
1809360,West Central School Corp,IN,627
1809420,Rensselaer Central School Corp,IN,1522
1809480,Richland-Bean Blossom C S C,IN,2776
1809510,Richmond Community Schools,IN,4436
1809600,Rising Sun-Ohio Co Com,IN,831
1809630,Rochester Community School Corp,IN,1593
1809690,Merrillville Community School Corp,IN,5904
1809720,Rossville Con School District,IN,933
1809750,Rush County Schools,IN,1872
1809810,Salem Community Schools,IN,1592
1809840,Daleville Community Schools,IN,988
1809990,Scott County School District 1,IN,1328
1810020,Scott County School District 2,IN,2542
1810080,Seymour Community Schools,IN,5432
1810110,MSD Shakamak Schools,IN,679
1810140,Shelbyville Central Schools,IN,3909
1810170,Shoals Community School Corp,IN,603
1810230,Smith-Green Community Schools,IN,1103
1810260,South Adams Schools,IN,1312
1810290,South Bend Community School Corp,IN,13580
1810350,South Gibson School Corporation,IN,2118
1810360,South Harrison Com Schools,IN,3123
1810380,South Henry School Corp,IN,816
1810410,South Knox School Corp,IN,1215
1810440,South Madison Com Sch Corp,IN,4670
1810450,South Montgomery Com Sch Corp,IN,1684
1810470,South Newton School Corp,IN,846
1810500,South Putnam Community Schools,IN,1105
1810530,South Ripley Com Sch Corp,IN,1100
1810560,South Spencer County Sch Corp,IN,1065
1810590,South Vermillion Com Sch Corp,IN,1548
1810620,Southeast Fountain School Corp,IN,1045
1810640,Southeast Dubois Co Sch Corp,IN,1254
1810650,Hamilton Southeastern Schools,IN,21062
1810680,Lewis Cass Schools,IN,1283
1810710,New Palestine Community Schools,IN,3959
1810740,Randolph Southern School Corp,IN,478
1810770,Southern Wells Com Schools,IN,880
1810800,Southwestern-Jefferson Co Con,IN,1263
1810830,Southwestern Con Sch Shelby Co,IN,669
1810860,Southwest School Corporation,IN,1776
1810870,Southwest Dubois Co Sch Corp,IN,2041
1810900,Southwest Parke Com Sch Corp,IN,1002
1810920,School Town of Speedway,IN,1776
1810950,Spencer-Owen Community Schools,IN,2156
1810980,Springs Valley Com School Corp,IN,877
1811100,MSD Steuben County,IN,2492
1811190,Sunman-Dearborn Com Sch Corp,IN,3682
1811220,Switzerland County School Corp,IN,1422
1811250,Taylor Community School Corp,IN,1205
1811260,Tell City-Troy Twp School Corp,IN,1351
1811340,Tippecanoe School Corp,IN,13663
1811370,Tippecanoe Valley School Corp,IN,1738
1811400,Tipton Community School Corp,IN,1366
1811430,Tri-County School Corporation,IN,791
1811460,Tri-Creek School Corporation,IN,3280
1811490,Triton School Corporation,IN,931
1811580,Twin Lakes School Corp,IN,2102
1811610,Union Co/Clg Corner Joint Sch Dist,IN,1278
1811700,Union Township School Corp,IN,1386
1811730,Union School Corporation,IN,7821
1811910,Union-North United School Corp,IN,1221
1811970,Valparaiso Community Schools,IN,6325
1812060,Crothersville Community Schools,IN,451
1812090,Vigo County School Corp,IN,13277
1812120,Vincennes Community School Corp,IN,2708
1812150,Wabash City Schools,IN,1463
1812180,MSD Wabash County Schools,IN,2256
1812240,Wa-Nee Community Schools,IN,2848
1812360,MSD Warren Township,IN,11915
1812390,Warrick County School Corp,IN,9858
1812420,Warsaw Community Schools,IN,6709
1812450,Washington Community Schools,IN,2639
1812720,MSD Washington Township,IN,11391
1812810,MSD Wayne Township,IN,16146
1812870,West Lafayette Com School Corp,IN,2343
1812880,Frankton-Lapel Community Schools,IN,3032
1812900,West Noble School Corporation,IN,2192
1812930,West Washington School Corp,IN,939
1812990,Western Boone Co Com Sch Dist,IN,1574
1813050,Western Wayne Schools,IN,739
1813080,Westfield-Washington Schools,IN,10124
1813110,Westview School Corporation,IN,1931
1813200,School City of Whiting,IN,1091
1813230,Whitko Community School Corp,IN,1103
1900006,North Fayette Valley Comm School District,IA,1052
1900009,Colfax-Mingo Comm School District,IA,686
1900015,Sibley-Ocheyedan Comm School District,IA,688
1900021,Okoboji Comm School District,IA,1196
1900022,Union Comm School District,IA,952
1900023,Sioux Central Comm School District,IA,639
1900024,South Central Calhoun Comm School District,IA,912
1900025,Panorama Comm School District,IA,672
1900026,South O'Brien  Comm School District,IA,569
1900027,Riverside Comm School District,IA,677
1900031,Albert City-Truesdale Comm School District,IA,100
1900032,Alden Comm School District,IA,148
1900040,East Marshall Comm School District,IA,616
1900060,GMG Comm School District,IA,476
1903060,AGWSR Comm School District,IA,642
1903090,Adair-Casey Comm School District,IA,260
1903150,Adel DeSoto Minburn Comm School District,IA,2278
1903220,Akron Westfield Comm School District,IA,576
1903270,Albia Comm School District,IA,1123
1903300,Alburnett Comm School District,IA,857
1903360,Algona Comm School District,IA,1622
1903390,Allamakee Comm School District,IA,1174
1903450,North Butler Comm School District,IA,525
1903480,Alta-Aurelia Comm School District,IA,829
1903540,Ames Comm School District,IA,4728
1903570,Anamosa Comm School District,IA,1128
1903630,Andrew Comm School District,IA,125
1903690,Ankeny Comm School District,IA,12746
1903750,Aplington-Parkersburg Comm School District,IA,844
1903780,Ar-We-Va Comm School District,IA,249
1903850,North Union Comm School District,IA,300
1903930,Atlantic Comm School District,IA,1621
1903960,Audubon Comm School District,IA,543
1904080,AHSTW Comm School District,IA,755
1904200,Ballard Comm School District,IA,1966
1904380,Baxter Comm School District,IA,471
1904440,BCLUW Comm School District,IA,464
1904560,Bedford Comm School District,IA,514
1904620,Belle Plaine Comm School District,IA,472
1904650,Bellevue Comm School District,IA,772
1904680,Belmond-Klemme Comm School District,IA,659
1904740,Bennett Comm School District,IA,76
1904830,Benton Comm School District,IA,1637
1904860,Bettendorf Comm School District,IA,4404
1904950,Eddyville-Blakesburg- Fremont CSD,IA,916
1905070,Bondurant-Farrar Comm School District,IA,2824
1905130,Boone Comm School District,IA,1978
1905190,Boyden-Hull Comm School District,IA,594
1905430,West Hancock Comm School District,IA,629
1905490,Brooklyn-Guernsey-Malcom Comm School District,IA,568
1905750,North Iowa Comm School District,IA,466
1905790,Burlington Comm School District,IA,3140
1905940,CAM Comm School District,IA,1950
1905970,CAL Comm School District,IA,180
1906000,Calamus-Wheatland Comm School District,IA,418
1906060,Camanche Comm School District,IA,923
1906240,Cardinal Comm School District,IA,1079
1906270,Carlisle Comm School District,IA,2290
1906330,Carroll Comm School District,IA,1684
1906510,Cedar Falls Comm School District,IA,5875
1906540,Cedar Rapids Comm School District,IA,15224
1906660,Center Point-Urbana Comm School District,IA,1370
1906750,Centerville Comm School District,IA,1243
1906780,Central City Comm School District,IA,402
1906810,Central DeWitt School District,IA,1593
1906840,Central Comm School District,IA,474
1906900,Central Decatur Comm School District,IA,632
1906930,Central Lee Comm School District,IA,1311
1906960,Central Lyon Comm School District,IA,789
1907050,Chariton Comm School District,IA,1295
1907080,Charles City Comm School District,IA,1377
1907110,Charter Oak-Ute Comm School District,IA,166
1907170,Cherokee Comm School District,IA,1163
1907350,Clarinda Comm School District,IA,1084
1907380,Clarion-Goldfield-Dows Comm School District,IA,1033
1907410,Clarke Comm School District,IA,1362
1907440,Clarksville Comm School District,IA,301
1907470,Clay Central-Everly Comm School District,IA,53
1907590,Clear Creek Amana Comm School District,IA,3156
1907620,Clear Lake Comm School District,IA,1454
1907710,Clinton Comm School District,IA,3390
1907860,College Comm School District,IA,5832
1907900,Collins-Maxwell Comm School District,IA,372
1907920,Colo-NESCO  Comm School District,IA,385
1907980,Columbus Comm School District,IA,707
1908070,Coon Rapids-Bayard Comm School District,IA,447
1908130,Corning Comm School District,IA,405
1908220,Council Bluffs Comm School District,IA,8347
1908310,Creston Comm School District,IA,1348
1908520,Dallas Center-Grimes Comm School District,IA,3760
1908550,Danville  Comm School District,IA,651
1908580,Davenport Comm School District,IA,13171
1908610,Davis County Comm School District,IA,1147
1908730,Decorah Community School District,IA,1584
1908880,Delwood Comm School District,IA,142
1908910,Denison Comm School District,IA,2274
1908940,Denver Comm School District,IA,1007
1908970,Des Moines Independent Comm School District,IA,30048
1909060,Diagonal Comm School District,IA,110
1909120,Dike-New Hartford Comm School District,IA,957
1909480,Dubuque Comm School District,IA,10262
1909540,Dunkerton Comm School District,IA,415
1909570,Boyer Valley Comm School District,IA,427
1909600,Durant Comm School District,IA,682
1909990,Eagle Grove Comm School District,IA,1032
1910050,Earlham Comm School District,IA,659
1910110,East Buchanan Comm School District,IA,567
1910130,Easton Valley Comm School District,IA,485
1910340,River Valley Comm School District,IA,291
1910350,East Union Comm School District,IA,449
1910410,Eastern Allamakee Comm School District,IA,309
1910500,Edgewood-Colesburg Comm School District,IA,490
1910690,Eldora-New Providence Comm School District,IA,489
1910950,Emmetsburg Comm School District,IA,742
1910980,English Valleys Comm School District,IA,397
1911040,Essex Comm School District,IA,188
1911070,Estherville Lincoln Central Comm School District,IA,1157
1911250,Exira-Elk Horn-Kimballton Comm School District,IA,390
1911340,Fairfield Comm School District,IA,1420
1911790,Forest City Comm School District,IA,1082
1911820,Fort Dodge Comm School District,IA,3508
1911850,Fort Madison Comm School District,IA,1808
1912120,Fremont-Mills Comm School District,IA,475
1912230,Galva-Holstein Comm School District,IA,522
1912330,Garner-Hayfield-Ventura Comm School District,IA,971
1912480,George-Little Rock Comm School District,IA,395
1912510,Gilbert Comm School District,IA,1682
1912600,Gilmore City-Bradgate Comm School District,IA,97
1912660,Gladbrook-Reinbeck Comm School District,IA,511
1912690,Glenwood Comm School District,IA,2001
1912750,Glidden-Ralston Comm School District,IA,390
1912810,Graettinger-Terril Comm School District,IA,325
1913110,Nodaway Valley Comm School District,IA,636
1913200,Grinnell-Newburg Comm School District,IA,1566
1913230,Griswold Comm School District,IA,420
1913290,Grundy Center Comm School District,IA,789
1913320,Guthrie Center Comm School District,IA,451
1913350,Clayton Ridge Comm School District,IA,2066
1913380,H-L-V Comm School District,IA,301
1913440,Hamburg Comm School District,IA,191
1913470,Hampton-Dumont Comm School District,IA,1268
1913500,Harlan Comm School District,IA,1504
1913660,Hartley-Melvin-Sanborn Comm School District,IA,645
1914010,Highland  Comm School District,IA,510
1914160,Hinton Comm School District,IA,860
1914280,Howard-Winneshiek Comm School District,IA,1048
1914310,Hubbard-Radcliffe Comm School District,IA,377
1914340,Hudson Comm School District,IA,933
1914370,Humboldt Comm School District,IA,1457
1914580,Independence Comm School District,IA,1434
1914640,Indianola Comm School District,IA,3599
1914670,Interstate 35 Comm School District,IA,843
1914700,Iowa City Comm School District,IA,15013
1914730,Iowa Falls Comm School District,IA,1228
1914850,Iowa Valley Comm School District,IA,543
1914880,IKM-Manning Comm School District,IA,703
1915180,Janesville Consolidated School District,IA,512
1915210,Greene County Comm School District,IA,1240
1915330,Jesup Comm School District,IA,1024
1915450,Johnston Comm School District,IA,7373
1915630,Keokuk Comm School District,IA,1740
1915660,Keota Comm School District,IA,279
1915750,Kingsley-Pierson Comm School District,IA,440
1915840,Knoxville Comm School District,IA,1664
1916110,Lake Mills Comm School District,IA,642
1916140,Harris-Lake Park Comm School District,IA,341
1916320,Lamoni Comm School District,IA,335
1916420,Laurens-Marathon Comm School District,IA,147
1916440,Lawton-Bronson Comm School District,IA,729
1916530,Le Mars Comm School District,IA,2239
1916620,Lenox Comm School District,IA,527
1916680,Lewis Central Comm School District,IA,3143
1917100,North Cedar Comm School District,IA,550
1917220,Linn-Mar Comm School District,IA,7430
1917250,Lisbon Comm School District,IA,762
1917460,Logan-Magnolia Comm School District,IA,725
1917550,Lone Tree Comm School District,IA,401
1917820,Louisa-Muscatine Comm School District,IA,821
1918030,Lynnville-Sully Comm School District,IA,551
1918120,MFL MarMac Comm School District,IA,879
1918180,Madrid Comm School District,IA,642
1918240,East Mills Comm School District,IA,448
1918330,Manson Northwest Webster Comm School District,IA,776
1918480,Maple Valley-Anthon Oto Comm School District,IA,610
1918510,Maquoketa Comm School District,IA,1288
1918540,Maquoketa Valley Comm School District,IA,702
1918630,Marcus-Meriden-Cleghorn Comm School District,IA,379
1918690,Marion Independent School District,IA,2163
1918720,Marshalltown Comm School District,IA,5200
1918750,Martensdale-St Marys Comm School District,IA,532
1918780,Mason City Comm School District,IA,3464
1918840,MOC-Floyd Valley Comm School District,IA,1555
1918930,Mediapolis Comm School District,IA,966
1918960,Melcher-Dallas Comm School District,IA,308
1919140,Mid-Prairie Comm School District,IA,1393
1919200,Midland Comm School District,IA,504
1919440,Missouri Valley Comm School District,IA,749
1919590,Montezuma Comm School District,IA,464
1919650,Monticello Comm School District,IA,1023
1919710,Moravia Comm School District,IA,355
1919740,Mormon Trail Comm School District,IA,230
1919770,Morning Sun Comm School District,IA,119
1919800,Moulton-Udell Comm School District,IA,188
1919860,Mount Ayr Comm School District,IA,584
1919890,Mount Pleasant Comm School District,IA,1799
1920040,Mount Vernon Comm School District,IA,1438
1920100,Murray Comm School District,IA,310
1920130,Muscatine Comm School District,IA,4358
1920190,Nashua-Plainfield Comm School District,IA,592
1920250,Nevada Comm School District,IA,1572
1920340,New Hampton Comm School District,IA,1144
1920460,New London Comm School District,IA,598
1920580,Newell-Fonda Comm School District,IA,542
1920610,Newton Comm School District,IA,2693
1920760,Central Springs Comm School District,IA,779
1920820,North Linn Comm School District,IA,550
1920830,North Kossuth Comm School District,IA,247
1920850,North Mahaska Comm School District,IA,576
1920910,North Polk Comm School District,IA,2336
1920940,North Scott Comm School District,IA,3420
1921000,North Tama County Comm School District,IA,479
1921090,Northeast Comm School District,IA,846
1921210,Northwood-Kensett Comm School District,IA,552
1921240,Norwalk Comm School District,IA,3584
1921600,Odebolt Arthur Battle Creek Ida Grove Comm School District,IA,934
1921630,Oelwein Comm School District,IA,1326
1921660,Ogden Comm School District,IA,747
1921720,Olin Consolidated School District,IA,74
1921810,Orient-Macksburg Comm School District,IA,108
1921840,Osage Comm School District,IA,988
1921870,Oskaloosa Comm School District,IA,2079
1922110,Ottumwa Comm School District,IA,5024
1922380,Paton-Churdan Comm School District,IA,185
1922440,Pekin Comm School District,IA,566
1922470,Pella Comm School District,IA,2462
1922530,Perry Comm School District,IA,1735
1923110,Pleasant Valley Comm School District,IA,5824
1923160,Pleasantville Comm School District,IA,825
1923190,Pocahontas Area Comm School District,IA,713
1923340,Postville Comm School District,IA,737
1924000,Red Oak Comm School District,IA,932
1924120,Remsen-Union Comm School District,IA,312
1924150,Riceville Comm School District,IA,431
1924660,Rock Valley Comm School District,IA,912
1924870,Roland-Story Comm School District,IA,1094
1924960,Rudd-Rockford-Marble Rk Comm School District,IA,408
1925050,Ruthven-Ayrshire Comm School District,IA,147
1925200,St Ansgar Comm School District,IA,643
1925320,Saydel Comm School District,IA,1409
1925380,Schaller-Crestland Comm School District,IA,285
1925410,Schleswig Comm School District,IA,140
1925590,Sergeant Bluff-Luton Comm School District,IA,1777
1925620,Seymour Comm School District,IA,219
1925920,West Fork Comm School District,IA,740
1925980,Sheldon Comm School District,IA,1235
1926070,Shenandoah Comm School District,IA,1227
1926250,Sidney Comm School District,IA,438
1926280,Sigourney Comm School District,IA,605
1926370,Sioux Center Comm School District,IA,1756
1926400,Sioux City Comm School District,IA,14475
1926580,Solon Comm School District,IA,1477
1926640,South Hamilton Comm School District,IA,670
1926670,South Page Comm School District,IA,36
1926730,South Tama County,IA,1368
1926790,South Winneshiek Comm School District,IA,553
1926820,Southeast Polk Comm School District,IA,7501
1926850,Southeast Warren Comm School District,IA,438
1926910,Spencer Comm School District,IA,2194
1927000,Spirit Lake Comm School District,IA,1319
1927060,Springville Comm School District,IA,478
1927240,Stanton Comm School District,IA,323
1927270,Starmont Comm School District,IA,531
1927390,Storm Lake Comm School District,IA,3003
1927480,Stratford Comm School District,IA,74
1927500,West Central Valley Comm School District,IA,852
1927600,Sumner-Fredericksburg Comm School District,IA,789
1927870,Tipton Comm School District,IA,842
1927960,Treynor Comm School District,IA,817
1927990,Tri-Center Comm School District,IA,724
1928020,Tri-County Comm School District,IA,179
1928050,Tripoli Comm School District,IA,389
1928110,Turkey Valley Comm School District,IA,383
1928170,Twin Cedars Comm School District,IA,312
1928200,Twin Rivers Comm School District,IA,45
1928230,Underwood Comm School District,IA,855
1928560,United Comm School District,IA,329
1928680,Urbandale Comm School District,IA,4208
1928980,Van Buren County Comm School District,IA,821
1929010,Van Meter Comm School District,IA,1146
1929280,Villisca Comm School District,IA,243
1929310,Vinton-Shellsburg Comm School District,IA,1558
1929490,WACO Comm School District,IA,558
1929580,East Sac County Comm School District,IA,777
1929730,Wapello Comm School District,IA,518
1929760,Wapsie Valley Comm School District,IA,652
1930240,Washington Comm School District,IA,1600
1930480,Waterloo Comm School District,IA,10635
1930510,Waukee Comm School District,IA,13917
1930540,Waverly-Shell Rock Comm School District,IA,2323
1930560,Wayne Comm School District,IA,596
1930630,Webster City Comm School District,IA,1796
1930720,West Bend-Mallard Comm School District,IA,422
1930750,West Branch Comm School District,IA,880
1930780,West Burlington Ind School District,IA,875
1930870,West Central Comm School District,IA,333
1930900,West Delaware County Comm School District,IA,1283
1930930,West Des Moines Comm School District,IA,9110
1930960,West Harrison Comm School District,IA,282
1930990,West Liberty Comm School District,IA,1291
1931020,West Lyon Comm School District,IA,973
1931080,West Marshall Comm School District,IA,917
1931110,West Monona Comm School District,IA,633
1931290,West Sioux Comm School District,IA,720
1931350,Western Dubuque Comm School District,IA,3750
1931470,Westwood Comm School District,IA,597
1931620,Whiting Comm School District,IA,139
1931680,Williamsburg Comm School District,IA,1258
1931800,Wilton Comm School District,IA,956
1931830,Winfield-Mt Union Comm School District,IA,380
1931860,Winterset Comm School District,IA,1644
1931920,Woodbine Comm School District,IA,564
1931950,Woodbury Central Comm School District,IA,584
1932010,Woodward-Granger Comm School District,IA,1230
1999017,PCM Comm School District,IA,1077
1999019,Southeast Valley Community School District,IA,1077
2000001,Southeast Of Saline,KS,698
2000002,Smoky Valley,KS,1218
2000003,Wamego,KS,1640
2000004,Rock Creek,KS,1330
2000006,Hiawatha,KS,890
2000007,Smith Center,KS,437
2000012,Barnes,KS,518
2000013,Triplains,KS,73
2000014,Central Heights,KS,541
2000015,Ottawa,KS,2150
2000016,Marysville,KS,781
2000017,Scott County,KS,941
2000020,Western Plains,KS,127
2000023,Rawlins County,KS,361
2000028,Washington Co. Schools,KS,356
2000029,Rock Hills,KS,364
2000030,Republic County,KS,519
2000346,Thunder Ridge Schools,KS,170
2000348,Doniphan West Schools,KS,387
2000349,Central Plains,KS,1225
2000350,Prairie Hills,KS,953
2000351,Riverside,KS,638
2000353,Nemaha Central,KS,751
2003180,Abilene,KS,1494
2003200,Auburn-Washburn,KS,5873
2003210,North Lyon County,KS,331
2003240,Wabaunsee,KS,409
2003270,Northern Valley,KS,150
2003300,Labette County,KS,1532
2003360,Andover,KS,9460
2003390,Chaparral Schools,KS,829
2003430,Argonia Public Schools,KS,149
2003450,Arkansas City,KS,2902
2003480,Northeast,KS,473
2003510,Ashland,KS,189
2003540,Atchison Public Schools,KS,1458
2003570,Attica,KS,169
2003630,Augusta,KS,1933
2003720,Baldwin City,KS,1398
2003780,Basehor-Linwood,KS,3096
2003810,Baxter Springs,KS,866
2003870,Beloit,KS,862
2003900,Belle Plaine,KS,573
2003960,Twin Valley,KS,595
2004020,Otis-Bison,KS,172
2004050,Bonner Springs,KS,2535
2004080,Brewster,KS,124
2004140,Bucklin,KS,195
2004170,Altoona-Midway,KS,151
2004200,Buhler,KS,2522
2004230,Central,KS,301
2004260,Burlingame Public School,KS,293
2004290,Burlington,KS,811
2004350,Burrton,KS,109
2004380,Caldwell,KS,248
2004410,Caney Valley,KS,798
2004440,Canton-Galva,KS,367
2004470,Waconda,KS,336
2004500,Cedar Vale,KS,128
2004560,Vermillion,KS,644
2004590,Chanute Public Schools,KS,1714
2004620,Chapman,KS,1134
2004650,Chase-Raymond,KS,120
2004670,Cheney,KS,823
2004710,Cherokee,KS,433
2004740,Cherryvale,KS,683
2004770,Chetopa-St. Paul,KS,396
2004790,Cheylin,KS,164
2004800,Cimarron-Ensign,KS,563
2004830,North Jackson,KS,497
2004890,Clay County,KS,1279
2004920,Clearwater,KS,1095
2004950,Clifton-Clyde,KS,310
2004980,Coffeyville,KS,1764
2005010,Colby Public Schools,KS,958
2005040,Comanche County,KS,322
2005070,Columbus,KS,994
2005100,Concordia,KS,1161
2005130,Conway Springs,KS,379
2005190,Copeland,KS,103
2005250,Chase County,KS,409
2005280,Morris County,KS,762
2005310,Pike Valley,KS,244
2005370,Cunningham,KS,226
2005400,Deerfield,KS,244
2005460,Derby,KS,7416
2005490,De Soto,KS,7295
2005520,Dexter,KS,291
2005550,Dighton,KS,225
2005580,Dodge City,KS,7268
2005610,Douglass Public Schools,KS,587
2005640,Easton,KS,687
2005700,Atchison Co Comm Schools,KS,498
2005730,El Dorado,KS,1815
2005790,Elkhart,KS,1580
2005800,Ell-Saline,KS,441
2005820,Ellinwood Public Schools,KS,430
2005850,Ellis,KS,345
2005870,Ellsworth,KS,629
2005940,Emporia,KS,4267
2006000,Erie-Galesburg,KS,438
2006060,Mission Valley,KS,452
2006090,Eudora,KS,1707
2006120,Eureka,KS,543
2006180,Fort Scott,KS,1749
2006210,Fowler,KS,87
2006240,Remington-Whitewater,KS,537
2006270,Fredonia,KS,651
2006300,Frontenac Public Schools,KS,1006
2006330,Fort Leavenworth,KS,1542
2006360,Galena,KS,827
2006390,Garden City,KS,7106
2006420,Gardner Edgerton,KS,5858
2006450,Garnett,KS,925
2006480,Girard,KS,1019
2006510,Southern Cloud,KS,60
2006540,Goddard,KS,6346
2006570,Goessel,KS,272
2006580,Goodland,KS,930
2006630,Wheatland,KS,122
2006660,Great Bend,KS,2999
2006690,Greeley County Schools,KS,246
2006720,Kiowa County,KS,261
2006780,Grinnell Public Schools,KS,78
2006840,Halstead,KS,786
2006870,Hamilton,KS,90
2006930,Southern Lyon County,KS,536
2006960,Haven Public Schools,KS,758
2006990,Haviland,KS,106
2007020,Hays,KS,3527
2007050,Haysville,KS,5465
2007080,Healy Public Schools,KS,2
2007110,Herington,KS,425
2007170,Hesston,KS,853
2007260,Graham County,KS,383
2007290,Durham-Hillsboro-Lehigh,KS,613
2007320,Hoisington,KS,752
2007350,Holcomb,KS,907
2007380,Holton,KS,1067
2007440,Rural Vista,KS,298
2007470,South Brown County,KS,524
2007500,West Elk,KS,597
2007530,Hoxie Community Schools,KS,432
2007560,Hugoton Public Schools,KS,1018
2007590,Humboldt,KS,1013
2007620,Hutchinson Public Schools,KS,4230
2007650,Independence,KS,1887
2007680,Ingalls,KS,225
2007710,Inman,KS,448
2007740,Iola,KS,1176
2007750,Jayhawk,KS,577
2007800,Hodgeman County,KS,285
2007860,Stanton County,KS,420
2007890,Geary County Schools,KS,7307
2007950,Kansas City,KS,21538
2007970,Kaw Valley,KS,1100
2008040,Crest,KS,263
2008070,Kingman - Norwich,KS,865
2008100,Kinsley-Offerle,KS,263
2008130,South Barber,KS,198
2008190,Kismet-Plains,KS,575
2008220,LaCrosse,KS,249
2008250,Prairie View,KS,903
2008280,Lakin,KS,684
2008310,Fairfield,KS,268
2008340,Lansing,KS,2626
2008370,Ft Larned,KS,843
2008400,Lawrence,KS,10443
2008430,Leavenworth,KS,3269
2008550,Bluestem,KS,508
2008610,Leoti,KS,408
2008670,LeRoy-Gridley,KS,173
2008700,Lewis,KS,128
2008730,Liberal,KS,4654
2008790,Lincoln,KS,341
2008880,Little River,KS,292
2008910,Logan,KS,125
2008940,Centre,KS,563
2008970,Louisburg,KS,1745
2009000,Lyndon,KS,418
2009030,Lyons,KS,716
2009060,Macksville,KS,195
2009090,Madison-Virgil,KS,236
2009140,Maize,KS,8067
2009180,Manhattan-Ogden,KS,7204
2009240,Marion-Florence,KS,519
2009320,Royal Valley,KS,862
2009360,McLouth,KS,437
2009390,McPherson,KS,2165
2009420,Meade,KS,330
2009450,Barber County North,KS,483
2009480,Marais Des Cygnes Valley,KS,175
2009510,Jefferson West,KS,843
2009570,North Ottawa County,KS,598
2009600,Minneola,KS,244
2009630,Montezuma,KS,182
2009660,Marmaton Valley,KS,276
2009720,Moscow Public Schools,KS,140
2009780,Moundridge,KS,513
2009840,Mulvane,KS,1718
2009850,Paradise,KS,116
2009900,Neodesha,KS,750
2009930,Ness City,KS,277
2009960,Newton,KS,2965
2009990,Nickerson,KS,1015
2010020,Norton Community Schools,KS,701
2010050,Oakley,KS,456
2010080,Oberlin,KS,376
2010140,Olathe,KS,28195
2010170,Onaga-Havensville-Wheaton,KS,326
2010230,Osage City,KS,692
2010260,Osawatomie,KS,1021
2010290,Osborne County,KS,351
2010320,Oskaloosa Public Schools,KS,503
2010350,Oswego,KS,479
2010410,Santa Fe Trail,KS,1009
2010440,Oxford,KS,447
2010470,Palco,KS,77
2010500,Paola,KS,1785
2010560,Parsons,KS,1317
2010590,Peabody-Burns,KS,208
2010620,Perry Public Schools,KS,802
2010650,Phillipsburg,KS,585
2010680,Piper-Kansas City,KS,2840
2010710,Pittsburg,KS,3377
2010740,Plainville,KS,453
2010770,Pleasanton,KS,362
2010800,West Franklin,KS,642
2010890,Pratt,KS,1275
2010920,Pretty Prairie,KS,283
2010950,Quinter Public Schools,KS,309
2010980,Blue Valley,KS,266
2011040,Golden Plains,KS,158
2011080,Renwick,KS,1989
2011100,Riley County,KS,746
2011130,Riverton,KS,679
2011190,Rolla,KS,108
2011220,Flinthills,KS,273
2011250,Rose Hill Public Schools,KS,1715
2011280,Pawnee Heights,KS,142
2011310,Russell County,KS,762
2011370,Salina,KS,6737
2011400,Satanta,KS,242
2011430,Skyline Schools,KS,309
2011490,Seaman,KS,3700
2011520,Chautauqua Co Community,KS,360
2011550,Sedgwick Public Schools,KS,521
2011610,Wallace County Schools,KS,154
2011640,Shawnee Mission Pub Sch,KS,26513
2011700,Silver Lake,KS,710
2011760,Solomon,KS,399
2011790,South Haven,KS,220
2011820,Spearville,KS,373
2011850,Spring Hill,KS,5860
2011880,St Francis Comm Sch,KS,297
2011910,St John-Hudson,KS,366
2011970,Stafford,KS,273
2012000,Blue Valley,KS,22252
2012030,Sterling,KS,500
2012060,Stockton,KS,282
2012090,Sublette,KS,366
2012120,Sylvan Grove,KS,269
2012150,Syracuse,KS,492
2012180,Shawnee Heights,KS,3647
2012210,Tonganoxie,KS,1988
2012260,Topeka Public Schools,KS,12623
2012300,Circle,KS,2122
2012330,Troy Public Schools,KS,315
2012360,Turner-Kansas City,KS,3926
2012390,Udall,KS,305
2012420,Ulysses,KS,1517
2012450,Uniontown,KS,441
2012510,Valley Center Pub Sch,KS,3177
2012540,Valley Falls,KS,384
2012600,Victoria,KS,263
2012630,Trego County,KS,399
2012780,Valley Heights,KS,398
2012810,Lebo-Waverly,KS,522
2012840,Wellington,KS,1439
2012870,Wellsville,KS,856
2012900,Weskan,KS,115
2012990,Wichita,KS,46073
2013020,Jefferson County North,KS,455
2013050,Winfield,KS,2050
2013110,Woodson,KS,430
2100030,Adair County,KY,2585
2100070,Allen County,KY,3138
2100081,Muhlenberg County,KY,4410
2100090,Anchorage Independent,KY,392
2100120,Anderson County,KY,3633
2100150,Ashland Independent,KY,3083
2100180,Augusta Independent,KY,334
2100210,Ballard County,KY,1015
2100240,Barbourville Independent,KY,757
2100270,Bardstown Independent,KY,2869
2100300,Barren County,KY,4908
2100330,Bath County,KY,1936
2100360,Beechwood Independent,KY,1572
2100390,Bell County,KY,2437
2100420,Bellevue Independent,KY,551
2100480,Berea Independent,KY,971
2100510,Boone County,KY,20514
2100540,Bourbon County,KY,2557
2100570,Bowling Green Independent,KY,4831
2100620,Boyd County,KY,2994
2100630,Boyle County,KY,2951
2100660,Bracken County,KY,1133
2100690,Breathitt County,KY,1671
2100720,Breckinridge County,KY,2677
2100750,Bullitt County,KY,13007
2100780,Burgin Independent,KY,525
2100810,Butler County,KY,2219
2100840,Caldwell County,KY,1879
2100870,Calloway County,KY,3020
2100900,Campbell County,KY,5166
2100930,Campbellsville Independent,KY,1360
2100960,Carlisle County,KY,738
2100990,Carroll County,KY,1976
2101020,Carter County,KY,3983
2101050,Casey County,KY,2179
2101110,Caverna Independent,KY,654
2101150,Christian County,KY,8092
2101200,Clark County,KY,5552
2101230,Clay County,KY,2948
2101260,Clinton County,KY,1491
2101290,Cloverport Independent,KY,2685
2101320,Corbin Independent,KY,3038
2101350,Covington Independent,KY,3557
2101380,Crittenden County,KY,1272
2101410,Cumberland County,KY,1011
2101440,Danville Independent,KY,1787
2101470,Daviess County,KY,10948
2101500,Dawson Springs Independent,KY,631
2101530,Dayton Independent,KY,811
2101590,East Bernstadt Independent,KY,544
2101620,Edmonson County,KY,1857
2101650,Elizabethtown Independent,KY,2459
2101680,Elliott County,KY,892
2101710,Eminence Independent,KY,1006
2101740,Erlanger-Elsmere Independent,KY,2431
2101760,Estill County,KY,2216
2101800,Fairview Independent,KY,528
2101860,Fayette County,KY,42138
2101920,Fleming County,KY,2183
2101950,Floyd County,KY,5347
2101980,Frankfort Independent,KY,959
2102010,Franklin County,KY,6199
2102040,Fort Thomas Independent,KY,3170
2102070,Fulton Independent,KY,293
2102100,Fulton County,KY,611
2102130,Gallatin County,KY,1426
2102160,Garrard County,KY,2503
2102220,Glasgow Independent,KY,2511
2102250,Grant County,KY,3216
2102280,Graves County,KY,3906
2102300,Grayson County,KY,4030
2102340,Green County,KY,1675
2102400,Greenup County,KY,2509
2102460,Hancock County,KY,1449
2102490,Hardin County,KY,14583
2102520,Harlan Independent,KY,900
2102540,Harlan County,KY,3327
2102580,Harrison County,KY,2982
2102640,Hart County,KY,2322
2102670,Hazard Independent,KY,1016
2102710,Henderson County,KY,6707
2102760,Henry County,KY,1984
2102790,Hickman County,KY,759
2102860,Hopkins County,KY,6265
2102910,Jackson Independent,KY,371
2102940,Jackson County,KY,1997
2102990,Jefferson County,KY,95180
2103000,Jenkins Independent,KY,453
2103030,Jessamine County,KY,8331
2103060,Johnson County,KY,3292
2103090,Kenton County,KY,13834
2103120,Knott County,KY,2049
2103150,Knox County,KY,3718
2103180,LaRue County,KY,2448
2103210,Laurel County,KY,8676
2103240,Lawrence County,KY,2287
2103270,Lee County,KY,890
2103330,Leslie County,KY,1538
2103360,Letcher County,KY,2429
2103390,Lewis County,KY,1942
2103480,Lincoln County,KY,3240
2103510,Livingston County,KY,1020
2103540,Logan County,KY,3443
2103630,Ludlow Independent,KY,831
2103690,Lyon County,KY,987
2103720,Madison County,KY,11132
2103750,Magoffin County,KY,1903
2103780,Marion County,KY,3036
2103810,Marshall County,KY,4302
2103840,Martin County,KY,1717
2103870,Mason County,KY,2668
2103900,Mayfield Independent,KY,2063
2103960,McCracken County,KY,6782
2103990,McCreary County,KY,2668
2104020,McLean County,KY,1387
2104050,Meade County,KY,4922
2104080,Menifee County,KY,960
2104110,Mercer County,KY,2675
2104140,Metcalfe County,KY,1412
2104170,Middlesboro Independent,KY,1168
2104200,Monroe County,KY,1856
2104250,Montgomery County,KY,4442
2104290,Morgan County,KY,1769
2104380,Murray Independent,KY,1946
2104410,Nelson County,KY,4227
2104440,Newport Independent,KY,1360
2104470,Nicholas County,KY,1080
2104500,Ohio County,KY,3726
2104530,Oldham County,KY,12038
2104560,Owen County,KY,1680
2104590,Owensboro Independent,KY,5049
2104620,Owsley County,KY,727
2104650,Paducah Independent,KY,3103
2104680,Paintsville Independent,KY,752
2104710,Paris Independent,KY,859
2104740,Pendleton County,KY,2130
2104770,Perry County,KY,3438
2104800,Pike County,KY,7515
2104830,Pikeville Independent,KY,1129
2104860,Pineville Independent,KY,531
2104890,Powell County,KY,2031
2104950,Pulaski County,KY,7729
2104980,Raceland-Worthington Independent,KY,1120
2105040,Robertson County,KY,453
2105070,Rockcastle County,KY,2793
2105100,Rowan County,KY,3435
2105130,Russell Independent,KY,2053
2105160,Russell County,KY,3024
2105190,Russellville Independent,KY,979
2105220,Science Hill Independent,KY,498
2105260,Scott County,KY,9830
2105320,Shelby County,KY,6985
2105400,Simpson County,KY,3080
2105430,Somerset Independent,KY,1762
2105460,Southgate Independent,KY,180
2105490,Spencer County,KY,3341
2105520,Taylor County,KY,2704
2105550,Todd County,KY,1886
2105580,Trigg County,KY,1954
2105610,Trimble County,KY,1194
2105640,Union County,KY,2087
2105700,Walton-Verona Independent,KY,1880
2105730,Warren County,KY,18559
2105760,Washington County,KY,1807
2105790,Wayne County,KY,3061
2105820,Webster County,KY,2165
2105880,Whitley County,KY,4234
2105910,Williamsburg Independent,KY,833
2105940,Williamstown Independent,KY,859
2105970,Wolfe County,KY,1072
2106000,Woodford County,KY,4064
2200030,Acadia Parish,LA,9043
2200039,Zachary Community School District,LA,5494
2200040,City of Baker School District,LA,1000
2200060,Allen Parish,LA,3853
2200090,Ascension Parish,LA,23743
2200120,Assumption Parish,LA,2701
2200125,Central Community School District,LA,4580
2200150,Avoyelles Parish,LA,4794
2200180,Beauregard Parish,LA,5567
2200210,Bienville Parish,LA,1799
2200240,City of Bogalusa School District,LA,1803
2200270,Bossier Parish,LA,22224
2200300,Caddo Parish,LA,32165
2200330,Calcasieu Parish,LA,27851
2200360,Caldwell Parish,LA,1310
2200390,Cameron Parish,LA,1120
2200420,Catahoula Parish,LA,898
2200450,Claiborne Parish,LA,1616
2200480,Concordia Parish,LA,2911
2200510,DeSoto Parish,LA,4923
2200540,East Baton Rouge Parish,LA,39320
2200570,East Carroll Parish,LA,736
2200600,East Feliciana Parish,LA,1647
2200630,Evangeline Parish,LA,5326
2200660,Franklin Parish,LA,2454
2200690,Grant Parish,LA,2712
2200720,Iberia Parish,LA,10768
2200750,Iberville Parish,LA,4076
2200780,Jackson Parish,LA,1927
2200810,Jefferson Davis Parish,LA,5210
2200840,Jefferson Parish,LA,46790
2200870,Lafayette Parish,LA,29396
2200900,Lafourche Parish,LA,13326
2200960,LaSalle Parish,LA,2520
2200990,Lincoln Parish,LA,5601
2201020,Livingston Parish,LA,26499
2201050,Madison Parish,LA,1133
2201080,City of Monroe School District,LA,8033
2201110,Morehouse Parish,LA,3082
2201140,Natchitoches Parish,LA,4792
2201170,Orleans Parish,LA,2322
2201200,Ouachita Parish,LA,17435
2201230,Plaquemines Parish,LA,3510
2201260,Pointe Coupee Parish,LA,2293
2201290,Rapides Parish,LA,21340
2201320,Red River Parish,LA,1243
2201350,Richland Parish,LA,2694
2201380,Sabine Parish,LA,3741
2201410,St. Bernard Parish,LA,7592
2201440,St. Charles Parish,LA,8756
2201470,St. Helena Parish,LA,997
2201500,St. James Parish,LA,3194
2201530,St. John the Baptist Parish,LA,5039
2201560,St. Landry Parish,LA,10982
2201590,St. Martin Parish,LA,6680
2201620,St. Mary Parish,LA,7153
2201650,St. Tammany Parish,LA,35956
2201680,Tangipahoa Parish,LA,19077
2201710,Tensas Parish,LA,301
2201740,Terrebonne Parish,LA,14611
2201770,Union Parish,LA,1555
2201800,Vermilion Parish,LA,8433
2201830,Vernon Parish,LA,7887
2201860,Washington Parish,LA,4523
2201890,Webster Parish,LA,4967
2201920,West Baton Rouge Parish,LA,4153
2201950,West Carroll Parish,LA,1483
2201980,West Feliciana Parish,LA,2145
2202010,Winn Parish,LA,1732
2300004,Bridgewater Public Schools,ME,0
2300005,Grand Isle Public Schools,ME,0
2300008,Fayette Public Schools,ME,73
2300009,Long Island Public Schools,ME,8
2300052,The Forks Plt School Dept,ME,0
2300053,Five Town CSD,ME,757
2300057,Seboeis Plt Public Schools,ME,0
2300058,West Forks Plt Public Schools,ME,0
2300059,Lake View Plt. Public Schools,ME,0
2300061,Caratunk Public Schools,ME,0
2300062,East Machias Public Schools,ME,176
2300063,Lowell Public Schools,ME,0
2300064,Indian Township,ME,127
2300065,Cutler Public Schools,ME,36
2300066,Indian Island,ME,89
2300067,Machiasport Public Schools,ME,57
2300068,Whiting Public Schools,ME,27
2300069,Pleasant Point,ME,137
2302220,Acton Public Schools,ME,256
2302280,Alexander Public Schools,ME,44
2302500,Airline CSD,ME,30
2302510,Appleton Public Schools,ME,132
2302610,Auburn Public Schools,ME,3242
2302640,Augusta Public Schools,ME,2120
2302730,Baileyville Public Schools,ME,299
2302820,Bangor Public Schools,ME,3439
2302850,Bar Harbor Public Schools,ME,346
2302880,Baring Plt Public Schools,ME,0
2302950,Beals Public Schools,ME,48
2302960,Beaver Cove Public Schools,ME,0
2302980,Beddington Public Schools,ME,0
2303150,Biddeford Public Schools,ME,2436
2303210,Blue Hill Public Schools,ME,347
2303290,Boothbay-Boothbay Hbr CSD,ME,479
2303390,Bowerbank Public Schools,ME,0
2303480,Bremen Public Schools,ME,0
2303510,Brewer Public Schools,ME,1490
2303600,Bristol Public Schools,ME,189
2303610,Brooklin Public Schools,ME,71
2303640,Brooksville Public Schools,ME,69
2303780,Brunswick Public Schools,ME,2413
2303870,Calais Public Schools,ME,539
2303930,Cape Elizabeth Public Schools,ME,1499
2303980,Carrabassett Valley Public Schools,ME,0
2303990,Carroll Plt Public Schools,ME,0
2304080,Castine Public Schools,ME,56
2304110,Caswell Public Schools,ME,45
2304160,Charlotte Public Schools,ME,0
2304440,Cooper Public Schools,ME,0
2304500,Coplin Plt Public Schools,ME,0
2304620,Cranberry Isles Public Schools,ME,5
2304650,Crawford Public Schools,ME,0
2304830,Damariscotta Public Schools,ME,0
2304880,Deblois Public Schools,ME,0
2304890,Dedham Public Schools,ME,167
2304895,Deer Isle-Stonington CSD,ME,343
2304897,Dennistown Plt Public Schools,ME,0
2304900,Dennysville Public Schools,ME,0
2305280,East Millinocket Public Schools,ME,230
2305310,Easton Public Schools,ME,203
2305360,Eastport Public Schools,ME,176
2305380,East Range CSD,ME,12
2305400,Edgecomb Public Schools,ME,116
2305500,Ellsworth Public Schools,ME,1261
2305670,Falmouth Public Schools,ME,1979
2305970,Georgetown Public Schools,ME,51
2305980,Gilead Public Schools,ME,0
2306000,Glenburn Public Schools,ME,381
2306030,Glenwood Plt Public Schools,ME,0
2306060,Gorham Public Schools,ME,2833
2306150,Grand Lake Stream Plt School Dept,ME,0
2306160,Great Salt Bay CSD,ME,397
2306180,Greenbush Public Schools,ME,131
2306250,Greenville Public Schools,ME,177
2306260,Hancock Public Schools,ME,189
2306330,Harmony Public Schools,ME,57
2306510,Hermon Public Schools,ME,1345
2306600,Highland Plt Public Schools,ME,0
2306610,Hope Public Schools,ME,140
2306780,Isle Au Haut Public Schools,ME,7
2306810,Islesboro Public Schools,ME,64
2306870,Jefferson Public Schools,ME,246
2306900,Jonesboro Public Schools,ME,54
2307100,Jonesport Public Schools,ME,101
2307110,Kingsbury Plt Public Schools,ME,0
2307140,Kittery Public Schools,ME,966
2307200,Lakeville Public Schools,ME,0
2307250,Lamoine Public Schools,ME,137
2307320,Lewiston Public Schools,ME,5313
2307440,Lincoln Plt Public Schools,ME,0
2307450,Lincolnville Public Schools,ME,212
2307530,Lisbon Public Schools,ME,1331
2307590,Frenchboro Public Schools,ME,2
2307710,Machias Public Schools,ME,494
2307770,Macwahoc Plt School Dept,ME,0
2307800,Madawaska Public Schools,ME,369
2307980,Marshfield Public Schools,ME,0
2308135,Meddybemps Public Schools,ME,0
2308140,Medford Public Schools,ME,0
2308160,Medway Public Schools,ME,107
2308250,Milford Public Schools,ME,273
2308280,Millinocket Public Schools,ME,438
2308340,Monhegan Plt School Dept,ME,3
2308400,Moosabec CSD,ME,59
2308490,Mount Desert Public Schools,ME,161
2308500,Mt Desert CSD,ME,454
2308580,Nashville Plt Public Schools,ME,0
2308700,New Sweden Public Schools,ME,0
2308760,Newcastle Public Schools,ME,0
2308940,Nobleboro Public Schools,ME,141
2309090,Northfield Public Schools,ME,0
2309240,Orient Public Schools,ME,0
2309330,Orrington Public Schools,ME,346
2309390,Otis Public Schools,ME,70
2309560,Pembroke Public Schools,ME,83
2309630,Penobscot Public Schools,ME,82
2309650,Perry Public Schools,ME,73
2309810,Pleasant Ridge Plt School Dept,ME,0
2309930,Portland Public Schools,ME,6555
2309990,Princeton Public Schools,ME,113
2310140,Reed Plt Public Schools,ME,0
2310190,Robbinston Public Schools,ME,0
2310320,Roque Bluffs Public Schools,ME,0
2310380,Saco Public Schools,ME,1942
2310500,Sanford Public Schools,ME,3250
2310530,Scarborough Public Schools,ME,2865
2310560,MSAD 10,ME,0
2310590,RSU 11/MSAD 11,ME,1846
2310620,RSU 82/MSAD 12,ME,132
2310650,RSU 83/MSAD 13,ME,150
2310680,RSU 84/MSAD 14,ME,146
2310710,RSU 15/MSAD 15,ME,1825
2310770,RSU 17/MSAD 17,ME,3075
2310830,RSU 85/MSAD 19,ME,87
2310860,RSU 79/MSAD 01,ME,1670
2310890,RSU 86/MSAD 20,ME,426
2310980,RSU 87/MSAD 23,ME,584
2311010,RSU 88/MSAD 24,ME,262
2311100,MSAD 27,ME,812
2311130,RSU 28/MSAD 28,ME,688
2311160,RSU 29/MSAD 29,ME,1214
2311220,RSU 30/MSAD 30,ME,160
2311250,RSU 31/MSAD 31,ME,435
2311280,RSU 32/MSAD 32,ME,234
2311310,RSU 33/MSAD 33,ME,229
2311370,RSU 35/MSAD 35,ME,2120
2311430,RSU 37/MSAD 37,ME,631
2311520,RSU 03/MSAD 03,ME,983
2311550,RSU 40/MSAD 40,ME,1762
2311580,RSU 41/MSAD 41,ME,578
2311610,RSU 42/MSAD 42,ME,333
2311670,RSU 44/MSAD 44,ME,664
2311700,RSU 45/MSAD 45,ME,271
2311730,RSU 80/MSAD 04,ME,474
2311790,RSU 06/MSAD 06,ME,3297
2311820,RSU 07/MSAD 07,ME,56
2311850,RSU 08/MSAD 08,ME,143
2311910,MSAD 76,ME,29
2312100,Education in Unorganized Terr,ME,98
2312140,Sedgwick Public Schools,ME,97
2312180,Shirley Public Schools,ME,0
2312300,South Bristol Public Schools,ME,63
2312330,South Portland Public Schools,ME,2816
2312360,Southport Public Schools,ME,19
2312390,Southwest Harbor Public Schools,ME,127
2312750,Surry Public Schools,ME,168
2312810,Talmadge Public Schools,ME,0
2312960,Tremont Public Schools,ME,127
2312980,Trenton Public Schools,ME,120
2313070,Upton Public Schools,ME,0
2313080,Vanceboro Public Schools,ME,0
2313110,Vassalboro Public Schools,ME,501
2313140,Veazie Public Schools,ME,167
2313200,Waite Public Schools,ME,0
2313350,Waterville Public Schools,ME,1623
2313490,Wells-Ogunquit CSD,ME,1440
2313500,Wesley Public Schools,ME,0
2313530,West Bath Public Schools,ME,101
2313560,Westbrook Public Schools,ME,2348
2313590,Westmanland Public Schools,ME,0
2313710,Whitneyville Public Schools,ME,0
2313740,Willimantic Public Schools,ME,0
2313860,Winslow Schools,ME,1143
2313970,Winthrop Public Schools,ME,806
2313980,Wiscasset Public Schools,ME,364
2314010,Woodland Public Schools,ME,175
2314040,Woodville Public Schools,ME,0
2314100,Yarmouth Schools,ME,1655
2314130,York Public Schools,ME,1539
2314160,RSU 52/MSAD 52,ME,2028
2314190,RSU 55/MSAD 55,ME,979
2314210,RSU 61/MSAD 61,ME,1627
2314240,RSU 51/MSAD 51,ME,2236
2314300,RSU 58/MSAD 58,ME,564
2314330,RSU 49/MSAD 49,ME,1760
2314410,RSU 65/MSAD 65,ME,0
2314440,RSU 64/MSAD 64,ME,1021
2314470,RSU 63/MSAD 63,ME,443
2314530,MSAD 46,ME,805
2314560,RSU 59/MSAD 59,ME,544
2314590,RSU 54/MSAD 54,ME,2194
2314610,RSU 53/MSAD 53,ME,578
2314670,RSU 57/MSAD 57,ME,2868
2314700,RSU 60/MSAD 60,ME,2801
2314762,RSU 70/MSAD 70,ME,500
2314765,RSU 72/MSAD 72,ME,694
2314767,RSU 74/MSAD 74,ME,575
2314768,RSU 75/MSAD 75,ME,2302
2314771,Chebeague Island Public Schools,ME,14
2314772,RSU 01 - LKRSU,ME,1789
2314773,RSU 21,ME,2262
2314775,RSU 16,ME,1672
2314776,RSU 02,ME,1436
2314777,RSU 67,ME,941
2314778,RSU 26,ME,827
2314779,RSU 18,ME,2725
2314780,RSU 12,ME,1140
2314782,RSU 34,ME,1369
2314783,RSU 04,ME,1269
2314784,RSU 23,ME,614
2314785,RSU 19,ME,1883
2314787,RSU 13,ME,1508
2314788,RSU 38,ME,1160
2314789,RSU 05,ME,2001
2314790,RSU 24,ME,718
2314791,RSU 20,ME,396
2314793,RSU 14,ME,3051
2314794,RSU 39,ME,1188
2314795,RSU 10,ME,1739
2314796,RSU 25,ME,1073
2314803,RSU 78,ME,192
2314805,RSU 73,ME,1369
2314806,RSU 50,ME,340
2314809,RSU 09,ME,2277
2314810,Portage Lake Public Schools,ME,0
2314811,Brighton Plt School Department,ME,0
2314814,Cherryfield Public Schools,ME,110
2314815,RSU 22,ME,2118
2314817,Athens Public Schools,ME,105
2314818,Eustis Public Schools,ME,97
2314820,St George Public Schools,ME,206
2314822,RSU 71,ME,1396
2314823,Andover Public Schools,ME,27
2314824,Northport Public Schools,ME,98
2314825,Winterville Plt Public Schools,ME,0
2314833,RSU 56,ME,722
2314834,Burlington Public Schools,ME,0
2314835,Byron Public Schools,ME,0
2314836,Moro Plantation Public Schools,ME,0
2314837,Sebago Public Schools,ME,116
2314838,RSU 89,ME,264
2314839,Eagle Lake Public Schools,ME,0
2314842,Limestone Public Schools,ME,138
2314844,Richmond Public Schools,ME,422
2400030,Allegany County Public Schools,MD,8113
2400060,Anne Arundel County Public Schools,MD,85029
2400090,Baltimore City Public Schools,MD,76807
2400120,Baltimore County Public Schools,MD,110024
2400150,Calvert County Public Schools,MD,14849
2400180,Caroline County Public Schools,MD,5648
2400210,Carroll County Public Schools,MD,26141
2400240,Cecil County Public Schools,MD,14853
2400270,Charles County Public Schools,MD,28162
2400300,Dorchester County Public Schools,MD,4586
2400330,Frederick County Public Schools,MD,48054
2400360,Garrett County Public Schools,MD,3405
2400390,Harford County Public Schools,MD,37771
2400420,Howard County Public Schools,MD,57565
2400450,Kent County Public Schools,MD,1694
2400480,Montgomery County Public Schools,MD,159181
2400510,Prince George's County Public Schools,MD,132123
2400540,Queen Anne's County Public Schools,MD,7478
2400570,Somerset County Public Schools,MD,2901
2400600,St. Mary's County Public Schools,MD,16905
2400630,Talbot County Public Schools,MD,4485
2400660,Washington County Public Schools,MD,22772
2400690,Wicomico County Public Schools,MD,15582
2400720,Worcester County Public Schools,MD,7002
2500001,Quabbin,MA,2111
2500002,Spencer-E Brookfield,MA,1398
2500013,Southwick-Tolland-Granville Regional School District,MA,1295
2500014,Chesterfield-Goshen,MA,126
2500036,Ma Academy for Math and Science,MA,99
2500043,Up-Island Regional,MA,390
2500067,Manchester Essex Regional,MA,1190
2500541,Somerset Berkley Regional School District,MA,896
2500542,Ayer Shirley School District,MA,1723
2500544,Monomoy Regional School District,MA,1728
2500551,Greater Commonwealth Virtual District,MA,1184
2500554,Essex North Shore Agricultural and Technical School District,MA,1830
2500556,TEC Connections Academy Commonwealth Virtual School District,MA,2969
2501650,Abington,MA,2143
2501710,Acton-Boxborough,MA,5055
2501740,Acushnet,MA,920
2501780,Hoosac Valley Regional,MA,998
2501800,Agawam,MA,3461
2501860,Amesbury,MA,1793
2501890,Amherst,MA,1038
2501920,Amherst-Pelham,MA,1182
2501950,Andover,MA,5414
2501980,Arlington,MA,6113
2502040,Ashburnham-Westminster,MA,2255
2502100,Ashland,MA,2909
2502110,Assabet Valley Regional Vocational Technical,MA,1144
2502160,Athol-Royalston,MA,1604
2502190,Attleboro,MA,6239
2502220,Auburn,MA,2506
2502250,Avon,MA,732
2502310,Barnstable,MA,4680
2502400,Bedford,MA,2513
2502430,Belchertown,MA,2043
2502460,Bellingham,MA,2020
2502490,Belmont,MA,4448
2502520,Berkley,MA,833
2502530,Berkshire Hills,MA,1131
2502580,Berlin-Boylston,MA,1111
2502640,Beverly,MA,4503
2502670,Billerica,MA,4972
2502710,Blackstone Valley Regional Vocational Technical,MA,1243
2502715,Blackstone-Millville,MA,1480
2502740,Blue Hills Regional Vocational Technical,MA,910
2502790,Boston,MA,46094
2502820,Bourne,MA,1519
2502880,Boxford,MA,778
2502940,Braintree,MA,5209
2502970,Brewster,MA,439
2503030,Bridgewater-Raynham,MA,5682
2503060,Brimfield,MA,258
2503070,Bristol County Agricultural,MA,631
2503080,Bristol-Plymouth Regional Vocational Technical,MA,1335
2503090,Brockton,MA,15280
2503120,Brookfield,MA,289
2503150,Brookline,MA,7023
2503240,Burlington,MA,3510
2503270,Cambridge,MA,7027
2503300,Canton,MA,3314
2503310,Cape Cod Regional Vocational Technical,MA,682
2503330,Carlisle,MA,612
2503360,Carver,MA,1476
2503390,Central Berkshire,MA,1537
2503510,Chelmsford,MA,5068
2503540,Chelsea,MA,6094
2503660,Chicopee,MA,6755
2503720,Clarksburg,MA,204
2503750,Clinton,MA,2025
2503780,Cohasset,MA,1397
2503840,Concord,MA,1914
2503870,Concord-Carlisle,MA,1191
2503900,Conway,MA,152
2503990,Danvers,MA,3238
2504020,Dartmouth,MA,3297
2504050,Dedham,MA,2668
2504080,Deerfield,MA,301
2504140,Dennis-Yarmouth,MA,3054
2504200,Dighton-Rehoboth,MA,2541
2504230,Douglas,MA,1113
2504260,Dover,MA,492
2504290,Dover-Sherborn,MA,1081
2504320,Dracut,MA,3491
2504360,Dudley-Charlton Reg,MA,3476
2504410,Duxbury,MA,2694
2504440,East Bridgewater,MA,2013
2504500,East Longmeadow,MA,2442
2504530,Eastham,MA,177
2504560,Nauset,MA,1192
2504590,Easthampton,MA,1368
2504620,Easton,MA,3360
2504650,Oak Bluffs,MA,402
2504710,Erving,MA,113
2504770,Everett,MA,7307
2504800,Fairhaven,MA,1727
2504830,Fall River,MA,11089
2504860,Falmouth,MA,2866
2504890,Fitchburg,MA,5234
2504920,Florida,MA,83
2504950,Foxborough,MA,2504
2504980,Framingham,MA,9124
2505010,Franklin,MA,4611
2505020,Franklin County Regional Vocational Technical,MA,643
2505070,Freetown-Lakeville,MA,2603
2505100,Frontier,MA,588
2505130,Gardner,MA,2532
2505160,Gateway,MA,707
2505220,Georgetown,MA,1197
2505270,Gill-Montague,MA,858
2505280,Gloucester,MA,2838
2505340,Gosnold,MA,0
2505370,Grafton,MA,3089
2505400,Granby,MA,665
2505470,Greater Lawrence Regional Vocational Technical,MA,1837
2505480,Greater Lowell Regional Vocational Technical,MA,2314
2505485,Greater Fall River Regional Vocational Technical,MA,1463
2505490,Greenfield,MA,1370
2505500,Groton-Dunstable,MA,2300
2505580,Hadley,MA,518
2505610,Halifax,MA,531
2505670,Hamilton-Wenham,MA,1669
2505730,Hampden-Wilbraham,MA,2881
2505740,Hampshire,MA,718
2505760,Hancock,MA,48
2505790,Hanover,MA,2550
2505880,Harvard,MA,1023
2505940,Hatfield,MA,310
2505970,Haverhill,MA,7940
2506000,Hawlemont,MA,71
2506090,Hingham,MA,3616
2506150,Holbrook,MA,1350
2506210,Holland,MA,212
2506240,Holliston,MA,2689
2506270,Holyoke,MA,4795
2506300,Hopedale,MA,1108
2506330,Hopkinton,MA,4227
2506390,Hudson,MA,2322
2506420,Hull,MA,712
2506480,Ipswich,MA,1563
2506510,King Philip,MA,1820
2506540,Kingston,MA,1168
2506660,Lawrence,MA,13313
2506690,Lee,MA,659
2506720,Leicester,MA,1294
2506750,Lenox,MA,771
2506780,Leominster,MA,6193
2506810,Leverett,MA,137
2506840,Lexington,MA,6748
2506900,Lincoln,MA,1039
2506930,Lincoln-Sudbury,MA,1445
2506960,Littleton,MA,1655
2506990,Longmeadow,MA,2764
2507020,Lowell,MA,14457
2507050,Ludlow,MA,2210
2507080,Lunenburg,MA,1563
2507110,Lynn,MA,16364
2507140,Lynnfield,MA,2178
2507170,Malden,MA,6354
2507230,Mansfield,MA,3283
2507260,Marblehead,MA,2564
2507290,Marion,MA,369
2507320,Marlborough,MA,4728
2507350,Marshfield,MA,3637
2507380,Martha's Vineyard,MA,744
2507410,Masconomet,MA,1477
2507440,Mashpee,MA,1386
2507470,Mattapoisett,MA,381
2507500,Maynard,MA,1217
2507530,Medfield,MA,2478
2507560,Medford,MA,4170
2507590,Medway,MA,2158
2507620,Melrose,MA,3815
2507680,Mendon-Upton,MA,2072
2507740,Methuen,MA,6464
2507770,Middleborough,MA,2870
2507830,Middleton,MA,730
2507860,Milford,MA,4512
2507890,Millbury,MA,1631
2507920,Millis,MA,1161
2507980,Milton,MA,4367
2507985,Minuteman Regional Vocational Technical,MA,669
2507990,Mohawk Trail,MA,805
2508040,Monson,MA,800
2508050,Montachusett Regional Vocational Technical,MA,1417
2508160,Mount Greylock,MA,1177
2508220,Nahant,MA,163
2508250,Nantucket,MA,1719
2508280,Narragansett,MA,1439
2508310,Nashoba,MA,2990
2508320,Nashoba Valley Regional Vocational Technical,MA,767
2508340,Natick,MA,5297
2508370,Needham,MA,5493
2508430,New Bedford,MA,12505
2508440,Greater New Bedford Regional Vocational Technical,MA,2151
2508530,New Salem-Wendell,MA,134
2508580,Newburyport,MA,2107
2508610,Newton,MA,11632
2508640,Norfolk,MA,1056
2508650,Norfolk County Agricultural,MA,597
2508670,North Adams,MA,1149
2508700,North Andover,MA,4416
2508730,North Attleborough,MA,3877
2508760,North Brookfield,MA,397
2508790,North Middlesex,MA,2914
2508820,North Reading,MA,2327
2508850,Northampton,MA,2496
2508860,Northampton-Smith Vocational Agricultural,MA,587
2508880,Northborough,MA,1567
2508910,Northboro-Southboro,MA,1197
2508940,Northbridge,MA,1838
2508950,Northern Berkshire Regional Vocational Technical,MA,514
2508960,Northeast Metropolitan Regional Vocational Technical,MA,1381
2509000,Norton,MA,2346
2509030,Norwell,MA,2194
2509060,Norwood,MA,3575
2509090,Edgartown,MA,357
2509140,Old Colony Regional Vocational Technical,MA,554
2509150,Old Rochester,MA,1050
2509180,Orange,MA,494
2509210,Orleans,MA,149
2509270,Oxford,MA,1458
2509300,Palmer,MA,1093
2509310,Pathfinder Regional Vocational Technical,MA,660
2509360,Peabody,MA,5774
2509390,Pelham,MA,128
2509420,Pembroke,MA,2367
2509450,Pentucket,MA,2238
2509540,Petersham,MA,142
2509600,Pioneer Valley,MA,581
2509630,Pittsfield,MA,4873
2509690,Plainville,MA,655
2509720,Plymouth,MA,6956
2509780,Plympton,MA,249
2509840,Provincetown,MA,152
2509870,Quincy,MA,9769
2509900,Ralph C Mahar,MA,509
2509930,Randolph,MA,2875
2509990,Reading,MA,3836
2510050,Revere,MA,7261
2510080,Richmond,MA,157
2510140,Rochester,MA,473
2510170,Rockland,MA,2158
2510200,Rockport,MA,631
2510230,Rowe,MA,54
2510380,Salem,MA,3831
2510470,Sandwich,MA,2118
2510500,Saugus,MA,2675
2510530,Savoy,MA,38
2510560,Scituate,MA,2744
2510590,Seekonk,MA,2032
2510615,Shawsheen Valley Regional Vocational Technical,MA,1282
2510620,Sharon,MA,3468
2510710,Sherborn,MA,397
2510770,Shrewsbury,MA,5956
2510800,Shutesbury,MA,125
2510830,Silver Lake,MA,1661
2510860,Somerset,MA,1620
2510890,Somerville,MA,4952
2510920,South Hadley,MA,1620
2510930,South Shore Regional Vocational Technical,MA,685
2510950,Southampton,MA,475
2510980,Southborough,MA,1310
2511010,Southbridge,MA,1828
2511020,Southeastern Regional Vocational Technical,MA,1618
2511040,Southern Berkshire,MA,607
2511050,Southern Worcester County Regional Vocational School Distric,MA,1188
2511060,South Middlesex Regional Vocational Technical,MA,896
2511130,Springfield,MA,23670
2511220,Stoneham,MA,2338
2511250,Stoughton,MA,3759
2511310,Sturbridge,MA,842
2511340,Sudbury,MA,2529
2511370,Sunderland,MA,174
2511400,Sutton,MA,1291
2511430,Swampscott,MA,2094
2511460,Swansea,MA,1991
2511490,Tantasqua,MA,1750
2511520,Taunton,MA,8311
2511580,Tewksbury,MA,3219
2511670,Topsfield,MA,598
2511730,Truro,MA,78
2511735,Tri-County Regional Vocational Technical,MA,1000
2511740,Triton,MA,2074
2511760,Tyngsborough,MA,1515
2511800,Upper Cape Cod Regional Vocational Technical,MA,838
2511850,Uxbridge,MA,1623
2511880,Wachusett,MA,6557
2511910,Wakefield,MA,3382
2511940,Wales,MA,93
2511970,Walpole,MA,3565
2512000,Waltham,MA,5777
2512030,Ware,MA,1082
2512060,Wareham,MA,1916
2512100,Quaboag Regional,MA,1115
2512180,Watertown,MA,2844
2512210,Wayland,MA,2701
2512240,Webster,MA,1712
2512270,Wellesley,MA,3986
2512300,Wellfleet,MA,78
2512390,West Boylston,MA,923
2512420,West Bridgewater,MA,1357
2512510,West Springfield,MA,3998
2512570,Tisbury,MA,312
2512600,Westborough,MA,3831
2512630,Westfield,MA,4772
2512660,Westford,MA,4575
2512690,Westhampton,MA,95
2512750,Weston,MA,2063
2512780,Westport,MA,1515
2512810,Westwood,MA,2842
2512840,Weymouth,MA,5630
2512870,Whately,MA,133
2512930,Whitman-Hanson,MA,3457
2512950,Whittier Regional Vocational Technical,MA,1285
2512990,Williamsburg,MA,111
2513050,Wilmington,MA,2756
2513080,Winchendon,MA,1188
2513110,Winchester,MA,4391
2513170,Winthrop,MA,1961
2513200,Woburn,MA,4520
2513230,Worcester,MA,24778
2513260,Worthington,MA,76
2513290,Wrentham,MA,958
2513321,Farmington River Reg,MA,124
2513323,Warwick,MA,27
2600005,Battle Creek Public Schools,MI,3605
2600006,Bessemer Area School District,MI,343
2600007,Harbor Beach Community Schools,MI,483
2600010,Sigel Township S/D #3F,MI,25
2600011,Sigel Township S/D #4F,MI,27
2600012,St. Ignace Area Schools,MI,360
2600013,Marquette Area Public Schools,MI,3233
2600014,Ewen-Trout Creek Consolidated School District,MI,170
2600015,Wayne-Westland Community School District,MI,9861
2600016,Crestwood School District,MI,3688
2600017,Bad Axe Public Schools,MI,791
2600018,L'Anse Area Schools,MI,490
2600019,Superior Central School District,MI,329
2600105,Big Jackson School District,MI,1
2601103,Detroit Public Schools Community District,MI,48828
2601890,Adams Township School District,MI,474
2601920,Addison Community Schools,MI,682
2601950,Adrian Public Schools,MI,2662
2601980,Airport Community Schools,MI,2814
2602010,Akron-Fairgrove Schools,MI,364
2602040,Alba Public Schools,MI,96
2602160,Alcona Community Schools,MI,687
2602190,Algonac Community School District,MI,1299
2602220,Allegan Public Schools,MI,2046
2602520,Allen Park Public Schools,MI,3713
2602550,Allendale Public Schools,MI,2568
2602640,Alma Public Schools,MI,1815
2602670,Almont Community Schools,MI,1389
2602730,Alpena Public Schools,MI,3553
2602790,Anchor Bay School District,MI,5334
2602820,Ann Arbor Public Schools,MI,16871
2603240,Armada Area Schools,MI,1716
2603270,Arvon Township School District,MI,15
2603480,Ashley Community Schools,MI,203
2603510,Athens Area Schools,MI,455
2603540,Atherton Community Schools,MI,639
2603570,Atlanta Community Schools,MI,247
2603600,Au Gres-Sims School District,MI,414
2603660,AuTrain-Onota Public Schools,MI,20
2603690,Avondale School District,MI,3870
2603810,Baldwin Community Schools,MI,442
2603870,Bangor Public Schools (Van Buren),MI,951
2603900,Bangor Township Schools,MI,2691
2603960,Bangor Township S/D #8,MI,24
2603990,Baraga Area Schools,MI,324
2604020,Bark River-Harris School District,MI,721
2604170,Bath Community Schools,MI,1021
2604260,Bay City School District,MI,6030
2604290,Beal City Public Schools,MI,641
2604320,Bear Lake Schools,MI,280
2604350,Beaver Island Community School,MI,50
2604440,Beaverton Schools,MI,874
2604470,Bedford Public Schools,MI,3894
2604500,Beecher Community School District,MI,551
2604530,Belding Area School District,MI,1652
2604620,Bellaire Public Schools,MI,260
2604650,Bellevue Community Schools,MI,507
2604740,Bendle Public Schools,MI,1001
2604800,Bentley Community School District,MI,707
2604830,Benton Harbor Area Schools,MI,1240
2604950,Benzie County Central Schools,MI,1140
2605010,Berkley School District,MI,3959
2605100,Berlin Township S/D #3,MI,15
2605430,Berrien Springs Public Schools,MI,4993
2605690,Big Bay De Noc School District,MI,192
2605780,Big Rapids Public Schools,MI,2411
2605820,Birch Run Area Schools,MI,1806
2605850,Birmingham Public Schools,MI,7424
2606000,Blissfield Community Schools,MI,1116
2606090,Bloomfield Hills Schools,MI,4967
2606270,Bloomingdale Public School District,MI,953
2606300,Bois Blanc Pines School District,MI,6
2606500,Boyne City Public Schools,MI,1220
2606510,Boyne Falls Public School District,MI,197
2606570,Brandon School District in the Counties of Oakland and Lapee,MI,2032
2606600,Brandywine Community Schools,MI,1301
2606630,Breckenridge Community Schools,MI,634
2606720,Breitung Township School District,MI,1945
2606780,Bridgeport-Spaulding Community School District,MI,1477
2606840,Bridgman Public Schools,MI,810
2606870,Brighton Area Schools,MI,5796
2606900,Brimley Area Schools,MI,463
2606930,Britton Deerfield Schools,MI,341
2606960,Bronson Community School District,MI,963
2606990,Columbia School District,MI,1428
2607040,Brown City Community Schools,MI,696
2607080,Flat Rock Community Schools,MI,1754
2607140,Buchanan Community Schools,MI,1577
2607170,Buckley Community Schools,MI,489
2607320,Bullock Creek School District,MI,1673
2607410,Burr Oak Community School District,MI,501
2607470,Burt Township School District,MI,34
2607530,Byron Area Schools,MI,652
2607560,Byron Center Public Schools,MI,4572
2607590,Cadillac Area Public Schools,MI,3050
2607620,Caledonia Community Schools,MI,4598
2607690,Public Schools of Calumet Laurium & Keweenaw,MI,1369
2607710,Camden-Frontier School,MI,432
2607800,Capac Community Schools,MI,686
2607890,Carman-Ainsworth Community Schools,MI,3500
2608010,Carney-Nadeau Public Schools,MI,253
2608040,Caro Community Schools,MI,1383
2608070,Carrollton Public Schools,MI,1576
2608130,Carson City-Crystal Area Schools,MI,735
2608160,Carsonville-Port Sanilac School District,MI,405
2608280,Caseville Public Schools,MI,186
2608400,Cass City Public Schools,MI,877
2608430,Cassopolis Public Schools,MI,853
2608520,Cedar Springs Public Schools,MI,3011
2608580,Center Line Public Schools,MI,2524
2608610,Central Lake Public Schools,MI,223
2608640,Central Montcalm Public Schools,MI,1311
2608670,Centreville Public Schools,MI,889
2608730,Charlevoix Public Schools,MI,786
2608770,Charlotte Public Schools,MI,2293
2608880,Chassell Township School District,MI,192
2608910,Cheboygan Area Schools,MI,1468
2608940,Chelsea School District,MI,2257
2609150,Chesaning Union Schools,MI,1386
2609560,Chippewa Hills School District,MI,1785
2609570,Chippewa Valley Schools,MI,14276
2609750,Clare Public Schools,MI,1554
2609840,Clarenceville School District,MI,1632
2609900,Clarkston Community School District,MI,6728
2609930,Clawson Public Schools,MI,1214
2610020,Climax-Scotts Community Schools,MI,650
2610050,Clinton Community Schools,MI,1246
2610080,Clintondale Community Schools,MI,1677
2610110,Clio Area School District,MI,2491
2610140,Coldwater Community Schools,MI,2813
2610200,Coleman Community Schools,MI,559
2610230,Colfax Township S/D #1F,MI,20
2610380,Coloma Community Schools,MI,1095
2610410,Colon Community School District,MI,529
2610560,Fairview Area School District,MI,311
2610590,Comstock Public Schools,MI,1871
2610620,Comstock Park Public Schools,MI,1778
2610650,Concord Community Schools,MI,617
2610750,Constantine Public School District,MI,1247
2610830,Coopersville Area Public School District,MI,2487
2610860,Corunna Public Schools,MI,1564
2610980,Covert Public Schools,MI,324
2611030,Crawford AuSable Schools,MI,1641
2611140,Croswell-Lexington Community Schools,MI,1708
2611190,Forest Park School District,MI,481
2611400,Dansville Schools,MI,726
2611430,Davison Community Schools,MI,5460
2611550,DeWitt Public Schools,MI,3109
2611600,Dearborn City School District,MI,19262
2611610,Dearborn Heights School District #7,MI,2387
2611640,Westwood Community School District,MI,1513
2611670,Decatur Public Schools,MI,755
2611700,Deckerville Community School District,MI,507
2611910,Delton Kellogg Schools,MI,1111
2611970,DeTour Area Schools,MI,98
2612030,Dexter Community School District,MI,3311
2612150,Dowagiac Union School District,MI,1823
2612240,Dryden Community Schools,MI,438
2612300,Dundee Community Schools,MI,1752
2612330,Durand Area Schools,MI,1215
2612420,East China School District,MI,3433
2612450,Eastpointe Community Schools,MI,2178
2612480,East Grand Rapids Public Schools,MI,2992
2612540,East Jackson Community Schools,MI,723
2612560,East Jordan Public Schools,MI,722
2612600,East Lansing School District,MI,3726
2612660,Easton Township S/D #6,MI,10
2612690,Eaton Rapids Public Schools,MI,1928
2612810,Eau Claire Public Schools,MI,587
2612930,Ecorse Public Schools,MI,1150
2612960,Montabella Community Schools,MI,777
2612990,Edwardsburg Public Schools,MI,2519
2613050,Elk Rapids Schools,MI,949
2613090,Elkton-Pigeon-Bay Port Laker Schools,MI,982
2613110,Ellsworth Community School,MI,228
2613140,Elm River Township School District,MI,8
2613500,Escanaba Area Public Schools,MI,2130
2613530,Essexville-Hampton Public Schools,MI,1523
2613560,Evart Public Schools,MI,808
2613680,Excelsior Township S/D #1,MI,46
2614070,Farmington Public School District,MI,9110
2614100,Farwell Area Schools,MI,1000
2614230,Fennville Public Schools,MI,1219
2614250,Fenton Area Public Schools,MI,2872
2614280,Ferndale Public Schools,MI,3137
2614460,Fitzgerald Public Schools,MI,2307
2614520,Flint School District of the City of,MI,2605
2614550,Flushing Community Schools,MI,4094
2614570,Forest Area Community Schools,MI,493
2614610,Forest Hills Public Schools,MI,8838
2614690,Gwinn Area Community Schools,MI,907
2614700,Fowler Public Schools,MI,425
2614730,Fowlerville Community Schools,MI,2410
2614760,Frankenmuth School District,MI,1364
2614790,Frankfort-Elberta Area Schools,MI,489
2614820,Fraser Public Schools,MI,4409
2615060,Freeland Community School District,MI,2016
2615150,Fremont Public School District,MI,2043
2615390,Fruitport Community Schools,MI,2671
2615420,Fulton Schools,MI,553
2615450,Galesburg-Augusta Community Schools,MI,995
2615510,Glenn Public School District,MI,41
2615540,Garden City Public Schools,MI,3217
2615600,Engadine Consolidated Schools,MI,300
2615730,Gaylord Community Schools,MI,2747
2615750,Genesee School District,MI,693
2615830,Roscommon Area Public Schools,MI,791
2615870,Gibraltar School District,MI,3651
2615970,Gladstone Area Schools,MI,1494
2615990,Gladwin Community Schools,MI,1655
2616020,Glen Lake Community Schools,MI,735
2616050,Gobles Public School District,MI,786
2616080,Godfrey-Lee Public Schools,MI,1660
2616110,Godwin Heights Public Schools,MI,1954
2616320,Goodrich Area Schools,MI,1916
2616350,Grand Blanc Community Schools,MI,7489
2616380,Grand Haven Area Public Schools,MI,5202
2616410,Grand Ledge Public Schools,MI,5440
2616440,Grand Rapids Public Schools,MI,13692
2616470,Grandville Public Schools,MI,5547
2616500,Grant Public School District,MI,1438
2616560,Grant Township S/D #2,MI,5
2616830,Grass Lake Community Schools,MI,1334
2617160,Greenville Public Schools,MI,3391
2617220,Grosse Ile Township Schools,MI,1493
2617250,Gull Lake Community Schools,MI,3412
2617340,Hagar Township S/D #6,MI,72
2617370,Hale Area Schools,MI,347
2617400,Hamilton Community Schools,MI,2528
2617520,Hamtramck School District of the City of,MI,2877
2617550,Hancock Public Schools,MI,549
2617640,Hanover-Horton School District,MI,1001
2617700,Harbor Springs School District,MI,754
2617730,Harper Creek Community Schools,MI,2778
2617760,Harper Woods The School District of the City of,MI,3041
2617820,Harrison Community Schools,MI,1184
2617860,Hart Public School District,MI,1192
2617880,Hartford Public Schools,MI,1338
2617910,Hartland Consolidated Schools,MI,5002
2617940,Haslett Public Schools,MI,2616
2617970,Hastings Area School District,MI,2481
2618030,Hazel Park School District of the City of,MI,2932
2618180,Hemlock Public School District,MI,1239
2618270,Hesperia Community Schools,MI,799
2618360,Hillman Community Schools,MI,432
2618390,Hillsdale Community Schools,MI,1263
2618420,Holland City School District,MI,2878
2618450,Holly Area School District,MI,3157
2618480,Holt Public Schools,MI,4726
2618510,Holton Public Schools,MI,780
2618540,Homer Community School District,MI,834
2618570,Hopkins Public Schools,MI,1419
2618600,Houghton Lake Community Schools,MI,1076
2618720,Howell Public Schools,MI,7045
2618810,Hudson Area Schools,MI,1369
2618840,Hudsonville Public School District,MI,6709
2618930,Huron School District,MI,2489
2618990,Huron Valley Schools,MI,7687
2619050,Ida Public School District,MI,1410
2619100,Imlay City Community Schools,MI,1782
2619170,Inland Lakes Schools,MI,664
2619250,Ionia Public Schools,MI,2675
2619290,Ionia Township S/D #2,MI,10
2619410,Iron Mountain Public Schools,MI,813
2619470,Ironwood Area Schools of Gogebic County,MI,815
2619530,Ishpeming Public School District No. 1,MI,629
2619580,Ithaca Public Schools,MI,971
2619620,Jackson Public Schools,MI,4310
2619800,Jefferson Schools (Monroe),MI,1371
2619830,Jenison Public Schools,MI,5165
2619890,Johannesburg-Lewiston Area Schools,MI,675
2619920,Jonesville Community Schools,MI,1180
2619950,Kalamazoo Public Schools,MI,12273
2620010,Kaleva Norman Dickson School District,MI,514
2620050,Kalkaska Public Schools,MI,1341
2620070,Kearsley Community School District,MI,2834
2620160,Kelloggsville Public Schools,MI,2211
2620280,Kenowa Hills Public Schools,MI,2947
2620310,Kent City Community Schools,MI,1242
2620340,Kentwood Public Schools,MI,9631
2620380,Kingsley Area Schools,MI,1430
2620400,Kingston Community School District,MI,581
2620550,Laingsburg Community Schools,MI,1112
2620610,Lake City Area School District,MI,1142
2620670,Lake Fenton Community Schools,MI,2013
2620700,Lake Linden-Hubbell School District,MI,327
2620730,Lake Orion Community Schools,MI,6589
2620820,Lakeshore School District (Berrien),MI,2635
2620850,Lakeview Sch. District (Calhoun),MI,3717
2620880,Lakeview Public Schools (Macomb),MI,4156
2620910,Lakeview Community Schools (Montcalm),MI,1009
2620940,LakeVille Community School District,MI,1007
2620980,Lakewood Public Schools,MI,1595
2621120,Lamphere Public Schools,MI,2452
2621150,Lansing Public School District,MI,9951
2621180,Lapeer Community Schools,MI,4089
2621210,Lawrence Public Schools,MI,393
2621240,Lawton Community School District,MI,1027
2621390,Leland Public School District,MI,421
2621420,Les Cheneaux Community Schools,MI,219
2621450,Leslie Public Schools,MI,1090
2621570,Lincoln Consolidated School District,MI,3416
2621600,Lincoln Park School District of the City of,MI,4895
2621690,Linden Community Schools,MI,2350
2621750,Litchfield Community Schools,MI,253
2621810,Alanson Public Schools,MI,227
2621840,Livonia Public Schools School District,MI,13076
2621870,L'Anse Creuse Public Schools,MI,9215
2622050,Lowell Area Schools,MI,3470
2622200,Ludington Area School District,MI,2045
2622230,Mackinac Island Public Schools,MI,64
2622260,Mackinaw City Public Schools,MI,147
2622290,Madison District Public Schools,MI,947
2622320,Madison School District (Lenawee),MI,1585
2622350,Mancelona Public Schools,MI,777
2622380,Manchester Community Schools,MI,681
2622410,Manistee Area Public Schools,MI,1247
2622470,Manistique Area Schools,MI,701
2622500,Manton Consolidated Schools,MI,939
2622620,Maple Valley Schools,MI,873
2622740,Marcellus Community Schools,MI,600
2622800,Marion Public Schools,MI,377
2622830,Mar Lee School District,MI,295
2622860,Marlette Community Schools,MI,699
2622970,Marshall Public Schools,MI,2598
2622980,Martin Public Schools,MI,630
2623040,Marysville Public Schools,MI,2671
2623070,Mason Public Schools (Ingham),MI,3317
2623100,Mason Consolidated Schools (Monroe),MI,979
2623130,Mason County Central Schools,MI,1203
2623160,Mason County Eastern Schools,MI,357
2623250,Mattawan Consolidated School,MI,3545
2623280,Mayville Community School District,MI,532
2623310,McBain Rural Agricultural Schools,MI,1081
2623460,Melvindale-Northern Allen Park Schools,MI,2997
2623490,Memphis Community Schools,MI,710
2623520,Mendon Community School District,MI,464
2623550,Menominee Area Public Schools,MI,1154
2623580,Meridian Public Schools,MI,1374
2623610,Merrill Community Schools,MI,458
2623670,Mesick Consolidated Schools,MI,532
2623790,Michigan Center School District,MI,1423
2623820,Midland Public Schools,MI,7380
2623830,Mid Peninsula School District,MI,220
2623850,Milan Area Schools,MI,1839
2623910,Millington Community Schools,MI,1102
2624000,Mio-AuSable Schools,MI,497
2624120,Mona Shores Public School District,MI,3971
2624150,Monroe Public Schools,MI,4428
2624180,Montague Area Public Schools,MI,1290
2624420,Montrose Community Schools,MI,1447
2624540,Moran Township School District,MI,87
2624570,Morenci Area Schools,MI,499
2624600,Morley Stanwood Community Schools,MI,970
2624630,Morrice Area Schools,MI,411
2624690,Mount Clemens Community School District,MI,823
2624720,Mt. Morris Consolidated Schools,MI,1446
2624750,Mt. Pleasant City School District,MI,3341
2624810,Munising Public Schools,MI,558
2624840,Muskegon Public Schools of the City of,MI,3371
2624960,Napoleon Community Schools,MI,1290
2625020,Negaunee Public Schools,MI,1554
2625140,New Buffalo Area Schools,MI,516
2625230,New Haven Community Schools,MI,1555
2625290,New Lothrop Area Public Schools,MI,903
2625320,Newaygo Public School District,MI,1567
2625350,Tahquamenon Area Schools,MI,497
2625400,NICE Community School District,MI,1111
2625560,Niles Community Schools,MI,3143
2625650,North Adams-Jerome Public Schools,MI,301
2625680,North Branch Area Schools,MI,2431
2625740,Grosse Pointe Public Schools,MI,6419
2625780,North Huron School District,MI,295
2625800,North Muskegon Public Schools,MI,923
2625920,Northport Public School District,MI,127
2625950,Northview Public Schools,MI,3173
2625980,Northville Public Schools,MI,7022
2626010,Northwest Community Schools,MI,3507
2626040,Norway-Vulcan Area Schools,MI,566
2626100,Nottawa Community School,MI,189
2626130,Novi Community School District,MI,6770
2626190,Oak Park School District of the City of,MI,3011
2626220,Oakridge Public Schools,MI,1810
2626280,Okemos Public Schools,MI,4651
2626370,Olivet Community Schools,MI,1239
2626400,Onaway Area Community School District,MI,511
2626430,Oneida Township S/D #3,MI,22
2626490,Onekama Consolidated Schools,MI,294
2626520,Onsted Community Schools,MI,1157
2626550,Ontonagon Area School District,MI,271
2626760,Orchard View Schools,MI,2064
2626940,Dollar Bay-Tamarack City Area Schools,MI,317
2626970,Oscoda Area Schools,MI,1199
2627060,Otsego Public Schools,MI,2368
2627150,Ovid-Elsie Area Schools,MI,1275
2627180,Owendale-Gagetown Area School District,MI,136
2627210,Owosso Public Schools,MI,2863
2627240,Oxford Community Schools,MI,5605
2627420,Parchment School District,MI,1567
2627660,Paw Paw Public School District,MI,2146
2627690,Peck Community School District,MI,376
2627720,Pellston Public Schools,MI,479
2627810,Pennfield Schools,MI,1877
2627840,Pentwater Public School District,MI,226
2627900,Perry Public Schools,MI,987
2627930,Public Schools of Petoskey,MI,2409
2627960,Pewamo-Westphalia Community Schools,MI,753
2628020,Pickford Public Schools,MI,430
2628140,Pinckney Community Schools,MI,2023
2628170,Pinconning Area Schools,MI,1095
2628200,Pine River Area Schools,MI,894
2628500,Pittsford Area Schools,MI,366
2628530,Plainwell Community Schools,MI,2634
2628560,Plymouth-Canton Community Schools,MI,16083
2628740,Pontiac City School District,MI,3851
2628830,Port Huron Area School District,MI,6983
2628890,Houghton-Portage Township School District,MI,1458
2628950,Portage Public Schools,MI,8497
2629120,Portland Public Schools,MI,1993
2629130,Posen Consolidated School District No. 9,MI,210
2629160,Potterville Public Schools,MI,762
2629190,Powell Township Schools,MI,46
2629220,North Central Area Schools,MI,284
2629250,Quincy Community Schools,MI,1099
2629340,Rapid River Public Schools,MI,243
2629370,Ravenna Public Schools,MI,1007
2629400,Reading Community Schools,MI,690
2629460,Redford Union Schools District No. 1,MI,2018
2629490,Reed City Area Public Schools,MI,1456
2629520,Reese Public Schools,MI,746
2629540,Reeths-Puffer Schools,MI,3451
2629580,Republic-Michigamme Schools,MI,80
2629670,Richmond Community Schools,MI,1558
2629760,River Rouge School District of the City of,MI,3084
2629790,River Valley School District,MI,460
2629910,Riverview Community School District,MI,2752
2629940,Rochester Community School District,MI,14868
2630030,Rockford Public Schools,MI,7509
2630060,Rogers City Area Schools,MI,434
2630090,Romeo Community Schools,MI,5355
2630120,Romulus Community Schools,MI,2077
2630210,Roseville Community Schools,MI,4133
2630300,Royal Oak Schools,MI,4904
2630360,Rudyard Area Schools,MI,603
2630390,Saginaw School District of the City of,MI,5005
2630450,Saginaw Township Community Schools,MI,4548
2630480,North Dickinson County Schools,MI,250
2630660,Saline Area Schools,MI,4683
2630780,Sand Creek Community Schools,MI,757
2630840,Sandusky Community School District,MI,931
2630930,Saranac Community Schools,MI,850
2630960,Saugatuck Public Schools,MI,819
2630990,Sault Ste. Marie Area Schools,MI,1806
2631020,Schoolcraft Community Schools,MI,1085
2631320,Shelby Public Schools,MI,1059
2631380,Shepherd Public Schools,MI,1746
2632070,Sodus Township S/D #5,MI,70
2632220,South Lake Schools,MI,1406
2632250,South Lyon Community Schools,MI,8387
2632280,South Redford School District,MI,2775
2632300,South Haven Public Schools,MI,1815
2632310,Southfield Public School District,MI,4491
2632340,Southgate Community School District,MI,3760
2632370,Sparta Area Schools,MI,2371
2632550,Spring Lake Public Schools,MI,2275
2632610,Springport Public Schools,MI,932
2632640,St. Charles Community Schools,MI,703
2632670,Lake Shore Public Schools (Macomb),MI,3262
2632820,St. Johns Public Schools,MI,2458
2632850,St. Joseph Public Schools,MI,2930
2632880,St. Louis Public Schools,MI,882
2632910,West Iron County Public Schools,MI,760
2632940,Standish-Sterling Community Schools,MI,1483
2632970,Stanton Township Public Schools,MI,183
2633000,Stephenson Area Public Schools,MI,380
2633030,Stockbridge Community Schools,MI,1075
2633090,Sturgis Public Schools,MI,2773
2633120,Summerfield Schools,MI,567
2633360,Suttons Bay Public Schools,MI,491
2633410,Swan Valley School District,MI,1802
2633420,Swartz Creek Community Schools,MI,3483
2633510,Tawas Area Schools,MI,1124
2633540,Taylor School District,MI,5404
2633720,Tecumseh Public Schools,MI,2397
2633750,Tekonsha Community Schools,MI,193
2633810,Thornapple Kellogg School District,MI,3091
2633840,Three Rivers Community Schools,MI,2154
2633870,Traverse City Area Public Schools,MI,8584
2633900,Trenton Public Schools,MI,2604
2633930,Tri County Area Schools,MI,1643
2634260,Troy School District,MI,12283
2634380,Ubly Community Schools,MI,629
2634410,Union City Community Schools,MI,909
2634440,Unionville-Sebewaing Area S.D.,MI,624
2634470,Utica Community Schools,MI,25297
2634560,Van Buren Public Schools,MI,4273
2634620,Vanderbilt Area Schools,MI,72
2634650,Vandercook Lake Public Schools,MI,629
2634680,Van Dyke Public Schools,MI,2085
2634710,Vassar Public Schools,MI,809
2634860,Verona Township S/D #1F,MI,27
2634920,Vestaburg Community Schools,MI,841
2634950,Vicksburg Community Schools,MI,2560
2635010,Wakefield-Marenisco School District,MI,236
2635040,Waldron Area Schools,MI,205
2635130,Walkerville Public Schools,MI,248
2635160,Walled Lake Consolidated Schools,MI,11818
2635190,Warren Consolidated Schools,MI,12564
2635220,Warren Woods Public Schools,MI,3035
2635310,Waterford School District,MI,6773
2635340,Watersmeet Township School District,MI,130
2635460,Watervliet School District,MI,1423
2635520,Waverly Community Schools,MI,2854
2635550,Wayland Union Schools,MI,2729
2635730,Webberville Community Schools,MI,446
2635790,Wells Township School District,MI,8
2635820,West Bloomfield School District,MI,4727
2635850,West Branch-Rose City Area Schools,MI,1844
2635910,West Ottawa Public School District,MI,6757
2635940,Western School District,MI,2688
2635970,Westwood Heights Schools,MI,1188
2636060,White Cloud Public Schools,MI,908
2636120,White Pigeon Community Schools,MI,729
2636240,Whitefish Township Schools,MI,42
2636270,Whiteford Agricultural School District of the Counties of Le,MI,831
2636300,Whitehall District Schools,MI,1941
2636330,Whitmore Lake Public School District,MI,690
2636390,Whittemore-Prescott Area Schools,MI,607
2636420,Williamston Community Schools,MI,1879
2636480,Wolverine Community School District,MI,249
2636485,Woodhaven-Brownstown School District,MI,5688
2636540,Wyandotte School District of the City of,MI,4171
2636570,Wyoming Public Schools,MI,3832
2636600,Yale Public Schools,MI,1734
2636630,Ypsilanti Community Schools,MI,3872
2636660,Zeeland Public Schools,MI,5788
2700001,MOUNTAIN IRON-BUHL SCHOOL DISTRICT,MN,637
2700005,United South Central Schools,MN,763
2700006,MAPLE RIVER SCHOOL DISTRICT,MN,946
2700007,KINGSLAND PUBLIC SCHOOL DISTRICT,MN,524
2700008,ST. LOUIS COUNTY SCHOOL DISTRICT,MN,1914
2700013,WATERVILLE-ELYSIAN-MORRISTOWN,MN,716
2700017,Chisago Lakes School District,MN,3317
2700019,MINNEWASKA SCHOOL DISTRICT,MN,1324
2700022,WADENA-DEER CREEK SCHOOL DISTRICT,MN,1079
2700023,Buffalo Lake-Hector-Stewart,MN,451
2700024,WARREN-ALVARADO-OSLO SCHOOL DIST.,MN,589
2700088,LAKEVIEW SCHOOL DISTRICT,MN,720
2700089,NRHEG SCHOOL DISTRICT,MN,762
2700090,Murray County Central Schools,MN,721
2700091,MACCRAY School District,MN,722
2700099,YELLOW MEDICINE EAST,MN,605
2700100,FILLMORE CENTRAL,MN,575
2700101,NORMAN COUNTY EAST SCHOOL DISTRICT,MN,166
2700102,SIBLEY EAST SCHOOL DISTRICT,MN,1089
2700103,CLEARBROOK-GONVICK SCHOOL DISTRICT,MN,460
2700104,WEST CENTRAL AREA,MN,743
2700105,BELGRADE-BROOTEN-ELROSA SCHOOL DIST,MN,610
2700106,A.C.G.C. Public School District,MN,893
2700107,Greenbush Middle River Schools,MN,222
2700108,Pipestone Area School District,MN,1138
2700109,Long Prairie-Grey Eagle School Dist,MN,984
2700110,CEDAR MOUNTAIN SCHOOL DISTRICT,MN,390
2700123,HOWARD LAKE-WAVERLY-WINSTED,MN,1312
2700124,FAIRMONT AREA SCHOOL DISTRICT,MN,1846
2700125,Lac qui Parle Valley Schools,MN,890
2700127,STEPHEN-ARGYLE CENTRAL SCHOOLS,MN,282
2700128,GLENCOE-SILVER LAKE SCHOOL DISTRICT,MN,1390
2700130,Blue Earth Area School District,MN,1064
2700132,RED ROCK CENTRAL SCHOOL DISTRICT,MN,404
2700148,GLENVILLE-EMMONS SCHOOL DISTRICT,MN,236
2700150,Clinton-Graceville-Beardsley,MN,333
2700162,LAKE PARK AUDUBON SCHOOL DISTRICT,MN,663
2700163,Renville County West Schools,MN,548
2700182,REDWOOD AREA SCHOOL DISTRICT,MN,1113
2700183,WESTBROOK-WALNUT GROVE SCHOOLS,MN,497
2700231,Jackson County Central School Dist.,MN,1093
2700287,Plainview-Elgin-Millville,MN,1405
2700294,RTR Public Schools,MN,646
2700326,TRACY AREA PUBLIC SCHOOL DISTRICT,MN,670
2700328,Ortonville Public Schools,MN,510
2700379,Tri-City United School District,MN,1927
2700382,BRANDON-EVANSVILLE PUBLIC SCHOOLS,MN,552
2700383,MORRIS AREA PUBLIC SCHOOLS,MN,1092
2700385,RED LAKE COUNTY CENTRAL PUBLIC SCH,MN,343
2700388,ROUND LAKE-BREWSTER PUBLIC SCHOOLS,MN,495
2700466,Rock Ridge Public Schools,MN,2288
2700480,Ada-Borup-West Public Schools,MN,705
2702640,LESTER PRAIRIE PUBLIC SCHOOL DIST.,MN,435
2702720,Southland Public School District,MN,520
2702730,ADRIAN PUBLIC SCHOOL DISTRICT,MN,589
2702760,Aitkin Public School District,MN,989
2702910,Walker-Hackensack-Akeley Schl. Dist,MN,686
2702930,ALBANY PUBLIC SCHOOL DISTRICT,MN,1744
2702970,Albert Lea Public School District,MN,3335
2703030,ALDEN-CONGER PUBLIC SCHOOL DISTRICT,MN,444
2703060,Alexandria Public School District,MN,4034
2703150,ANNANDALE PUBLIC SCHOOL DISTRICT,MN,2006
2703180,Anoka-Hennepin School District,MN,38354
2703300,ASHBY PUBLIC SCHOOL DISTRICT,MN,315
2703450,Austin Public School District,MN,5385
2703540,BADGER PUBLIC SCHOOL DISTRICT,MN,223
2703570,BAGLEY PUBLIC SCHOOL DISTRICT,MN,870
2703660,BARNESVILLE PUBLIC SCHOOL DIST.,MN,870
2703690,BARNUM PUBLIC SCHOOL DISTRICT,MN,660
2703750,BATTLE LAKE PUBLIC SCHOOL DISTRICT,MN,414
2703870,BECKER PUBLIC SCHOOL DISTRICT,MN,2877
2704050,BELLE PLAINE PUBLIC SCHOOL DISTRICT,MN,1522
2704440,Bemidji Public School District,MN,4722
2704470,BENSON PUBLIC SCHOOL DISTRICT,MN,760
2705430,BERTHA-HEWITT PUBLIC SCHOOL DIST.,MN,506
2705460,BIG LAKE PUBLIC SCHOOL DISTRICT,MN,3190
2705660,BIRD ISLAND-OLIVIA-LAKE LILLIAN,MN,636
2705730,BLACKDUCK PUBLIC SCHOOL DISTRICT,MN,696
2705760,Blooming Prairie Public Schools,MN,864
2705790,Bloomington Public Schools,MN,10442
2706060,BRAHAM PUBLIC SCHOOL DISTRICT,MN,783
2706090,BRAINERD PUBLIC SCHOOL DISTRICT,MN,6079
2706150,BRECKENRIDGE PUBLIC SCHOOL DISTRICT,MN,576
2706240,Brooklyn Center Community Schools,MN,2174
2706300,BROWERVILLE PUBLIC SCHOOL DISTRICT,MN,566
2707110,Browns Valley Public School Dist,MN,205
2707200,Buffalo-Hanover-Montrose Schools,MN,5175
2707290,Burnsville-Eagan-Savage Schools,MN,7663
2707320,Butterfield-Odin Public Schools,MN,213
2707350,Byron Public School District,MN,2342
2707380,CALEDONIA PUBLIC SCHOOL DISTRICT,MN,693
2707410,Cambridge-Isanti Public School Dist,MN,5007
2707450,Campbell-Tintah Public Schools,MN,115
2707470,CANBY PUBLIC SCHOOL DISTRICT,MN,604
2707500,CANNON FALLS PUBLIC SCHOOL DISTRICT,MN,1055
2707590,CARLTON PUBLIC SCHOOL DISTRICT,MN,308
2708070,CASS LAKE-BENA PUBLIC SCHOOLS,MN,1119
2708100,Centennial Public School District,MN,6851
2708190,EASTERN CARVER COUNTY PUBLIC SCHOOL,MN,9274
2708220,CHATFIELD PUBLIC SCHOOLS,MN,898
2708910,CHISHOLM PUBLIC SCHOOL DISTRICT,MN,640
2708940,Chokio-Alberta Public Schools,MN,142
2709330,CLEVELAND PUBLIC SCHOOL DISTRICT,MN,650
2709360,CLIMAX-SHELLY PUBLIC SCHOOLS,MN,159
2709420,CLOQUET PUBLIC SCHOOL DISTRICT,MN,2529
2709440,ROCORI PUBLIC SCHOOL DISTRICT,MN,2406
2709480,GREENWAY PUBLIC SCHOOL DISTRICT,MN,970
2709510,Columbia Heights Public School Dist,MN,3516
2709540,COMFREY PUBLIC SCHOOL DISTRICT,MN,104
2709690,CROMWELL-WRIGHT PUBLIC SCHOOLS,MN,300
2709720,Crookston Public School District,MN,1140
2709750,Crosby-Ironton Public School Dist.,MN,988
2710060,Dassel-Cokato Public Schools,MN,2020
2710090,Dawson-Boyd Public School District,MN,566
2710140,DEER RIVER PUBLIC SCHOOL DISTRICT,MN,833
2710170,DELANO PUBLIC SCHOOL DISTRICT,MN,2457
2710230,DETROIT LAKES PUBLIC SCHOOL DIST.,MN,2728
2710260,DILWORTH-GLYNDON-FELTON,MN,1535
2711010,DOVER-EYOTA PUBLIC SCHOOL DISTRICT,MN,1057
2711040,DULUTH PUBLIC SCHOOL DISTRICT,MN,8723
2711085,EAST CENTRAL SCHOOL DISTRICT,MN,732
2711130,East Grand Forks Public Schools,MN,2005
2711190,EDEN VALLEY-WATKINS SCHOOL DISTRICT,MN,868
2711220,EDGERTON PUBLIC SCHOOL DISTRICT,MN,437
2711250,EDINA PUBLIC SCHOOL DISTRICT,MN,8794
2711370,Elk River Public School District,MN,14577
2711460,ELLSWORTH PUBLIC SCHOOL DISTRICT,MN,136
2711520,ELY PUBLIC SCHOOL DISTRICT,MN,528
2711670,MINNETONKA PUBLIC SCHOOL DISTRICT,MN,11323
2711760,FARIBAULT PUBLIC SCHOOL DISTRICT,MN,3106
2711820,FARMINGTON PUBLIC SCHOOL DISTRICT,MN,6458
2711880,Fergus Falls Public School District,MN,3235
2711910,FERTILE-BELTRAMI SCHOOL DISTRICT,MN,495
2712180,Fisher Public School District,MN,222
2712210,FLOODWOOD PUBLIC SCHOOL DISTRICT,MN,168
2712240,FOLEY PUBLIC SCHOOL DISTRICT,MN,1921
2712270,Forest Lake Public School District,MN,5776
2712300,FOSSTON PUBLIC SCHOOL DISTRICT,MN,596
2712360,FRAZEE-VERGAS PUBLIC SCHOOL DIST.,MN,834
2712420,Fridley Public School District,MN,2712
2712480,FULDA PUBLIC SCHOOL DISTRICT,MN,336
2712580,GFW Public Schools,MN,572
2712900,GOODHUE PUBLIC SCHOOL DISTRICT,MN,778
2713020,GOODRIDGE PUBLIC SCHOOL DISTRICT,MN,275
2713040,Granada Huntley East Chain,MN,317
2713110,Cook County Public Schools,MN,475
2713140,GRAND MEADOW PUBLIC SCHOOL DISTRICT,MN,443
2713170,GRAND RAPIDS PUBLIC SCHOOL DISTRICT,MN,3972
2713380,HANCOCK PUBLIC SCHOOL DISTRICT,MN,437
2713530,Hastings Public School District,MN,4041
2713560,HAWLEY PUBLIC SCHOOL DISTRICT,MN,1058
2713590,HAYFIELD PUBLIC SCHOOL DISTRICT,MN,621
2713680,HENDRICKS PUBLIC SCHOOL DISTRICT,MN,244
2713860,HENNING PUBLIC SCHOOL DISTRICT,MN,381
2713890,Herman-Norcross Community School,MN,92
2713920,Hermantown Community Schools,MN,2118
2713930,HERON LAKE-OKABENA SCHOOL DISTRICT,MN,260
2713980,Hibbing Public School District,MN,2232
2714010,Hill City Public School District,MN,267
2714040,HILLS-BEAVER CREEK SCHOOL DISTRICT,MN,343
2714070,HINCKLEY-FINLAYSON SCHOOL DISTRICT,MN,869
2714190,HOLDINGFORD PUBLIC SCHOOL DISTRICT,MN,1098
2714220,EDEN PRAIRIE PUBLIC SCHOOL DISTRICT,MN,9292
2714260,HOPKINS PUBLIC SCHOOL DISTRICT,MN,7129
2714280,HOUSTON PUBLIC SCHOOL DISTRICT,MN,1934
2714970,HUTCHINSON PUBLIC SCHOOL DISTRICT,MN,2722
2715000,INTERNATIONAL FALLS SCHOOL DISTRICT,MN,914
2715030,INVER GROVE HEIGHTS SCHOOLS,MN,3427
2715510,ISLE PUBLIC SCHOOL DISTRICT,MN,394
2715540,IVANHOE PUBLIC SCHOOL DISTRICT,MN,71
2715750,JORDAN PUBLIC SCHOOL DISTRICT,MN,1877
2716980,Kasson-Mantorville School District,MN,2152
2717010,KELLIHER PUBLIC SCHOOL DISTRICT,MN,311
2717100,KENYON-WANAMINGO SCHOOL DISTRICT,MN,644
2717120,KERKHOVEN-MURDOCK-SUNBURG,MN,777
2717220,KIMBALL PUBLIC SCHOOL DISTRICT,MN,759
2717250,La Crescent-Hokah School District,MN,998
2717460,LAKE BENTON PUBLIC SCHOOL DISTRICT,MN,102
2717520,LAKE CITY PUBLIC SCHOOL DISTRICT,MN,1189
2717570,LAKE OF THE WOODS SCHOOL DISTRICT,MN,462
2717780,Lakeville Area Schools,MN,12025
2717880,LANCASTER PUBLIC SCHOOL DISTRICT,MN,208
2717910,LANESBORO PUBLIC SCHOOL DISTRICT,MN,442
2717940,Laporte Public School District,MN,332
2718060,LEROY-OSTRANDER PUBLIC SCHOOLS,MN,258
2718070,LE SUEUR-HENDERSON SCHOOL DISTRICT,MN,908
2718090,Lewiston-Altura Public School Dist,MN,591
2718210,Litchfield Public School District,MN,1566
2718240,Little Falls Community Schools,MN,2424
2718270,LITTLEFORK-BIG FALLS SCHOOL DIST.,MN,402
2718330,LUVERNE PUBLIC SCHOOL DISTRICT,MN,1142
2718360,LYLE PUBLIC SCHOOL DISTRICT,MN,306
2718390,Lynd Public School District,MN,175
2718540,Mabel-Canton Public School District,MN,269
2718570,MADELIA PUBLIC SCHOOL DISTRICT,MN,646
2718660,MAHNOMEN PUBLIC SCHOOL DISTRICT,MN,674
2718750,MAHTOMEDI PUBLIC SCHOOL DISTRICT,MN,3285
2718780,MANKATO PUBLIC SCHOOL DISTRICT,MN,8219
2718810,MAPLE LAKE PUBLIC SCHOOL DISTRICT,MN,744
2718920,GRYGLA PUBLIC SCHOOL DISTRICT,MN,135
2718940,MARSHALL PUBLIC SCHOOL DISTRICT,MN,2664
2718960,Martin County West School District,MN,624
2719170,McGregor Public School District,MN,414
2719320,Medford Public School District,MN,845
2720550,MELROSE PUBLIC SCHOOL DISTRICT,MN,1313
2720580,Menahga Public School District,MN,987
2720670,MILACA PUBLIC SCHOOL DISTRICT,MN,1639
2721210,MILROY PUBLIC SCHOOL DISTRICT,MN,29
2721240,Minneapolis Public School District,MN,29928
2721270,MINNEOTA PUBLIC SCHOOL DISTRICT,MN,554
2721320,MONTEVIDEO PUBLIC SCHOOL DISTRICT,MN,1372
2721390,Monticello Public School District,MN,4013
2721420,Moorhead Area Public Schools,MN,7571
2721450,MOOSE LAKE PUBLIC SCHOOL DISTRICT,MN,561
2721480,Mora Public Schools,MN,1656
2722920,Westonka Public School District,MN,2442
2722950,Mounds View Public School District,MN,11934
2723010,MOUNTAIN LAKE PUBLIC SCHOOLS,MN,498
2723310,NASHWAUK-KEEWATIN SCHOOL DISTRICT,MN,541
2723370,NEVIS PUBLIC SCHOOL DISTRICT,MN,621
2723400,NEW LONDON-SPICER SCHOOL DISTRICT,MN,1518
2723430,NEW PRAGUE AREA SCHOOLS,MN,3980
2723490,NEW ULM PUBLIC SCHOOL DISTRICT,MN,2127
2723520,NEW YORK MILLS PUBLIC SCHOOL DIST.,MN,822
2723550,MARSHALL COUNTY CENTRAL SCHOOLS,MN,463
2723580,NICOLLET PUBLIC SCHOOL DISTRICT,MN,314
2723820,North Branch Area Public Schools,MN,2704
2723850,North St. Paul-Maplewood Oakdale,MN,10754
2723880,NORTHFIELD PUBLIC SCHOOL DISTRICT,MN,3849
2723910,CENTRAL PUBLIC SCHOOL DISTRICT,MN,966
2723970,OGILVIE PUBLIC SCHOOL DISTRICT,MN,472
2725050,ONAMIA PUBLIC SCHOOL DISTRICT,MN,556
2725080,ORONO PUBLIC SCHOOL DISTRICT,MN,2987
2725140,OSAKIS PUBLIC SCHOOL DISTRICT,MN,887
2725200,OSSEO PUBLIC SCHOOL DISTRICT,MN,21138
2728050,OWATONNA PUBLIC SCHOOL DISTRICT,MN,4890
2728080,PARK RAPIDS PUBLIC SCHOOL DISTRICT,MN,1589
2728110,PARKERS PRAIRIE PUBLIC SCHOOL DIST.,MN,531
2728140,Paynesville Area Schools,MN,894
2728170,Pelican Rapids Public Schools,MN,842
2728200,PEQUOT LAKES PUBLIC SCHOOLS,MN,1737
2728230,PERHAM-DENT PUBLIC SCHOOL DISTRICT,MN,1671
2728290,RUSHFORD-PETERSON PUBLIC SCHOOLS,MN,648
2728320,PIERZ PUBLIC SCHOOL DISTRICT,MN,1214
2728350,PILLAGER PUBLIC SCHOOL DISTRICT,MN,1324
2728380,PINE CITY PUBLIC SCHOOL DISTRICT,MN,1582
2728950,Pine Island Public School District,MN,1562
2728960,Pine Point Public School District,MN,46
2728970,PINE RIVER-BACKUS SCHOOL DISTRICT,MN,906
2730030,PRINCETON PUBLIC SCHOOL DISTRICT,MN,3291
2730060,Prior Lake-Savage Area Schools,MN,8788
2730090,Proctor Public School District,MN,1848
2730150,RANDOLPH PUBLIC SCHOOL DISTRICT,MN,875
2730450,RED LAKE FALLS PUBLIC SCHOOL DIST.,MN,421
2730480,Red Wing Public School District,MN,2225
2730510,RED LAKE PUBLIC SCHOOL DISTRICT,MN,1519
2730870,NORTHLAND COMMUNITY SCHOOLS,MN,344
2731750,RICHFIELD PUBLIC SCHOOL DISTRICT,MN,4094
2731780,ROBBINSDALE PUBLIC SCHOOL DISTRICT,MN,10810
2731800,Rochester Public School District,MN,17171
2732070,ROCKFORD PUBLIC SCHOOL DISTRICT,MN,1565
2732250,ROSEAU PUBLIC SCHOOL DISTRICT,MN,1101
2732390,ROSEMOUNT-APPLE VALLEY-EAGAN,MN,29224
2732430,ROSEVILLE PUBLIC SCHOOL DISTRICT,MN,7256
2732460,ROTHSAY PUBLIC SCHOOL DISTRICT,MN,334
2732520,ROYALTON PUBLIC SCHOOL DISTRICT,MN,938
2732550,RUSH CITY PUBLIC SCHOOL DISTRICT,MN,805
2732700,SOUTH KOOCHICHING SCHOOL DISTRICT,MN,203
2732820,Sartell-St. Stephen School District,MN,3943
2732850,SAUK CENTRE PUBLIC SCHOOL DISTRICT,MN,1104
2732880,Sauk Rapids-Rice Public Schools,MN,4331
2732970,SEBEKA PUBLIC SCHOOL DISTRICT,MN,451
2733000,Shakopee Public School District,MN,7717
2733210,SLEEPY EYE PUBLIC SCHOOL DISTRICT,MN,562
2733270,South St. Paul Public School Dist,MN,2861
2733300,SPRING GROVE SCHOOL DISTRICT,MN,349
2733330,SPRING LAKE PARK PUBLIC SCHOOLS,MN,6113
2733390,SPRINGFIELD PUBLIC SCHOOL DISTRICT,MN,653
2733420,ST. ANTHONY-NEW BRIGHTON SCHOOLS,MN,1891
2733450,ST. CHARLES PUBLIC SCHOOL DISTRICT,MN,936
2733480,ST. CLAIR PUBLIC SCHOOL DISTRICT,MN,820
2733510,ST. CLOUD PUBLIC SCHOOL DISTRICT,MN,9940
2733540,St. Francis Area Schools,MN,4281
2733600,ST. JAMES PUBLIC SCHOOL DISTRICT,MN,1143
2733720,NETT LAKE PUBLIC SCHOOL DISTRICT,MN,48
2733780,ST. LOUIS PARK PUBLIC SCHOOL DIST.,MN,4446
2733790,St. Michael-Albertville Schools,MN,6795
2733810,South Washington County Schools,MN,19578
2733840,Saint Paul Public Schools,MN,33041
2733870,ST. PETER PUBLIC SCHOOL DISTRICT,MN,2107
2733900,STAPLES-MOTLEY SCHOOL DISTRICT,MN,901
2738160,STEWARTVILLE PUBLIC SCHOOL DISTRICT,MN,1976
2738190,Stillwater Area Public Schools,MN,8455
2738280,SWANVILLE PUBLIC SCHOOL DISTRICT,MN,367
2738850,THIEF RIVER FALLS SCHOOL DISTRICT,MN,1725
2738880,ESKO PUBLIC SCHOOL DISTRICT,MN,1287
2740665,TRITON SCHOOL DISTRICT,MN,889
2740680,TRUMAN PUBLIC SCHOOL DISTRICT,MN,229
2740740,LAKE SUPERIOR PUBLIC SCHOOL DIST.,MN,1286
2740810,ULEN-HITTERDAL PUBLIC SCHOOL DIST,MN,302
2740830,UNDERWOOD PUBLIC SCHOOL DISTRICT,MN,554
2740860,UPSALA PUBLIC SCHOOL DISTRICT,MN,327
2740920,VERNDALE PUBLIC SCHOOL DISTRICT,MN,484
2741060,Wabasha-Kellogg School District,MN,757
2741430,WABASSO PUBLIC SCHOOL DISTRICT,MN,404
2741460,WACONIA PUBLIC SCHOOL DISTRICT,MN,3984
2741850,WARROAD PUBLIC SCHOOL DISTRICT,MN,1041
2741880,WASECA PUBLIC SCHOOL DISTRICT,MN,1752
2741910,Watertown-Mayer Public School Dist,MN,1440
2742120,Waubun-Ogema-White Earth Schools,MN,727
2742160,WAYZATA PUBLIC SCHOOL DISTRICT,MN,12951
2742270,West St. Paul-Mendota Heights-Eagan,MN,5452
2742330,Wheaton Area Public School District,MN,352
2742360,White Bear Lake School District,MN,8571
2742720,Willmar Public School District,MN,4218
2742750,WILLOW RIVER PUBLIC SCHOOL DISTRICT,MN,436
2742780,Windom Public School District,MN,1187
2744070,WINONA AREA PUBLIC SCHOOL DISTRICT,MN,2465
2744160,WORTHINGTON PUBLIC SCHOOL DISTRICT,MN,4064
2744190,WRENSHALL PUBLIC SCHOOL DISTRICT,MN,347
2745735,Zumbrota-Mazeppa School District,MN,1242
2791445,LAKE CRYSTAL-WELLCOME MEMORIAL,MN,957
2791446,TRI-COUNTY SCHOOL DISTRICT,MN,179
2791447,KITTSON CENTRAL SCHOOL DISTRICT,MN,247
2791449,WIN-E-MAC SCHOOL DISTRICT,MN,458
2791450,MESABI EAST SCHOOL DISTRICT,MN,862
2791451,JANESVILLE-WALDORF-PEMBERTON,MN,629
2800185,West Bolivar Consolidated School District,MS,873
2800186,North Bolivar Consolidated,MS,749
2800187,Sunflower County Consolidated School District,MS,2807
2800189,Starkville Oktibbeha Consolidated School District,MS,4880
2800191,West Point Consolidated School District,MS,2528
2800195,Holmes County Consolidated,MS,2300
2800196,Winona-Montgomery Consolidated School District,MS,1069
2800198,Greenwood-Leflore Consolidated School District,MS,3718
2800200,Chickasaw County School District,MS,2197
2800360,Aberdeen School District,MS,924
2800390,Alcorn School District,MS,3226
2800420,Amite County School District,MS,914
2800450,Amory School District,MS,1461
2800510,Attala County Schools,MS,952
2800540,Baldwyn School District,MS,739
2800570,Bay Waveland School District,MS,1664
2800600,Benton County School District,MS,909
2800630,BILOXI PUBLIC SCHOOL DISTRICT,MS,5699
2800750,Cleveland School District,MS,2793
2800820,Booneville School District,MS,1337
2800840,Brookhaven School District,MS,2432
2800870,Calhoun County School District,MS,1989
2800900,Canton Public Schools,MS,3157
2800930,Carroll County School District,MS,734
2800990,Choctaw County Schools,MS,1233
2801020,Claiborne County Public Schools,MS,1135
2801050,Clarksdale Municipal School District,MS,1857
2801090,Clinton Public School District,MS,5148
2801110,Coahoma County School District,MS,1009
2801140,Coffeeville School District,MS,367
2801170,COLUMBIA  SCHOOL DISTRICT,MS,1639
2801200,Columbus Municipal School District,MS,3011
2801220,Copiah County School District,MS,2077
2801260,Corinth School District,MS,2400
2801290,Covington County School District,MS,2492
2801320,DeSoto County School District,MS,34934
2801380,East Jasper School District,MS,739
2801410,East Tallahatchie School District,MS,797
2801440,Enterprise,MS,918
2801470,Forest Municipal School District,MS,1638
2801490,Forrest County School District,MS,2124
2801510,Forrest County Agricultural High School,MS,562
2801530,Franklin County School District,MS,1147
2801560,George County School District,MS,4049
2801590,Greene County Schools,MS,1621
2801620,Greenville Public School District,MS,3264
2801680,Grenada School District,MS,3863
2801710,Gulfport School District,MS,5927
2801740,Hancock School District,MS,3934
2801770,Harrison County School District,MS,14253
2801800,Hattiesburg,MS,3918
2801830,Hazlehurst City School District,MS,1320
2801860,Hinds County School District,MS,4940
2801890,Hollandale,MS,534
2801950,Holly Springs School District,MS,993
2802040,MS Achievement SD Of Humphreys County,MS,1130
2802100,Itawamba County,MS,3275
2802160,Jackson County School District,MS,8845
2802190,Jackson Public Schools,MS,17429
2802220,Jefferson County School District,MS,1083
2802250,Jeff Davis County School District,MS,1217
2802280,Jones County School District,MS,8693
2802310,Kemper County School District,MS,888
2802340,Kosciusko School District,MS,1973
2802370,Lafayette County,MS,2854
2802400,Lamar County School District,MS,10318
2802430,Lauderdale County School District,MS,5940
2802460,Laurel School District,MS,2620
2802490,Lawrence County School District,MS,1674
2802520,Leake County School District,MS,2408
2802550,Lee County,MS,6343
2802610,Leland School District,MS,671
2802640,Lincoln County School District,MS,2791
2802670,Long Beach School District,MS,2874
2802700,Louisville Municipal School District,MS,2413
2802730,Lowndes County School District,MS,5261
2802790,Madison County Schools,MS,12926
2802820,Marion County School District,MS,1794
2802850,Marshall County School District,MS,2769
2802880,McComb School District,MS,2121
2802910,Meridian Public Schools,MS,4385
2802940,Monroe County School District,MS,2002
2803000,Moss Point School District,MS,1611
2803030,Natchez-Adams School District,MS,2554
2803060,Neshoba County Schools,MS,2972
2803090,Nettleton School District,MS,994
2803120,NEW ALBANY PUBLIC SCHOOLS,MS,2149
2803150,NEWTON COUNTY SCHOOL DISTRICT,MS,1650
2803180,NEWTON MUNICIPAL SCHOOL DISTRICT,MS,782
2803210,North Panola,MS,1103
2803240,North Pike Schools,MS,2135
2803270,North Tippah School District,MS,1220
2803300,Noxubee County School District,MS,1321
2803360,Ocean Springs School District,MS,5677
2803390,Okolona School District,MS,512
2803450,Oxford School District,MS,4763
2803480,Pascagoula-Gautier School District,MS,6579
2803510,Pass Christian School District,MS,1768
2803520,Pearl Public Schools,MS,4258
2803530,Petal School District,MS,4253
2803540,Pearl River County School District,MS,3128
2803570,Perry County School District,MS,847
2803600,Philadelphia Public School District,MS,757
2803630,Picayune School District,MS,3509
2803660,PONTOTOC COUNTY SCHOOL DISTRICT,MS,3465
2803690,Pontotoc City School District,MS,2400
2803720,Poplarville School District,MS,1969
2803750,Prentiss County School District,MS,2176
2803780,Quitman School District,MS,1459
2803810,Quitman County School District,MS,835
2803830,Rankin County School District,MS,18196
2803870,Richton School District,MS,586
2803900,Scott County School District,MS,3989
2803930,Senatobia Municipal School District,MS,1754
2803960,South Delta School District,MS,548
2803990,Simpson County School District,MS,2797
2804020,Smith County School District,MS,2538
2804050,South Panola  School District,MS,4220
2804080,South Pike School District,MS,1461
2804110,South Tippah School District,MS,2403
2804170,Stone County School District,MS,2532
2804230,Tate County School District,MS,2004
2804260,Tishomingo County School District,MS,2844
2804290,Tunica  School District,MS,1598
2804320,Tupelo Public School District,MS,7192
2804350,Union County School District,MS,2986
2804380,Union Public School District,MS,976
2804440,Walthall County School District,MS,1698
2804470,Vicksburg Warren School District,MS,6610
2804500,Water Valley School District,MS,997
2804530,Wayne County School District,MS,2977
2804560,Webster County Schools,MS,1717
2804590,West Jasper School District,MS,1371
2804650,West Tallahatchie School District,MS,548
2804680,Western Line Schools,MS,1739
2804710,Wilkinson County School District,MS,694
2804770,MS Achievement SD Of Yazoo City,MS,1824
2804800,Yazoo County School District,MS,1216
2900001,MARIES CO. R-II,MO,680
2900002,SOUTH HARRISON CO. R-II,MO,741
2900003,PORTAGEVILLE,MO,671
2900004,NEW MADRID CO. R-I,MO,1259
2901000,COLUMBIA 93,MO,18640
2902850,ADRIAN R-III,MO,689
2902880,ADVANCE R-IV,MO,428
2902910,AFFTON 101,MO,2619
2902970,ALBANY R-III,MO,450
2903000,SANTA FE R-X,MO,306
2903040,ALTENBURG 48,MO,113
2903060,ALTON R-IV,MO,571
2903120,APPLETON CITY R-II,MO,331
2903150,ARCADIA VALLEY R-II,MO,974
2903200,ARCHIE R-V,MO,569
2903270,ASH GROVE R-IV,MO,786
2903480,ATLANTA C-3,MO,258
2904020,AURORA R-VIII,MO,1843
2904050,AVA R-I,MO,1330
2904080,AVENUE CITY R-IX,MO,229
2904110,AVILLA R-XIII,MO,114
2904140,BAKERSFIELD R-IV,MO,392
2904170,BALLARD R-II,MO,116
2904500,BAYLESS,MO,1805
2904530,BELL CITY R-II,MO,196
2904590,BELLEVIEW R-III,MO,81
2904620,BELTON 124,MO,4230
2904890,SCOTT CO. R-IV,MO,902
2904950,BERNIE R-XIII,MO,478
2904980,BEVIER C-4,MO,220
2905070,BILLINGS R-IV,MO,398
2905130,BISMARCK R-V,MO,446
2905190,BLACKWATER R-II,MO,101
2905250,BLOOMFIELD R-XIV,MO,595
2905280,BLUE EYE R-V,MO,502
2905310,BLUE SPRINGS R-IV,MO,14657
2905370,BOLIVAR R-I,MO,2725
2905400,BONCL R-X,MO,39
2905430,NORTH ST. FRANCOIS CO. R-I,MO,2581
2905580,BOONVILLE R-I,MO,1662
2905610,BOSWORTH R-V,MO,50
2905640,CRAWFORD CO. R-I,MO,827
2905660,BOWLING GREEN R-I,MO,1325
2905700,BRADLEYVILLE R-I,MO,205
2905730,DELTA C-7,MO,196
2905760,BRANSON R-IV,MO,4653
2905790,ADAIR CO. R-II,MO,144
2905820,BRAYMER C-4,MO,281
2905850,BRECKENRIDGE R-I,MO,63
2905880,BRENTWOOD,MO,847
2905910,BRONAUGH R-VII,MO,169
2905940,BROOKFIELD R-III,MO,923
2906000,LINN CO. R-I,MO,171
2906030,BRUNSWICK R-II,MO,255
2906090,BUCKLIN R-II,MO,109
2906120,DALLAS CO. R-I,MO,1689
2906150,COOPER CO. R-IV,MO,92
2906170,BUNKER R-III,MO,228
2906360,BUTLER R-V,MO,971
2906430,CABOOL R-IV,MO,725
2906450,CAINSVILLE R-I,MO,86
2906480,CALHOUN R-VIII,MO,58
2906510,MONITEAU CO. R-I,MO,1337
2906540,CALLAO C-8,MO,35
2906990,CAMDENTON R-III,MO,3835
2907020,CAMERON R-I,MO,1601
2907050,CAMPBELL R-II,MO,547
2907080,CANTON R-V,MO,508
2907120,CAPE GIRARDEAU 63,MO,4310
2907320,NELL HOLCOMB R-IV,MO,249
2907350,CARL JUNCTION R-I,MO,3331
2907380,CARROLLTON R-VII,MO,839
2907460,CARTHAGE R-IX,MO,5070
2907470,CARUTHERSVILLE 18,MO,918
2908170,CASSVILLE R-IV,MO,1821
2908250,CENTER 58,MO,2339
2908320,JOHNSON CO. R-VII,MO,568
2908340,CENTERVILLE R-I,MO,28
2908370,FORT ZUMWALT SCHOOL DISTRICT,MO,16698
2908400,CENTRALIA R-VI,MO,1343
2908430,CHADWICK R-I,MO,277
2908460,CHAFFEE R-II,MO,562
2908490,OSAGE CO. R-I,MO,125
2908670,CHARLESTON R-I,MO,727
2908730,CHILHOWEE R-IV,MO,135
2908760,CHILLICOTHE R-II,MO,1727
2908790,LIVINGSTON CO. R-III,MO,46
2909090,CLARKSBURG C-2,MO,57
2909120,CLARKTON C-4,MO,278
2909720,CLAYTON,MO,2367
2909750,CLEARWATER R-I,MO,858
2909780,CLEVER R-V,MO,1268
2909810,CLIMAX SPRINGS R-IV,MO,203
2909860,CLINTON,MO,1885
2909900,COLE CAMP R-I,MO,723
2909930,BLAIR OAKS R-II,MO,1163
2910020,COMMUNITY R-VI,MO,298
2910080,CONCORDIA R-II,MO,452
2910110,LACLEDE CO. R-I,MO,751
2910140,COOTER R-IV,MO,201
2910200,COUCH R-I,MO,186
2910230,COWGILL R-VI,MO,38
2910260,CRAIG R-III,MO,0
2910290,CRANE R-III,MO,573
2910320,SHERWOOD CASS R-VIII,MO,733
2910350,CROCKER R-II,MO,532
2910380,CRYSTAL CITY 47,MO,562
2910410,CRAWFORD CO. R-II,MO,1180
2910440,DADEVILLE R-II,MO,217
2910470,DAVIS R-XII,MO,42
2910500,DESOTO 73,MO,2464
2910520,LAKELAND R-III,MO,475
2910590,BUCHANAN CO. R-IV,MO,277
2910620,DELTA R-V,MO,225
2910650,NORTH WOOD R-IV,MO,155
2910710,DENT-PHELPS R-III,MO,256
2910770,DEXTER R-XI,MO,2008
2910800,DIAMOND R-IV,MO,787
2910830,DIXON R-I,MO,851
2910920,DONIPHAN R-I,MO,1499
2910950,DORA R-III,MO,307
2911010,SKYLINE R-II,MO,88
2911040,PLAINVIEW R-VIII,MO,93
2911070,DREXEL R-IV,MO,259
2911100,EAST CARTER CO. R-II,MO,698
2911160,EAST LYNNE 40,MO,155
2911220,EAST PRAIRIE R-II,MO,1003
2911250,EAST BUCHANAN CO. C-1 (025076),MO,689
2911280,KNOX CO. R-I,MO,498
2911310,EL DORADO SPRINGS R-II,MO,1151
2911340,ELDON R-I,MO,2038
2911400,ELSBERRY R-II,MO,829
2911450,EMINENCE R-I,MO,259
2911550,COLE CO. R-V,MO,629
2911580,EVERTON R-III,MO,145
2911650,EXCELSIOR SPRINGS 40,MO,2661
2911670,EXETER R-VI,MO,333
2911700,FAIR GROVE R-X,MO,1296
2911730,FAIR PLAY R-II,MO,350
2911760,FAIRFAX R-III,MO,134
2911850,FAIRVIEW R-XI,MO,466
2911910,FARMINGTON R-VII,MO,3937
2911940,MID-BUCHANAN CO. R-V,MO,891
2911990,FAYETTE R-III,MO,667
2912010,FERGUSON-FLORISSANT R-II,MO,8809
2912030,FESTUS R-VI,MO,3495
2912180,FORDLAND R-III,MO,650
2912240,FORSYTH R-III,MO,1295
2912290,FORT OSAGE R-I,MO,4718
2912300,FOX C-6,MO,10258
2912450,SPRING BLUFF R-XV,MO,217
2912480,STRAIN-JAPAN R-XVI,MO,87
2912510,FRANKLIN CO. R-II,MO,128
2912540,FREDERICKTOWN R-I,MO,1883
2912550,FULTON 58,MO,2281
2912600,GAINESVILLE R-V,MO,605
2912630,GALENA R-II,MO,398
2912660,GALLATIN R-V,MO,547
2912690,GRUNDY CO. R-V,MO,122
2912720,GASCONADE C-4,MO,97
2912780,GIDEON 37,MO,217
2912840,GILLIAM C-4,MO,38
2912870,GILMAN CITY R-IV,MO,156
2912900,GLASGOW,MO,314
2912930,GOLDEN CITY R-III,MO,164
2913080,GRAIN VALLEY R-V,MO,4546
2913140,GRANDVIEW C-4,MO,3665
2913170,GRANDVIEW R-II,MO,4501
2913230,GREEN CITY R-I,MO,264
2913260,GREEN FOREST R-II,MO,152
2913290,GREEN RIDGE R-VIII,MO,352
2913320,GREENFIELD R-IV,MO,395
2913380,GREENVILLE R-II,MO,638
2913440,PLEASANT VIEW R-VI,MO,158
2913500,HALE R-I,MO,89
2913530,HALFWAY R-III,MO,247
2913560,HALLSVILLE R-IV,MO,1552
2913590,HAMILTON R-II,MO,606
2913620,HANCOCK PLACE,MO,1282
2913650,HANNIBAL 60,MO,3366
2913680,HARDIN-CENTRAL C-2,MO,205
2913710,HARRISBURG R-VIII,MO,605
2913760,HARRISONVILLE R-IX,MO,2187
2913770,HARTVILLE R-II,MO,640
2913800,HAYTI R-II,MO,608
2913830,HAZELWOOD,MO,16321
2914250,DUNKLIN R-V,MO,1697
2914280,GASCONADE CO. R-I,MO,813
2914310,HERMITAGE R-IV,MO,289
2914320,HICKORY CO. R-I,MO,705
2914340,HICKMAN MILLS C-1,MO,5067
2914370,HIGBEE R-VIII,MO,228
2914400,LAFAYETTE CO. C-1,MO,961
2914430,HILLSBORO R-III,MO,3117
2914460,HOLCOMB R-III,MO,429
2914490,HOLDEN R-III,MO,1232
2914520,HOLLIDAY C-2,MO,49
2914550,HOLLISTER R-V,MO,1369
2914840,HOUSTON R-I,MO,1040
2915060,JUNCTION HILL C-12,MO,186
2915180,GLENWOOD R-VIII,MO,252
2915210,HOWELL VALLEY R-I,MO,201
2915240,HUDSON R-IX,MO,55
2915270,PETTIS CO. R-V,MO,328
2915300,HUMANSVILLE R-IV,MO,345
2915330,HUME R-VIII,MO,118
2915390,HURLEY R-I,MO,215
2915420,IBERIA R-V,MO,658
2915450,SCOTT CITY R-I,MO,773
2915480,INDEPENDENCE 30,MO,14272
2915510,IRON CO. C-4,MO,330
2915600,JACKSON R-II,MO,5748
2915630,NORTH DAVIESS R-III,MO,55
2915660,JAMESTOWN C-1,MO,179
2916140,JASPER CO. R-V,MO,454
2916190,JEFFERSON CITY,MO,8491
2916200,JEFFERSON C-123,MO,139
2916230,JEFFERSON CO. R-VII,MO,1036
2916290,JENNINGS,MO,2269
2916350,JOPLIN SCHOOLS,MO,7873
2916380,CLARK CO. R-I,MO,1074
2916400,KANSAS CITY 33,MO,15079
2916450,KEARNEY R-I,MO,3424
2916470,KELSO C-7,MO,199
2916500,KENNETT 39,MO,1807
2916530,KEYTESVILLE R-III,MO,128
2916590,KING CITY R-I,MO,336
2916620,KINGSTON 42,MO,32
2916660,KINGSVILLE R-I,MO,250
2916710,KIRBYVILLE R-VI,MO,215
2916740,KIRKSVILLE R-III,MO,2374
2916770,KIRKWOOD R-VII,MO,5982
2916830,KNOB NOSTER R-VIII,MO,2007
2916860,OREGON-HOWELL R-III,MO,213
2916920,LA MONTE R-IV,MO,305
2916950,LA PLATA R-II,MO,295
2917000,LACLEDE CO. C-5,MO,505
2917820,LADUE,MO,4624
2917850,LAMAR R-I,MO,1158
2917880,LAQUEY R-V,MO,1960
2917910,LAREDO R-VII,MO,51
2917970,LATHROP R-II,MO,871
2918220,LAWSON R-XIV,MO,1143
2918240,WEST ST. FRANCOIS CO. R-IV,MO,935
2918270,LEBANON R-III,MO,4410
2918300,LEE'S SUMMIT R-VII,MO,17870
2918330,LEESVILLE R-IX,MO,91
2918360,LEETON R-X,MO,308
2918420,LEOPOLD R-III,MO,191
2918450,LESTERVILLE R-IV,MO,173
2918460,LEWIS CO. C-1,MO,908
2918480,LEXINGTON R-V,MO,893
2918510,LIBERAL R-II,MO,271
2918540,LIBERTY 53,MO,11826
2918600,LICKING R-VIII,MO,813
2918670,LINCOLN R-II,MO,511
2918690,LINDBERGH SCHOOLS,MO,7602
2919080,OSAGE CO. R-II,MO,597
2919140,LOCKWOOD R-I,MO,304
2919170,LOGAN-ROGERSVILLE R-VIII,MO,2402
2919200,LONEDELL R-14,MO,327
2919230,LONE JACK C-6,MO,733
2919260,LOUISIANA R-II,MO,762
2919350,WOODLAND R-IV,MO,871
2919380,MACKS CREEK R-V,MO,314
2919410,MACON CO. R-I,MO,1174
2919840,MADISON C-3,MO,177
2919890,MALDEN R-I,MO,807
2919920,MALTA BEND R-V,MO,67
2919950,MANES R-V,MO,41
2919980,MANSFIELD R-IV,MO,621
2920010,MAPLEWOOD-RICHMOND HEIGHTS,MO,1523
2920050,MARCELINE R-V,MO,652
2920160,MARION C. EARLY R-V,MO,576
2920280,MARION CO. R-II,MO,207
2920310,MARIONVILLE R-IX,MO,735
2920340,MARK TWAIN R-VIII,MO,62
2920370,MARQUAND-ZION R-VI,MO,128
2920410,MARSHALL,MO,2498
2920430,MARSHFIELD R-I,MO,3045
2920490,MARYVILLE R-II,MO,1408
2920550,MAYSVILLE R-I,MO,489
2920610,MCDONALD CO. R-I,MO,3595
2920640,MEADVILLE R-IV,MO,215
2920670,MEHLVILLE R-IX,MO,10018
2920700,SCOTLAND CO. R-I,MO,505
2920750,NORTH MERCER CO. R-III,MO,142
2920810,MEXICO 59,MO,2374
2920820,MIAMI R-I,MO,183
2920840,MIAMI R-I,MO,67
2920880,MIDDLE GROVE C-1,MO,37
2921000,MILLER R-II,MO,580
2921030,MIRABILE C-1,MO,30
2921060,MISSOURI CITY 56,MO,14
2921100,MOBERLY,MO,2102
2921120,MONETT R-I,MO,2374
2921150,HIGH POINT R-III,MO,83
2921180,MONITEAU CO. R-V,MO,38
2921210,MONROE CITY R-I,MO,780
2921330,MONTGOMERY CO. R-II,MO,1075
2921360,MONTROSE R-XIV,MO,62
2921420,SCOTT CO. CENTRAL,MO,302
2921480,MOUND CITY R-II,MO,268
2921510,MOUNTAIN GROVE R-III,MO,1543
2921540,MOUNTAIN VIEW-BIRCH TREE R-III,MO,1184
2921600,MT. VERNON R-V,MO,1542
2921660,NORTHEAST NODAWAY CO. R-V,MO,198
2921690,NORTH NODAWAY CO. R-VI,MO,186
2921720,NAYLOR R-II,MO,360
2921750,NEELYVILLE R-IV,MO,633
2921810,NEOSHO SCHOOL DISTRICT,MO,4998
2921840,NEVADA R-V,MO,2320
2921875,NEW BLOOMFIELD R-III,MO,712
2921880,MACON CO. R-IV,MO,91
2921940,NEW FRANKLIN R-I,MO,392
2921960,NEW HAVEN,MO,447
2922110,NEW YORK R-IV,MO,24
2922140,NEWBURG R-II,MO,309
2922470,NEWTOWN-HARRIS R-III,MO,77
2922500,NIANGUA R-V,MO,281
2922530,Nixa Public Schools,MO,6792
2922560,NODAWAY-HOLT R-VII,MO,205
2922620,NORBORNE R-VIII,MO,151
2922650,NORMANDY SCHOOLS COLLABORATIVE,MO,2440
2922710,NORTH ANDREW CO. R-VI,MO,273
2922740,NORTH CALLAWAY CO. R-I,MO,972
2922770,NORTH HARRISON R-III,MO,217
2922800,NORTH KANSAS CITY 74,MO,21252
2922830,NORTH PLATTE CO. R-I,MO,556
2922860,NORTHEAST RANDOLPH CO. R-IV,MO,322
2922890,NORTHWEST R-I,MO,5815
2922920,NORTHWESTERN R-I,MO,136
2922950,NORWOOD R-I,MO,305
2922980,ADAIR CO. R-I,MO,206
2923010,OAK GROVE R-VI,MO,1853
2923040,OAK HILL R-I,MO,149
2923070,OAK RIDGE R-VI,MO,365
2923100,ODESSA R-VII,MO,2039
2923130,ORAN R-III,MO,304
2923160,ORCHARD FARM R-V,MO,2574
2923190,SOUTH HOLT CO. R-I,MO,240
2923220,ORRICK R-XI,MO,293
2923250,OSBORN R-O,MO,127
2923270,OSCEOLA,MO,563
2923310,OTTERVILLE R-VI,MO,217
2923340,GASCONADE CO. R-II,MO,1771
2923370,THORNFIELD R-I,MO,48
2923400,LUTIE R-VI,MO,106
2923430,OZARK R-VI,MO,5959
2923460,MERAMEC VALLEY R-III,MO,2930
2923490,PALMYRA R-I,MO,1126
2923530,PARIS R-II,MO,477
2923550,PARK HILL,MO,11937
2923580,PARKWAY C-2,MO,16759
2923640,MEADOW HEIGHTS R-II,MO,489
2923670,PATTONSBURG R-II,MO,190
2923700,PATTONVILLE R-III,MO,6201
2923730,RAYMORE-PECULIAR R-II,MO,6332
2923760,NORTH PEMISCOT CO. R-I,MO,248
2923780,PEMISCOT CO. SPEC. SCH. DIST.,MO,0
2923790,PEMISCOT CO. R-III,MO,116
2924530,PERRY CO. 32,MO,2103
2924690,PETTIS CO. R-XII,MO,110
2925080,PHELPS CO. R-III,MO,160
2925110,PIERCE CITY R-VI,MO,704
2925140,PIKE CO. R-III,MO,448
2925170,PILOT GROVE C-4,MO,200
2925210,PLATO R-V,MO,523
2925230,PLATTE CO. R-III,MO,4374
2925290,CLINTON CO. R-III,MO,698
2925330,PLEASANT HILL R-III,MO,2080
2925350,PLEASANT HOPE R-VI,MO,650
2925410,POLO R-VII,MO,367
2925450,POPLAR BLUFF R-I,MO,4899
2925500,POTOSI R-III,MO,2110
2925530,PRAIRIE HOME R-V,MO,153
2925590,PRINCETON R-V,MO,326
2925620,PURDY R-II,MO,601
2925640,PUTNAM CO. R-I,MO,605
2925650,PUXICO R-VIII,MO,712
2925710,RALLS CO. R-II,MO,800
2926040,RAYMONDVILLE R-VII,MO,122
2926070,RAYTOWN C-2,MO,7676
2926160,REEDS SPRING R-IV,MO,1718
2926190,RENICK R-V,MO,80
2926220,REPUBLIC R-III,MO,5318
2926310,RICH HILL R-IV,MO,382
2926370,RICHARDS R-V,MO,389
2926400,RICHLAND R-I,MO,283
2926430,RICHLAND R-IV,MO,458
2926480,RICHMOND R-XVI,MO,1543
2926490,RIDGEWAY R-V,MO,69
2926550,RIPLEY CO. R-III,MO,123
2926580,RIPLEY CO. R-IV,MO,125
2926610,RISCO R-II,MO,158
2926640,RITENOUR,MO,6579
2926670,RIVERVIEW GARDENS,MO,5116
2926760,SPECL. SCH. DST. ST. LOUIS CO.,MO,3576
2926790,ROCK PORT R-II,MO,367
2926850,ROCKWOOD R-VI,MO,19597
2926890,ROLLA 31,MO,4161
2926940,ROSCOE C-1,MO,41
2926970,COLE CO. R-I,MO,604
2927060,ST. JOSEPH,MO,10430
2927090,SALEM R-80,MO,1452
2927330,HARDEMAN R-X,MO,64
2927450,OREARVILLE R-IV,MO,59
2927520,SALISBURY R-IV,MO,473
2927540,SARCOXIE R-II,MO,690
2927570,SAVANNAH R-III,MO,2390
2927600,NORTHEAST VERNON CO. R-I,MO,186
2927630,SCHOOL OF THE OSAGE,MO,2006
2927660,SCHUYLER CO. R-I,MO,573
2927830,SEDALIA 200,MO,5209
2927870,SENATH-HORNERSVILLE C-8,MO,708
2927900,SENECA R-VII,MO,1487
2927930,SEYMOUR R-II,MO,696
2928080,SHAWNEE R-III,MO,50
2928110,SHELBY CO. R-IV,MO,635
2928140,NORTH SHELBY,MO,296
2928170,SHELDON R-VIII,MO,212
2928200,SHELL KNOB 78,MO,158
2928260,SIKESTON R-6,MO,3277
2928290,SILEX R-I,MO,433
2928360,SLATER,MO,379
2928380,SMITHTON R-VI,MO,505
2928410,SMITHVILLE R-II,MO,2514
2928430,SOUTH CALLAWAY CO. R-II,MO,759
2928470,SOUTH IRON CO. R-I,MO,284
2928500,SOUTH NODAWAY CO. R-IV,MO,165
2928530,SOUTH PEMISCOT CO. R-V,MO,578
2928560,SOUTHERN BOONE CO. R-I,MO,1971
2928590,SOUTHERN REYNOLDS CO. R-II,MO,425
2928620,SOUTHLAND C-9,MO,262
2928680,SOUTHWEST LIVINGSTON CO. R-I,MO,179
2928710,SOUTHWEST R-V,MO,771
2928740,SPARTA R-III,MO,734
2928770,SPICKARD R-II,MO,21
2928800,SPOKANE R-VII,MO,747
2928860,SPRINGFIELD R-XII,MO,24285
2928920,ST. CHARLES R-VI,MO,4732
2928950,FRANCIS HOWELL R-III,MO,17047
2929100,ST. CLAIR R-XIII,MO,2062
2929130,ST. ELIZABETH R-IV,MO,282
2929170,CENTRAL R-III,MO,2041
2929250,ST. JAMES R-I,MO,1559
2929280,ST. LOUIS CITY,MO,17933
2929340,STANBERRY R-II,MO,375
2929370,STE. GENEVIEVE CO. R-II,MO,1926
2929430,STEELVILLE R-III,MO,908
2929490,STEWARTSVILLE C-2,MO,246
2929520,STOCKTON R-I,MO,929
2929580,STOUTLAND R-II,MO,393
2929610,MORGAN CO. R-I,MO,874
2929640,STRAFFORD R-VI,MO,1408
2929670,STRASBURG C-3,MO,111
2929700,STURGEON R-V,MO,2773
2929730,SUCCESS R-VI,MO,111
2929760,SULLIVAN,MO,1941
2929810,SUMMERSVILLE R-II,MO,418
2929820,SUNRISE R-IX,MO,318
2929850,SWEDEBORG R-III,MO,35
2929880,SWEET SPRINGS R-VII,MO,365
2929910,TANEYVILLE R-II,MO,147
2929940,TARKIO R-I,MO,318
2930270,THAYER R-II,MO,780
2930300,TINA-AVALON R-II,MO,139
2930330,TIPTON R-VI,MO,529
2930360,TRENTON R-IX,MO,967
2930390,TRI-COUNTY R-VII,MO,168
2930420,EAST NEWTON CO. R-VI,MO,1459
2930450,TROY R-III,MO,7026
2930510,MILLER CO. R-III,MO,178
2930520,TWIN RIVERS R-X,MO,796
2930570,UNION R-XI,MO,3120
2930600,UNION STAR R-II,MO,166
2930660,UNIVERSITY CITY,MO,2853
2930690,VALLEY PARK,MO,734
2930720,VALLEY R-VI,MO,368
2930750,VAN BUREN R-I,MO,466
2930780,VAN-FAR R-I,MO,571
2930810,VERONA R-VII,MO,295
2930840,MORGAN CO. R-II,MO,1263
2930870,MARIES CO. R-I,MO,440
2930900,WEST NODAWAY CO. R-I,MO,225
2930990,WALNUT GROVE R-V,MO,289
2931020,WARRENSBURG R-VI,MO,3558
2931050,WARREN CO. R-III,MO,2981
2931070,WARSAW R-IX,MO,1241
2931110,WASHINGTON,MO,3543
2931140,KINGSTON K-14,MO,831
2931230,RICHWOODS R-VII,MO,137
2931440,WAYNESVILLE R-VI,MO,6190
2931460,WEAUBLEAU R-III,MO,363
2931500,WEBB CITY R-VII,MO,4623
2931530,WEBSTER GROVES,MO,4312
2931560,WELLINGTON-NAPOLEON R-IX,MO,381
2931620,WELLSVILLE MIDDLETOWN R-I,MO,261
2931650,WENTZVILLE R-IV,MO,17973
2931680,WEST PLAINS R-VII,MO,2626
2931710,WEST PLATTE CO. R-II,MO,745
2931800,MIDWAY R-I,MO,428
2931830,OSAGE CO. R-III,MO,738
2931860,WESTRAN R-I,MO,593
2931890,WESTVIEW C-6,MO,112
2931920,WHEATLAND R-II,MO,261
2931950,WHEATON R-III,MO,440
2932010,WILLARD R-II,MO,4578
2932070,WILLOW SPRINGS R-IV,MO,1171
2932100,WINDSOR C-1,MO,2894
2932110,HENRY CO. R-I,MO,690
2932190,WINFIELD R-IV,MO,1577
2932220,WINONA R-III,MO,437
2932250,WINSTON R-VI,MO,118
2932300,WORTH CO. R-III,MO,295
2932310,WRIGHT CITY R-II OF WARREN CO.,MO,1875
2932490,ZALMA R-V,MO,174
3000002,Somers Elem,MT,534
3000003,Cut Bank Elem,MT,534
3000004,Mountain View Elem,MT,10
3000005,Helena Elem,MT,5100
3000006,Broadus Elem,MT,153
3000008,Ashland Elem,MT,84
3000090,Noxon Elem,MT,90
3000093,Liberty Elem,MT,13
3000094,West Glacier Elem,MT,65
3000095,Lame Deer H S,MT,170
3000096,North Star Elem,MT,108
3000097,North Star HS,MT,56
3000098,Chester-Joplin-Inverness El,MT,182
3000099,Heart Butte K-12 Schools,MT,119
3000101,Chester-Joplin-Inverness HS,MT,54
3000102,Dutton/Brady K-12 Schools,MT,94
3000654,Big Sky School K-12,MT,386
3000655,East Helena K-12,MT,1972
3000656,Lockwood K-12,MT,1580
3000932,Shields Valley Elem,MT,139
3000933,Shields Valley H S,MT,59
3001710,Absarokee Elem,MT,120
3001740,Absarokee H S,MT,74
3001860,Alberton K-12 Schools,MT,164
3001950,Alzada Elem,MT,8
3001980,Amsterdam Elem,MT,149
3002010,Anaconda Elem,MT,727
3002030,Anaconda H S,MT,305
3002070,Anderson Elem,MT,221
3002220,Arlee Elem,MT,263
3002250,Arlee H S,MT,135
3002300,Arrowhead Elem,MT,63
3002430,Augusta Elem,MT,98
3002450,Augusta H S,MT,33
3002490,Auchard Creek Elem,MT,13
3002550,Avon Elem,MT,26
3002570,Ayers Elem,MT,14
3002640,Bainville K-12 Schools,MT,183
3002730,Baker K-12 Schools,MT,464
3002820,Basin Elem,MT,8
3002850,Smith Valley Elem,MT,190
3003000,Bear Paw Elem,MT,10
3003090,Beaverhead County H S,MT,339
3003270,Belfry K-12 Schools,MT,51
3003290,Belgrade Elem,MT,2269
3003330,Belgrade H S,MT,958
3003420,Belt Elem,MT,257
3003450,Belt H S,MT,92
3003480,Benton Lake Elem,MT,6
3003600,Biddle Elem,MT,11
3003660,Spring Creek Elem,MT,3
3003750,Big Sandy K-12,MT,181
3003800,Big Timber Elem,MT,291
3003820,Bigfork Elem,MT,579
3003840,Bigfork H S,MT,333
3003870,Billings Elem,MT,11169
3003900,Billings H S,MT,5444
3003990,Birney Elem,MT,10
3004050,Cleveland Elem,MT,11
3004200,Bloomfield Elem,MT,8
3004230,Blue Creek Elem,MT,145
3004260,Bonner Elem,MT,327
3004380,Boulder Elem,MT,215
3004440,Box Elder Elem,MT,298
3004500,Box Elder H S,MT,86
3004560,Bozeman Elem,MT,4657
3004590,Bozeman H S,MT,2790
3004800,Bridger K-12 Schools,MT,203
3004860,Powder River Co Dist H S,MT,70
3004890,Broadview Elem,MT,125
3004920,Broadview H S,MT,50
3004980,Townsend K-12 Schools,MT,733
3005010,Brockton Elem,MT,93
3005040,Brockton H S,MT,49
3005130,Brorson Elem,MT,5
3005140,Browning Elem,MT,1280
3005190,Browning H S,MT,633
3005280,Butte Elem,MT,2929
3005310,Butte H S,MT,1266
3005330,Bynum Elem,MT,8
3005460,Canyon Creek Elem,MT,216
3005550,Cardwell Elem,MT,35
3005610,Carter County H S,MT,36
3005850,Vaughn Elem,MT,136
3005880,Cascade Elem,MT,218
3005910,Cascade H S,MT,111
3005990,Cayuse Prairie Elem,MT,311
3006030,McCormick Elem,MT,21
3006110,St Ignatius K-12 Schools,MT,459
3006112,Charlo Elem,MT,137
3006115,Charlo H S,MT,80
3006260,Chinook Elem,MT,215
3006270,Chinook H S,MT,115
3006320,Choteau Elem,MT,314
3006330,Choteau H S,MT,109
3006790,Circle Elem,MT,136
3006810,Circle H S,MT,74
3006840,Clancy Elem,MT,374
3006870,Clinton Elem,MT,226
3007030,Cohagen Elem,MT,12
3007050,Colstrip Elem,MT,336
3007080,Colstrip H S,MT,155
3007110,Columbia Falls Elem,MT,1505
3007140,Columbia Falls H S,MT,691
3007190,Columbus Elem,MT,456
3007200,Columbus H S,MT,227
3007320,Conrad H S,MT,126
3007330,Conrad Elem,MT,340
3007350,Cooke City Elem,MT,3
3007410,Corvallis K-12 Schools,MT,1517
3007500,Cottonwood Elem,MT,16
3007710,Creston Elem,MT,83
3007830,Culbertson Elem,MT,196
3007860,Culbertson H S,MT,77
3007930,Custer County H S,MT,487
3007980,Kinsey Elem,MT,52
3008010,S Y Elem,MT,6
3008130,Custer K-12 Schools,MT,88
3008190,Cut Bank H S,MT,183
3008280,Darby K-12 Schools,MT,334
3008310,Davey Elem,MT,8
3008340,Dawson H S,MT,318
3008400,Lindsay Elem,MT,7
3008470,Deer Creek Elem,MT,18
3008670,Deer Lodge Elem,MT,425
3008700,Deer Park Elem,MT,168
3008730,Deerfield Elem,MT,11
3008850,Denton H S,MT,16
3008860,Denton Elem,MT,43
3008880,DeSmet Elem,MT,127
3008910,Dillon Elem,MT,756
3009000,Divide Elem,MT,11
3009030,Dixon Elem,MT,47
3009120,Dodson K-12,MT,78
3009180,Drummond Elem,MT,114
3009210,Drummond H S,MT,70
3009330,Dupuyer Elem,MT,47
3009510,East Glacier Park Elem,MT,45
3009670,Ekalaka Elem,MT,94
3009720,Elder Grove Elem,MT,713
3009780,Elliston Elem,MT,19
3009840,Elysian Elem,MT,450
3009930,Ennis K-12 Schools,MT,449
3010080,Eureka Elem,MT,528
3010140,Fairfield Elem,MT,220
3010170,Fairfield H S,MT,107
3010210,Fairview Elem,MT,193
3010230,Fair-Mont-Egan Elem,MT,156
3010290,Fairview H S,MT,92
3010530,Fergus H S,MT,347
3010800,Fishtail Elem,MT,15
3010820,Wise River Elem,MT,7
3010920,Evergreen Elem,MT,645
3010950,Olney-Bissell Elem,MT,95
3011100,Florence-Carlton K-12 Schls,MT,718
3011160,Forsyth Elem,MT,192
3011190,Forsyth H S,MT,103
3011240,Fort Benton Elem,MT,206
3011260,Fort Benton H S,MT,112
3011340,Fortine Elem,MT,58
3011420,Frazer Elem,MT,77
3011460,Frazer H S,MT,24
3011520,Frenchtown K-12 Schools,MT,1314
3011550,Froid Elem,MT,61
3011580,Froid H S,MT,40
3011650,Fromberg K-12,MT,67
3011670,Frontier Elem,MT,129
3011730,Galata Elem,MT,2
3011790,Gallatin Gateway Elem,MT,136
3011820,Gardiner Elem,MT,96
3011850,Gardiner H S,MT,55
3011880,Garfield County H S,MT,57
3011990,Ross Elem,MT,2
3012210,Geraldine K-12,MT,77
3012300,Geyser K-12 Schools,MT,38
3012350,Gildford Colony Elem,MT,16
3012420,Glasgow K-12 Schools,MT,778
3012510,Glendive Elem,MT,753
3012600,Golden Ridge Elem,MT,7
3012840,Philipsburg K-12 Schools,MT,180
3012900,Grant Elem,MT,7
3012960,Grass Range Elem,MT,54
3012990,Grass Range H S,MT,27
3013040,Great Falls Elem,MT,6890
3013050,Great Falls H S,MT,2960
3013110,Greenfield Elem,MT,84
3013140,Greycliff Elem,MT,4
3013200,Hall Elem,MT,27
3013260,Hamilton K-12 Schools,MT,1631
3013280,Hawks Home Elem,MT,8
3013310,Hardin Elem,MT,1221
3013340,Hardin H S,MT,515
3013360,Plenty Coups H S,MT,64
3013395,Harlem Elem,MT,454
3013400,Harlem H S,MT,175
3013470,Harlowton K-12,MT,298
3013530,Harrison K-12 Schools,MT,61
3013560,Havre Elem,MT,1299
3013590,Havre H S,MT,521
3013660,Hays-Lodge Pole K-12 Schls,MT,255
3013800,Helena Flats Elem,MT,293
3013830,Helena H S,MT,2373
3013860,Hellgate Elem,MT,1464
3013890,Helmville Elem,MT,13
3014070,Highwood K-12,MT,106
3014150,Cottonwood Elem,MT,20
3014340,Hinsdale Elem,MT,45
3014370,Hinsdale H S,MT,18
3014430,Hobson K-12 Schools,MT,131
3014640,Hot Springs K-12,MT,197
3014700,Huntley Project K-12 Schools,MT,751
3014760,Hysham K-12 Schools,MT,92
3014820,Independent Elem,MT,272
3015060,Jackson Elem,MT,2
3015120,Jefferson H S,MT,306
3015200,Joliet Elem,MT,268
3015260,Joliet H S,MT,129
3015340,Jordan Elem,MT,106
3015360,Judith Gap Elem,MT,26
3015390,Judith Gap H S,MT,4
3015420,Flathead H S,MT,2976
3015450,Kalispell Elem,MT,3097
3015510,Kester Elem,MT,4
3015570,Kila Elem,MT,184
3015610,King Colony Elem,MT,7
3015640,Kircher Elem,MT,51
3015690,Knees Elem,MT,13
3015900,Upper West Shore Elem,MT,46
3015930,Swan Lake-Salmon Elem,MT,4
3015990,Lambert Elem,MT,85
3016020,Lambert H S,MT,33
3016050,Lame Deer Elem,MT,353
3016110,LaMotte Elem,MT,55
3016200,Laurel Elem,MT,1157
3016230,Laurel H S,MT,578
3016290,Lavina K-12 Schools,MT,74
3016490,Lewistown Elem,MT,815
3016530,Libby K-12 Schools,MT,1127
3016710,Lima K-12 Schools,MT,39
3016770,Lincoln County H S,MT,273
3016810,Lincoln K-12 Schools,MT,147
3016880,Livingston Elem,MT,777
3017010,Lodge Grass Elem,MT,230
3017040,Lodge Grass H S,MT,174
3017130,Lolo Elem,MT,532
3017190,Lone Rock Elem,MT,265
3017340,Lustre Elem,MT,42
3017370,Luther Elem,MT,7
3017460,Alder Elem,MT,11
3017520,Malmborg Elem,MT,8
3017580,Malta K-12 Schools,MT,492
3017610,Manhattan School,MT,448
3017640,Manhattan High School,MT,241
3017700,Marion Elem,MT,143
3018060,McLeod Elem,MT,8
3018170,Medicine Lake K-12 Schools,MT,88
3018240,Melstone Elem,MT,37
3018270,Melstone H S,MT,28
3018290,Melville Elem,MT,20
3018410,Miles City Elem,MT,926
3018540,Missoula H S,MT,3959
3018570,Missoula Elem,MT,5293
3018750,Monforton Elem,MT,679
3018780,Montana City Elem,MT,471
3018870,Moore Elem,MT,62
3018900,Moore H S,MT,28
3018960,Morin Elem,MT,35
3019170,Nashua K-12 Schools,MT,96
3019310,North Harlem Colony Elem,MT,3
3019500,Noxon H S,MT,56
3019530,Nye Elem,MT,4
3019740,Opheim K-12 Schools,MT,35
3019950,Ovando Elem,MT,21
3020040,Park City Elem,MT,218
3020070,Park City H S,MT,112
3020100,Park H S,MT,420
3020170,Pass Creek Elem,MT,14
3020240,Pendroy Elem,MT,11
3020670,Pine Creek Elem,MT,44
3020690,Pine Grove Elem,MT,8
3020790,Pioneer Elem,MT,73
3020850,Plains K-12,MT,404
3020880,Pleasant Valley Elem,MT,9
3020960,Plentywood K-12 Schools,MT,341
3021000,Plevna K-12 Schools,MT,102
3021030,Polaris Elem,MT,8
3021060,Polson Elem,MT,1075
3021090,Polson H S,MT,517
3021150,Miami Elem,MT,38
3021240,Poplar Elem,MT,570
3021270,Poplar H S,MT,275
3021330,Potomac Elem,MT,87
3021450,Powell County H S,MT,181
3021480,Garrison Elem,MT,17
3021510,Power Elem,MT,62
3021540,Power H S,MT,39
3021720,Pryor Elem,MT,76
3021850,Ramsay Elem,MT,158
3021870,Rapelje Elem,MT,48
3021900,Rapelje H S,MT,12
3021960,Rau Elem,MT,70
3022080,Red Lodge Elem,MT,303
3022110,Red Lodge H S,MT,176
3022230,Reed Point Elem,MT,39
3022260,Reed Point H S,MT,11
3022290,Reichle Elem,MT,15
3022370,Richey Elem,MT,56
3022410,Richey H S,MT,22
3022710,Roberts K-12 Schools,MT,97
3022750,Rocky Boy Elem,MT,421
3022790,Ronan Elem,MT,1039
3022800,Ronan H S,MT,376
3022920,Rosebud K-12,MT,60
3023040,Roundup Elem,MT,387
3023070,Roundup High School,MT,156
3023160,Roy K-12 Schools,MT,26
3023340,Ryegate K-12 Schools,MT,55
3023370,Saco Elem,MT,40
3023400,Saco H S,MT,15
3023520,Savage Elem,MT,93
3023550,Savage H S,MT,40
3023670,Scobey K-12 Schools,MT,277
3023730,Seeley Lake Elem,MT,159
3023900,Shelby Elem,MT,413
3023910,Shelby H S,MT,143
3023940,Shepherd Elem,MT,522
3023970,Shepherd H S,MT,225
3024150,Sheridan Elem,MT,187
3024180,Sheridan H S,MT,58
3024200,Sidney Elem,MT,879
3024230,Sidney H S,MT,355
3024300,Sun River Valley Elem,MT,154
3024330,Simms H S,MT,91
3024690,Spring Creek Colony Elem,MT,3
3024810,Springhill Elem,MT,16
3024930,St Regis K-12 Schools,MT,190
3024990,Stanford K-12 Schools,MT,108
3025020,Stevensville Elem,MT,663
3025050,Stevensville H S,MT,347
3025130,Centerville Elem,MT,242
3025140,Centerville H S,MT,73
3025320,Sunburst K-12 Schools,MT,123
3025380,Sunset Elem,MT,12
3025470,Superior K-12 Schools,MT,324
3025500,Swan River Elem,MT,158
3025530,Swan Valley Elem,MT,24
3025560,Sweet Grass County H S,MT,161
3025890,Target Range Elem,MT,544
3025950,Terry K-12 Schools,MT,161
3026070,Thompson Falls Elem,MT,308
3026100,Thompson Falls H S,MT,183
3026160,Three Forks Elem,MT,543
3026190,Three Forks H S,MT,251
3026400,Trail Creek Elem,MT,8
3026460,Trego Elem,MT,13
3026490,Trinity Elem,MT,43
3026520,Trout Creek Elem,MT,36
3026550,Troy Elem,MT,235
3026580,Troy H S,MT,132
3026640,Turner Elem,MT,40
3026670,Turner H S,MT,22
3026730,Twin Bridges K-12 Schools,MT,223
3026880,Ulm Elem,MT,114
3027060,Valier Elem,MT,95
3027090,Valier H S,MT,37
3027150,Valley View Elem,MT,35
3027270,Victor K-12 Schools,MT,254
3027340,Vida Elem,MT,43
3027570,West Valley Elem,MT,806
3027630,West Yellowstone K-12,MT,252
3027730,Westby K-12 Schools,MT,57
3027740,Whitefish Elem,MT,1318
3027790,Whitefish H S,MT,618
3027810,Whitehall Elem,MT,302
3027840,Whitehall H S,MT,161
3027930,Whitewater K-12 Schools,MT,37
3028020,Wibaux K-12 Schools,MT,139
3028140,Willow Creek Elem,MT,42
3028170,Willow Creek H S,MT,7
3028380,Winifred K-12 Schools,MT,152
3028470,Winnett K-12 Schools,MT,69
3028500,Wisdom Elem,MT,9
3028550,Wolf Creek Elem,MT,7
3028590,Wolf Point Elem,MT,480
3028620,Wolf Point H S,MT,200
3028650,Woodman Elem,MT,31
3028770,White Sulphur Spgs K-12,MT,165
3028800,Wyola Elem,MT,83
3028830,Yaak Elem,MT,4
3028860,Yellowstone Academy Elem,MT,52
3028910,Zurich Elem,MT,23
3028911,Rocky Boy H S,MT,125
3100002,DAVID CITY PUBLIC SCHOOLS,NE,700
3100003,EAST BUTLER PUBLIC SCHOOLS,NE,327
3100004,LAUREL-CONCORD-COLERIDGE SCHOOL,NE,400
3100006,WEST POINT PUBLIC SCHOOLS,NE,740
3100008,WISNER-PILGER PUBLIC SCHOOLS,NE,496
3100010,ANSELMO-MERNA PUBLIC SCHOOLS,NE,249
3100011,BROKEN BOW PUBLIC SCHOOLS,NE,892
3100012,CALLAWAY PUBLIC SCHOOLS,NE,172
3100015,CAMBRIDGE PUBLIC SCHOOLS,NE,282
3100016,GRAND ISLAND PUBLIC SCHOOLS,NE,9983
3100018,WAUNETA-PALISADE PUBLIC SCHS,NE,212
3100021,WAVERLY SCHOOL DISTRICT 145,NE,2110
3100022,NORTH PLATTE PUBLIC SCHOOLS,NE,3730
3100023,MAXWELL PUBLIC SCHOOLS,NE,269
3100024,SUTHERLAND PUBLIC SCHOOLS,NE,283
3100025,ELKHORN VALLEY SCHOOLS,NE,442
3100029,SUPERIOR PUBLIC SCHOOLS,NE,428
3100034,ASHLAND-GREENWOOD PUBLIC SCHS,NE,1149
3100041,STANTON COMMUNITY SCHOOLS,NE,377
3100065,FRANKLIN PUBLIC SCHOOLS,NE,286
3100066,SILVER LAKE PUBLIC SCHOOLS,NE,229
3100067,BANNER COUNTY PUBLIC SCHOOLS,NE,128
3100070,AMHERST PUBLIC SCHOOLS,NE,360
3100071,TEKAMAH-HERMAN COMMUNITY SCHS,NE,536
3100072,LEYTON PUBLIC SCHOOLS,NE,178
3100073,ARNOLD PUBLIC SCHOOLS,NE,200
3100076,SCRIBNER-SNYDER COMMUNITY SCHS,NE,153
3100077,DUNDY CO STRATTON PUBLIC SCHS,NE,285
3100080,ALMA PUBLIC SCHOOLS,NE,382
3100082,STUART PUBLIC SCHOOLS,NE,197
3100085,ST PAUL PUBLIC SCHOOLS,NE,667
3100088,NORRIS SCHOOL DIST 160,NE,2343
3100089,PALMER PUBLIC SCHOOLS,NE,313
3100090,BAYARD PUBLIC SCHOOLS,NE,323
3100091,FULLERTON PUBLIC SCHOOLS,NE,303
3100095,CRETE PUBLIC SCHOOLS,NE,2275
3100096,FRIEND PUBLIC SCHOOLS,NE,227
3100097,MORRILL PUBLIC SCHOOLS,NE,267
3100098,GERING PUBLIC SCHOOLS,NE,1976
3100099,CENTENNIAL PUBLIC SCHOOLS,NE,515
3100105,BRIDGEPORT PUBLIC SCHOOLS,NE,525
3100109,SOUTHERN VALLEY SCHOOLS,NE,397
3100110,SOUTH PLATTE PUBLIC SCHOOLS,NE,211
3100111,EUSTIS-FARNAM PUBLIC SCHOOLS,NE,182
3100112,LAKEVIEW COMMUNITY SCHOOLS,NE,1037
3100114,LOGAN VIEW PUBLIC SCHOOLS,NE,592
3100115,NORTH BEND CENTRAL PUBLIC SCHS,NE,574
3100116,FREEMAN PUBLIC SCHOOLS,NE,500
3100117,HEARTLAND COMMUNITY SCHOOLS,NE,324
3100118,FILLMORE CENTRAL PUBLIC SCHS,NE,597
3100120,HITCHCOCK CO SCH SYSTEM,NE,279
3100121,DONIPHAN-TRUMBULL PUBLIC SCHS,NE,501
3100123,HIGH PLAINS COMMUNITY SCHOOLS,NE,207
3100124,BRUNING-DAVENPORT UNIFIED SYS,NE,187
3100125,DILLER-ODELL PUBLIC SCHOOLS,NE,242
3100129,TWIN RIVER PUBLIC SCHOOLS,NE,406
3100130,CROSS COUNTY COMMUNITY SCHOOLS,NE,372
3100132,THAYER CENTRAL COMMUNITY SCHS,NE,447
3100133,EXETER-MILLIGAN PUBLIC SCHOOLS,NE,170
3100134,WILCOX-HILDRETH PUBLIC SCHOOLS,NE,236
3100140,CREEK VALLEY SCHOOLS,NE,194
3100141,EMERSON-HUBBARD PUBLIC SCHOOLS,NE,211
3100157,PERKINS COUNTY SCHOOLS,NE,429
3100163,CHASE COUNTY SCHOOLS,NE,608
3100165,DOUGLAS CO WEST COMMUNITY SCHS,NE,1096
3100170,GORDON-RUSHVILLE PUBLIC SCHS,NE,521
3100172,WEST HOLT PUBLIC SCHOOLS,NE,428
3100175,LAWRENCE - NELSON PUBLIC SCHOOLS,NE,236
3100176,JOHNSON CO CENTRAL PUBLIC SCHS,NE,500
3100178,SOUTHWEST PUBLIC SCHOOLS,NE,326
3100179,HUMBOLDT TABLE ROCK STEINAUER,NE,318
3100183,HOWELLS-DODGE CONSOLIDATED SCHOOLS,NE,292
3100184,RIVERSIDE PUBLIC SCHOOLS,NE,253
3100185,CENTRAL VALLEY PUBLIC SCHOOLS,NE,328
3100187,BOYD COUNTY SCHOOLS,NE,305
3100189,SUMMERLAND PUBLIC SCHOOLS,NE,447
3101992,ELMWOOD-MURDOCK PUBLIC SCHOOLS,NE,506
3102770,ADAMS CENTRAL PUBLIC SCHOOLS,NE,1056
3102790,AINSWORTH COMMUNITY SCHOOLS,NE,383
3102820,BOONE CENTRAL SCHOOLS,NE,603
3102880,ALLEN CONSOLIDATED SCHOOLS,NE,131
3102910,ALLIANCE PUBLIC SCHOOLS,NE,1310
3103060,ANSLEY PUBLIC SCHOOLS,NE,186
3103090,ARAPAHOE PUBLIC SCHOOLS,NE,334
3103120,ARCADIA PUBLIC SCHOOLS,NE,132
3103130,ARLINGTON PUBLIC SCHOOLS,NE,702
3103210,ARTHUR COUNTY SCHOOLS,NE,115
3103330,AUBURN PUBLIC SCHOOLS,NE,1019
3103360,AURORA PUBLIC SCHOOLS,NE,1230
3103420,AXTELL COMMUNITY SCHOOLS,NE,335
3103440,BANCROFT-ROSALIE COMM SCHOOLS,NE,284
3103540,BATTLE CREEK PUBLIC SCHOOLS,NE,584
3103600,BEATRICE PUBLIC SCHOOLS,NE,2102
3103810,BELLEVUE PUBLIC SCHOOLS,NE,9502
3103990,BENNINGTON PUBLIC SCHOOLS,NE,4381
3104020,BERTRAND PUBLIC SCHOOLS,NE,236
3104100,BLAIR COMMUNITY SCHOOLS,NE,2184
3104140,BLOOMFIELD COMMUNITY SCHOOLS,NE,287
3104200,BLUE HILL COMMUNITY SCHOOLS,NE,315
3104290,BRADY PUBLIC SCHOOLS,NE,187
3104640,BURWELL PUBLIC SCHOOLS,NE,267
3104870,CEDAR BLUFFS PUBLIC SCHOOLS,NE,491
3104920,CENTRAL CITY PUBLIC SCHOOLS,NE,793
3104950,RAYMOND CENTRAL PUBLIC SCHOOLS,NE,723
3104980,CHADRON PUBLIC SCHOOLS,NE,870
3105010,CHAMBERS PUBLIC SCHOOLS,NE,118
3105160,CLARKSON PUBLIC SCHOOLS,NE,212
3105280,CODY-KILGORE PUBLIC SCHS,NE,152
3105340,COLUMBUS PUBLIC SCHOOLS,NE,4171
3105460,COZAD COMMUNITY SCHOOLS,NE,965
3105520,CRAWFORD PUBLIC SCHOOLS,NE,166
3105550,CREIGHTON COMMUNITY PUBLIC SCHOOLS,NE,313
3105630,CROFTON COMMUNITY SCHOOLS,NE,364
3105910,DESHLER PUBLIC SCHOOLS,NE,246
3105970,TRI COUNTY PUBLIC SCHOOLS,NE,421
3109120,HAYES CENTER PUBLIC SCHOOLS,NE,159
3119560,UMO N HO N NATION PUBLIC SCHS,NE,667
3162950,CENTURA PUBLIC SCHOOLS,NE,463
3169840,DORCHESTER PUBLIC SCHOOL,NE,230
3170020,ELBA PUBLIC SCHOOLS,NE,105
3170050,ELGIN PUBLIC SCHOOLS,NE,182
3170110,ELKHORN PUBLIC SCHOOLS,NE,11653
3170140,ELM CREEK PUBLIC SCHOOLS,NE,364
3170220,ELWOOD PUBLIC SCHOOLS,NE,204
3170440,FAIRBURY PUBLIC SCHOOLS,NE,906
3170470,SANDY CREEK SCHOOLS,NE,484
3170530,FALLS CITY PUBLIC SCHOOLS,NE,899
3170650,FORT CALHOUN COMMUNITY SCHS,NE,842
3170710,FREMONT PUBLIC SCHOOLS,NE,5283
3170800,GARDEN COUNTY SCHOOLS,NE,236
3170980,GIBBON PUBLIC SCHOOLS,NE,575
3171010,GILTNER PUBLIC SCHOOLS,NE,243
3171100,GOTHENBURG PUBLIC SCHOOLS,NE,769
3171220,GRETNA PUBLIC SCHOOLS,NE,7013
3171370,HAMPTON PUBLIC SCHOOL,NE,183
3171520,HARTINGTON NEWCASTLE PUBLIC SCHOOLS,NE,373
3171550,HARVARD PUBLIC SCHOOLS,NE,194
3171580,HASTINGS PUBLIC SCHOOLS,NE,3789
3171610,HAY SPRINGS PUBLIC SCHOOLS,NE,200
3171730,HEMINGFORD PUBLIC SCHOOLS,NE,383
3171820,HERSHEY PUBLIC SCHOOLS,NE,539
3171940,HOLDREGE PUBLIC SCHOOLS,NE,1006
3172000,HOMER COMMUNITY SCHOOLS,NE,450
3172150,HUMPHREY PUBLIC SCHOOLS,NE,322
3172210,HYANNIS AREA SCHOOLS,NE,147
3172335,JOHNSON-BROCK PUBLIC SCHOOLS,NE,355
3172390,KEARNEY PUBLIC SCHOOLS,NE,6066
3172420,KENESAW PUBLIC SCHOOLS,NE,267
3172480,KEYA PAHA COUNTY SCHOOLS,NE,78
3172570,KIMBALL PUBLIC SCHOOLS,NE,389
3172720,LEIGH COMMUNITY SCHOOLS,NE,296
3172780,LEWISTON CONSOLIDATED SCHOOLS,NE,196
3172810,LEXINGTON PUBLIC SCHOOLS,NE,3242
3172840,LINCOLN PUBLIC SCHOOLS,NE,42301
3172910,LITCHFIELD PUBLIC SCHOOLS,NE,121
3172990,LOOMIS PUBLIC SCHOOLS,NE,272
3173050,LOUISVILLE PUBLIC SCHOOLS,NE,688
3173090,LOUP CITY PUBLIC SCHOOLS,NE,331
3173120,LOUP COUNTY PUBLIC SCHOOLS,NE,88
3173210,LYONS-DECATUR NORTHEAST SCHS,NE,295
3173230,MADISON PUBLIC SCHOOLS,NE,580
3173290,MALCOLM PUBLIC SCHOOLS,NE,643
3173440,MAYWOOD PUBLIC SCHOOLS,NE,186
3173470,MC COOK PUBLIC SCHOOLS,NE,1345
3173500,MC COOL JUNCTION PUBLIC SCHS,NE,247
3173560,MC PHERSON COUNTY SCHOOLS,NE,60
3173590,MEAD PUBLIC SCHOOLS,NE,253
3173600,MEDICINE VALLEY PUBLIC SCHOOLS,NE,200
3173660,MERIDIAN PUBLIC SCHOOLS,NE,219
3173710,MILFORD PUBLIC SCHOOLS,NE,809
3173740,MILLARD PUBLIC SCHOOLS,NE,23253
3173800,MINATARE PUBLIC SCHOOLS,NE,146
3173830,MINDEN PUBLIC SCHOOLS,NE,794
3173890,MITCHELL PUBLIC SCHOOLS,NE,655
3174040,MULLEN PUBLIC SCHOOLS,NE,158
3174160,NEBRASKA CITY PUBLIC SCHOOLS,NE,1413
3174200,CONESTOGA PUBLIC SCHOOLS,NE,697
3174220,NELIGH-OAKDALE SCHOOLS,NE,352
3174340,NEWMAN GROVE PUBLIC SCHOOLS,NE,229
3174370,NIOBRARA PUBLIC SCHOOLS,NE,211
3174430,NORFOLK PUBLIC SCHOOLS,NE,4543
3174580,NORTHWEST PUBLIC SCHOOLS,NE,1445
3174640,OAKLAND CRAIG PUBLIC SCHOOLS,NE,422
3174760,OGALLALA PUBLIC SCHOOLS,NE,766
3174820,OMAHA PUBLIC SCHOOLS,NE,52524
3174850,O'NEILL PUBLIC SCHOOLS,NE,809
3174940,ORD PUBLIC SCHOOLS,NE,544
3175000,OSCEOLA PUBLIC SCHOOLS,NE,250
3175030,OSMOND COMMUNITY SCHOOLS,NE,186
3175060,OVERTON PUBLIC SCHOOLS,NE,285
3175210,PALMYRA DISTRICT O R 1,NE,724
3175270,PAPILLION LA VISTA COMMUNITY SCHOOLS,NE,12069
3175330,PAWNEE CITY PUBLIC SCHOOLS,NE,272
3175360,PAXTON CONSOLIDATED SCHOOLS,NE,199
3175390,PENDER PUBLIC SCHOOLS,NE,433
3175510,PIERCE PUBLIC SCHOOLS,NE,678
3175570,PLAINVIEW PUBLIC SCHOOLS,NE,358
3175630,SPRINGFIELD PLATTEVIEW COMMUNITY SCHOOLS,NE,1230
3175660,PLATTSMOUTH COMMUNITY SCHOOLS,NE,1479
3175690,PLEASANTON PUBLIC SCHOOLS,NE,331
3175770,PONCA PUBLIC SCHOOLS,NE,442
3175810,POTTER-DIX PUBLIC SCHOOLS,NE,169
3175900,RALSTON PUBLIC SCHOOLS,NE,3491
3175930,RANDOLPH PUBLIC SCHOOLS,NE,264
3175960,RAVENNA PUBLIC SCHOOLS,NE,412
3175990,RED CLOUD COMMUNITY SCHOOLS,NE,298
3176170,ROCK COUNTY PUBLIC SCHOOLS,NE,228
3176380,SANDHILLS PUBLIC SCHOOLS,NE,84
3176400,ISANTI COMMUNITY SCHOOL,NE,208
3176410,SARGENT PUBLIC SCHOOLS,NE,146
3176450,SCHUYLER COMMUNITY SCHOOLS,NE,1977
3176470,SCOTTSBLUFF PUBLIC SCHOOLS,NE,3420
3176560,SEWARD PUBLIC SCHOOLS,NE,1485
3176590,SHELBY - RISING CITY PUBLIC SCHOOLS,NE,403
3176620,SHELTON PUBLIC SCHOOLS,NE,276
3176650,SHICKLEY PUBLIC SCHOOLS,NE,143
3176710,SIDNEY PUBLIC SCHOOLS,NE,1119
3176800,SIOUX COUNTY PUBLIC SCHOOLS,NE,78
3176860,SO SIOUX CITY COMMUNITY SCHS,NE,3871
3176980,ST EDWARD PUBLIC SCHOOLS,NE,156
3177100,STAPLETON PUBLIC SCHOOLS,NE,154
3177180,SOUTHERN SCHOOL DISTRICT 1,NE,361
3177190,STERLING PUBLIC SCHOOLS,NE,224
3177340,SUMNER-EDDYVILLE-MILLER SCHS,NE,216
3177520,SUTTON PUBLIC SCHOOLS,NE,399
3177550,SYRACUSE-DUNBAR-AVOCA SCHOOLS,NE,791
3177730,THEDFORD PUBLIC SCHOOLS,NE,119
3178020,VALENTINE COMMUNITY SCHOOLS,NE,623
3178120,VERDIGRE PUBLIC SCHOOLS,NE,160
3178210,WAHOO PUBLIC SCHOOLS,NE,1088
3178240,WAKEFIELD PUBLIC SCHOOLS,NE,575
3178260,WALLACE PUBLIC SCH DIST 65 R,NE,161
3178300,WALTHILL PUBLIC SCHOOLS,NE,310
3178450,WAUSA PUBLIC SCHOOLS,NE,214
3178520,WAYNE COMMUNITY SCHOOLS,NE,1016
3178540,WEEPING WATER PUBLIC SCHOOLS,NE,298
3178660,WESTSIDE COMMUNITY SCHOOLS,NE,6330
3178670,WHEELER CENTRAL SCHOOLS,NE,138
3178720,WILBER-CLATONIA PUBLIC SCHOOLS,NE,601
3178810,WINNEBAGO PUBLIC SCHOOLS DISTRICT 17,NE,625
3178840,WINSIDE PUBLIC SCHOOLS,NE,246
3178940,WOOD RIVER RURAL SCHOOLS,NE,467
3178990,WYNOT PUBLIC SCHOOLS,NE,178
3179050,YORK PUBLIC SCHOOLS,NE,1598
3179080,YUTAN PUBLIC SCHOOLS,NE,491
3200030,Churchill,NV,3284
3200060,Clark County,NV,306038
3200090,Douglas,NV,4943
3200120,Elko,NV,9595
3200150,Esmeralda,NV,75
3200180,Eureka,NV,310
3200210,Humboldt,NV,3257
3200240,Lander,NV,1059
3200270,Lincoln,NV,958
3200300,Lyon,NV,9205
3200330,Mineral,NV,542
3200360,Nye,NV,5787
3200390,Carson City,NV,7459
3200420,Pershing,NV,666
3200450,Storey,NV,392
3200480,Washoe County,NV,64244
3200510,White Pine County School District,NV,1276
3300003,John Stark Regional School District,NH,614
3300017,Exeter Region Cooperative School District,NH,2302
3300035,Gorham Randolph Shelburne Cooperative School District,NH,374
3300049,Prospect Mountain JMA School District,NH,402
3300616,Milton School District,NH,516
3301380,Allenstown School District,NH,350
3301440,Alton School District,NH,410
3301470,Amherst School District,NH,1311
3301500,Andover School District,NH,169
3301560,Ashland School District,NH,159
3301590,Auburn School District,NH,697
3301620,Barnstead School District,NH,453
3301650,Barrington School District,NH,945
3301680,Bartlett School District,NH,166
3301710,Bath School District,NH,50
3301740,Bedford School District,NH,3971
3301860,Berlin School District,NH,989
3301890,Bethlehem School District,NH,142
3301950,Bow School District,NH,1690
3302010,Brentwood School District,NH,282
3302070,Brookline School District,NH,552
3302100,Campton School District,NH,265
3302130,Candia School District,NH,278
3302250,Chester School District,NH,516
3302280,Chesterfield School District,NH,253
3302310,Chichester School District,NH,194
3302340,Claremont School District,NH,1560
3302400,Colebrook School District,NH,289
3302460,Concord School District,NH,3852
3302480,Contoocook Valley School District,NH,1947
3302490,Conway School District,NH,1413
3302520,Cornish School District,NH,137
3302550,Croydon School District,NH,31
3302580,Deerfield School District,NH,508
3302610,Derry Cooperative School District,NH,3015
3302640,Dover School District,NH,3537
3302670,Dresden School District,NH,1044
3302760,Dunbarton School District,NH,234
3302790,East Kingston School District,NH,108
3302880,Epping School District,NH,878
3302910,Epsom School District,NH,382
3302940,Errol School District,NH,11
3302970,Exeter School District,NH,807
3302990,Fall Mountain Regional School District,NH,1398
3303000,Farmington School District,NH,738
3303090,Franklin School District,NH,846
3303120,Freedom School District,NH,52
3303150,Fremont School District,NH,356
3303180,Gilford School District,NH,1053
3303210,Gilmanton School District,NH,338
3303240,Goffstown School District,NH,2777
3303276,Mason School District,NH,106
3303303,Lempster School District,NH,135
3303330,Governor Wentworth Regional School District,NH,2084
3303360,Grantham School District,NH,258
3303420,Greenland School District,NH,370
3303480,Hampstead School District,NH,830
3303510,Hampton School District,NH,899
3303540,Hampton Falls School District,NH,192
3303600,Hanover School District,NH,463
3303630,Harrisville School District,NH,47
3303660,Haverhill Cooperative School District,NH,626
3303690,Henniker School District,NH,402
3303720,Hill School District,NH,63
3303750,Hillsboro-Deering Cooperative School District,NH,982
3303780,Hinsdale School District,NH,520
3303810,Holderness School District,NH,156
3303840,Hollis School District,NH,668
3303850,Hollis-Brookline Cooperative School District,NH,1119
3303870,Hooksett School District,NH,1286
3303900,Hopkinton School District,NH,942
3303930,Hudson School District,NH,2928
3303960,Inter-Lakes Cooperative School District,NH,915
3303990,Jackson School District,NH,37
3304030,Jaffrey-Rindge Cooperative School District,NH,1155
3304040,Kearsarge Regional School District,NH,1678
3304050,Keene School District,NH,3029
3304080,Kensington School District,NH,142
3304140,Laconia School District,NH,1819
3304150,Lafayette Regional School District,NH,98
3304170,Landaff School District,NH,22
3304230,Lebanon School District,NH,1638
3304260,Lincoln-Woodstock Cooperative School District,NH,243
3304290,Lisbon Regional School District,NH,266
3304350,Litchfield School District,NH,1117
3304380,Littleton School District,NH,569
3304410,Londonderry School District,NH,3962
3304500,Lyme School District,NH,187
3304560,Madison School District,NH,130
3304590,Manchester School District,NH,11949
3304620,Marlborough School District,NH,165
3304650,Marlow School District,NH,55
3304670,Mascenic Regional School District,NH,876
3304680,Mascoma Valley Regional School District,NH,1033
3304740,Merrimack School District,NH,3460
3304760,Merrimack Valley School District,NH,2191
3304770,Middleton School District,NH,156
3304800,Milan School District,NH,102
3304830,Milford School District,NH,1989
3304890,Monadnock Regional School District,NH,1610
3304920,Monroe School District,NH,88
3304950,Mont Vernon School District,NH,235
3304960,Moultonborough School District,NH,492
3304980,Nashua School District,NH,9813
3305010,Nelson School District,NH,58
3305040,New Boston School District,NH,464
3305070,New Castle School District,NH,34
3305190,Newfields School District,NH,115
3305220,Newfound Area School District,NH,1155
3305250,Newington School District,NH,43
3305280,Newmarket School District,NH,978
3305310,Newport School District,NH,717
3305370,North Hampton School District,NH,269
3305400,Northumberland School District,NH,316
3305430,Northwood School District,NH,418
3305460,Nottingham School District,NH,529
3305520,Oyster River Coop School District,NH,2102
3305550,Pelham School District,NH,1611
3305580,Pembroke School District,NH,1353
3305670,Piermont School District,NH,58
3305700,Pittsburg School District,NH,79
3305730,Pittsfield School District,NH,487
3305760,Plainfield School District,NH,183
3305790,Plymouth School District,NH,365
3305820,Portsmouth School District,NH,2436
3305830,Profile School District,NH,218
3305880,Raymond School District,NH,1125
3305940,Rochester School District,NH,3828
3305970,Rollinsford School District,NH,155
3306000,Rumney School District,NH,85
3306030,Rye School District,NH,388
3306060,Salem School District,NH,3560
3306080,Sanborn Regional School District,NH,1215
3306150,Seabrook School District,NH,581
3306180,Shaker Regional School District,NH,1141
3306240,Somersworth School District,NH,1323
3306260,Souhegan Cooperative School District,NH,702
3306270,South Hampton School District,NH,81
3306330,Stark School District,NH,32
3306360,Stewartstown School District,NH,60
3306390,Stoddard School District,NH,46
3306420,Strafford School District,NH,379
3306450,Stratford School District,NH,54
3306480,Stratham School District,NH,499
3306540,Sunapee School District,NH,400
3306600,Tamworth School District,NH,167
3306660,Thornton School District,NH,172
3306720,Timberlane Regional School District,NH,3227
3306750,Unity School District,NH,86
3306780,Wakefield School District,NH,413
3306870,Warren School District,NH,56
3306900,Washington School District,NH,38
3306910,Waterville Valley School District,NH,33
3306930,Weare School District,NH,831
3306990,Wentworth School District,NH,79
3307020,Westmoreland School District,NH,126
3307050,White Mountains Regional School District,NH,895
3307115,Wilton-Lyndeborough Cooperative School District,NH,527
3307140,Winchester School District,NH,328
3307170,Windham School District,NH,2901
3307230,Winnacunnet Cooperative School District,NH,1000
3307300,Winnisquam Regional School District,NH,1182
3307330,Coe-Brown Northwood Academy School District,NH,654
3307360,Pinkerton Academy School District,NH,2990
3399965,Pemi-Baker Regional School District,NH,655
3400004,School District of the Chathams,NJ,3594
3400005,Morris-Union Jointure Commission School District,NJ,0
3400006,Atlantic County Special Services School District,NJ,0
3400007,South  Bergen Jointure Commission School District,NJ,0
3400008,Great Meadows Regional School District,NJ,710
3400009,Somerset Hills Regional School District,NJ,1631
3400069,Bayshore Jointure Commission School District,NJ,0
3400660,Absecon Public Schools District,NJ,921
3400690,Alexandria Township School District,NJ,422
3400720,Allamuchy Township School District,NJ,427
3400750,Allendale Public School District,NJ,860
3400769,South Hunterdon Regional School District,NJ,799
3400772,Mastery Schools of Camden Inc.,NJ,2873
3400776,Camden Prep Inc.,NJ,1497
3400777,KIPP: Cooper Norcross A New Jersey Nonprofit Corporation,NJ,2278
3400810,Alloway Twp School District,NJ,271
3400840,Alpha Borough School District,NJ,219
3400870,Alpine Public School District,NJ,150
3400900,Andover Regional School District,NJ,480
3400930,Asbury Park School District,NJ,1482
3400960,Atlantic City School District,NJ,6585
3401050,Audubon Public School District,NJ,1428
3401110,Avalon School District,NJ,97
3401140,Avon Boro School District,NJ,114
3401170,Barrington School District,NJ,529
3401230,Bay Head Borough School District,NJ,124
3401260,Bayonne School District,NJ,10825
3401290,Beach Haven School District,NJ,56
3401320,Bedminster Township Public School District,NJ,416
3401350,Belleville Public School District,NJ,5071
3401380,Bellmawr Public School District,NJ,1173
3401410,Belmar Elementary School District,NJ,404
3401440,Belvidere School District,NJ,583
3401450,Bergen County Special Services School District,NJ,0
3401500,Bergenfield Borough School District,NJ,3631
3401530,Berkeley Heights School District,NJ,2349
3401560,Berkeley Township School District,NJ,2385
3401590,Berlin Borough School District,NJ,860
3401620,Berlin Township School District,NJ,621
3401650,Bernards Township School District,NJ,4673
3401710,Bethlehem Township School District,NJ,378
3401740,Beverly City School District,NJ,345
3401770,Black Horse Pike Regional School District,NJ,3487
3401800,Blairstown Elementary Township School District,NJ,420
3401830,Bloomfield Township School District,NJ,6468
3401860,Bloomingdale School District,NJ,682
3401890,Bloomsbury Borough School District,NJ,98
3401920,Bogota Public School District,NJ,1411
3401950,Boonton Town Public School District,NJ,1559
3401980,Boonton Township School District,NJ,401
3402030,Bordentown Regional School District,NJ,2214
3402100,Bound Brook School District,NJ,2070
3402130,Bradley Beach School District,NJ,193
3402160,Branchburg Township School District,NJ,1396
3402220,Brick Township Public School District,NJ,8274
3402250,Bridgeton City School District,NJ,6163
3402280,Bridgewater-Raritan Regional School District,NJ,7864
3402310,Brielle Boro School District,NJ,476
3402340,Brigantine Public School District,NJ,381
3402370,Brooklawn Public School District,NJ,281
3402400,Buena Regional School District,NJ,1620
3402430,Burlington City Public School District,NJ,1822
3402440,Burlington County Special Services School District,NJ,0
3402460,Burlington Township School District,NJ,3712
3402520,Butler Public School District,NJ,1178
3402550,Byram Township School District,NJ,795
3402580,Caldwell-West School District,NJ,2561
3402610,Califon Borough School District,NJ,95
3402640,Camden City School District,NJ,7074
3402700,Cape May City School District,NJ,151
3402740,Cape May County Special Services School District,NJ,0
3402790,Carlstadt Public School District,NJ,519
3402800,Carlstadt-East Rutherford Regional High School District,NJ,889
3402820,Carteret Public School District,NJ,4015
3402850,Cedar Grove Township School District,NJ,1570
3402880,Sterling Regional School District,NJ,854
3402910,Central Regional School District,NJ,2187
3403000,Cherry Hill School District,NJ,10910
3403060,Chester Township School District,NJ,1010
3403090,Chesterfield Township School District,NJ,677
3403120,Cinnaminson Township School District,NJ,2962
3403150,Clark Township Public School District,NJ,2297
3403180,Clayton Public School District,NJ,1489
3403210,Clearview Regional High School District,NJ,2058
3403240,Clementon Elementary School District,NJ,599
3403270,Cliffside Park School District,NJ,3200
3403300,Clifton Public School District,NJ,11010
3403330,Clinton-Glen Gardner School District,NJ,522
3403360,Clinton Township School District,NJ,1246
3403390,Closter Public School District,NJ,1215
3403420,Collingswood Public School District,NJ,2207
3403450,Colts Neck Township School District,NJ,1014
3403480,Commercial Township School District,NJ,513
3403540,Cranbury Township School District,NJ,425
3403570,Cranford Public School District,NJ,3793
3403600,Cresskill Public School District,NJ,1743
3403620,Cumberland Regional School District,NJ,1215
3403630,Deal Boro School District,NJ,161
3403660,Deerfield Township School District,NJ,322
3403690,Delanco Township School District,NJ,370
3403720,Delaware Township School District,NJ,405
3403750,Delaware Valley Regional High School District,NJ,714
3403780,Delran Township School District,NJ,2907
3403810,Demarest School District,NJ,798
3403840,Dennis Township School District,NJ,651
3403870,Denville Township K-8 School District,NJ,1748
3403900,Deptford Township Public School District,NJ,4164
3403930,Dover Public School District,NJ,3525
3403960,Downe Township School District,NJ,171
3403990,Dumont Public School District,NJ,2562
3404020,Dunellen Public School District,NJ,1425
3404050,Eagleswood Township School District,NJ,136
3404080,East Amwell Township School District,NJ,399
3404110,East Brunswick Township School District,NJ,8163
3404140,East Greenwich Township School District,NJ,1191
3404170,East Hanover Township School District,NJ,1013
3404200,East Newark School District,NJ,238
3404230,East Orange School District,NJ,9412
3404290,East Rutherford School District,NJ,794
3404320,East Windsor Regional School District,NJ,5126
3404350,Eastampton Township School District,NJ,606
3404380,Eastern Camden County Regional School District,NJ,1866
3404410,Eatontown Public School District,NJ,1022
3404440,Edgewater School District,NJ,722
3404470,Edgewater Park Township School District,NJ,1014
3404500,Edison Township School District,NJ,17032
3404530,Egg Harbor City School District,NJ,561
3404560,Egg Harbor Township School District,NJ,7463
3404590,Elizabeth Public Schools,NJ,28454
3404620,Elk Township School District,NJ,359
3404660,Elmwood Park School District,NJ,2655
3404680,Elsinboro Township School District,NJ,106
3404710,Emerson Public School District,NJ,1084
3404740,Englewood Public School District,NJ,2934
3404770,Englewood Cliffs School District,NJ,424
3404830,Essex Fells School District,NJ,254
3404860,Estell Manor School District,NJ,202
3404890,Evesham Township School District,NJ,4598
3404920,Ewing Township School District,NJ,3658
3404950,Fair Haven School District,NJ,969
3404980,Fair Lawn Public School District,NJ,5533
3405010,Fairfield Public School District,NJ,715
3405040,Fairfield Township School District,NJ,527
3405070,Fairview Public School District,NJ,1574
3405130,Farmingdale Public School District,NJ,161
3405190,Flemington-Raritan Regional School District,NJ,3302
3405220,Florence Township School District,NJ,1547
3405250,Florham Park School District,NJ,952
3405280,Folsom Borough School District,NJ,388
3405310,Fort Lee School District,NJ,4044
3405340,Frankford Township Consolidated School District,NJ,506
3405370,Franklin Lakes School District,NJ,1163
3405400,Franklin Borough School District,NJ,534
3405430,Township of Franklin School District,NJ,1332
3405460,Franklin Township School District,NJ,294
3405490,Franklin Township Public School District,NJ,7294
3405520,Franklin Township School District,NJ,251
3405550,Fredon Township School District,NJ,204
3405580,Freehold Borough School District,NJ,1573
3405610,Freehold Regional High School District,NJ,10005
3405640,Freehold Township School District,NJ,3413
3405670,Frelinghuysen Township School District,NJ,122
3405700,Frenchtown Borough School District,NJ,98
3405730,Galloway Township Public School District,NJ,3151
3405760,Garfield Public School District,NJ,4840
3405790,Garwood Boro,NJ,418
3405820,Gateway Regional High School District,NJ,875
3405850,Gibbsboro Elementary School District,NJ,264
3405880,Glassboro School District,NJ,1979
3405940,Glen Ridge Public School District,NJ,1768
3405970,Glen Rock Public School District,NJ,2566
3406000,Gloucester City Public School District,NJ,2423
3406030,Gloucester Township Public Schools,NJ,6645
3406060,Greater Egg Harbor Regional High School District,NJ,3074
3406090,Green Township School District,NJ,417
3406120,Green Brook Township Public School District,NJ,711
3406150,Greenwich Township School District,NJ,85
3406180,Greenwich Township School District,NJ,440
3406210,Greenwich Township School District,NJ,607
3406240,Guttenberg School District,NJ,983
3406270,Hackensack School District,NJ,5513
3406300,Hackettstown Public School District,NJ,2014
3406330,HADDON HEIGHTS School District,NJ,1556
3406360,Haddon Township School District,NJ,2100
3406390,Haddonfield School District,NJ,2753
3406420,Hainesport Township School District,NJ,516
3406450,Haledon Public School District,NJ,996
3406480,Hamburg School District,NJ,246
3406510,Hamilton Township School District,NJ,2892
3406540,Hamilton Township Public School District,NJ,12476
3406570,Hammonton School District,NJ,3357
3406600,Hampton Borough School District,NJ,115
3406630,Hampton Township School District,NJ,322
3406660,Hanover Park Regional High School District,NJ,1317
3406690,Hanover Township School District,NJ,1240
3406720,Harding Township School District,NJ,295
3406780,Hardyston Township School District,NJ,619
3406810,Harmony Township School District,NJ,189
3406840,Harrington Park School District,NJ,653
3406870,Harrison Public Schools,NJ,2466
3406900,Harrison Township School District,NJ,1348
3406930,Hasbrouck Heights School District,NJ,1669
3406960,Haworth Public School District,NJ,507
3406990,Hawthorne Public School District,NJ,2162
3407110,High Bridge Borough School District,NJ,350
3407140,High Point Regional High School District,NJ,815
3407170,Highland Park Boro School District,NJ,1602
3407230,Hillsborough Township Public School District,NJ,7246
3407260,Hillsdale School District,NJ,1143
3407290,Hillside Public School District,NJ,3010
3407320,Ho-Ho-Kus School District,NJ,584
3407350,Hoboken Public School District,NJ,3702
3407380,Holland Township School District,NJ,522
3407410,Holmdel Township School District,NJ,2833
3407440,Hopatcong Borough School District,NJ,1553
3407470,Hope Township School District,NJ,124
3407500,Hopewell Township School District,NJ,526
3407530,Hopewell Valley Regional School District,NJ,3465
3407560,Howell Township Public School District,NJ,6045
3407590,Hunterdon Central Regional High School District,NJ,2246
3407680,Irvington Public School District,NJ,8265
3407710,Island Heights School District,NJ,143
3407740,Jackson Township School District,NJ,7409
3407770,Jamesburg Public School District,NJ,703
3407800,Jefferson Township Public School District,NJ,2663
3407830,Jersey City Public Schools,NJ,25951
3407860,Keansburg School District,NJ,1492
3407890,Kearny,NJ,5484
3407920,Kenilworth School District,NJ,1451
3407950,Keyport School District,NJ,990
3407980,Kingsway Regional School District,NJ,2980
3408010,Kingwood Township School District,NJ,344
3408040,Kinnelon School District,NJ,1636
3408060,Kittatinny Regional School District,NJ,736
3408070,Knowlton Township School District,NJ,175
3408100,Lacey Township School District,NJ,3939
3408130,Lafayette Township School District,NJ,233
3408160,Lakehurst School District,NJ,411
3408190,Lakeland Regional High School District,NJ,837
3408220,Lakewood Township School District,NJ,4643
3408280,Laurel Springs School District,NJ,183
3408310,Lavallette Borough School District,NJ,146
3408340,Lawnside School District,NJ,336
3408370,Lawrence Township School District,NJ,480
3408400,Lawrence Township Public School District,NJ,3735
3408430,Lebanon Borough School District,NJ,90
3408460,Lebanon Township School District,NJ,532
3408490,Lenape Regional High School District,NJ,6535
3408500,Lenape Valley Regional High School District,NJ,668
3408520,Leonia Public School District,NJ,2015
3408580,Lincoln Park School District,NJ,880
3408610,Linden Public School District,NJ,6664
3408640,Lindenwold Public School District,NJ,3191
3408670,Linwood City School District,NJ,838
3408700,Little Egg Harbor Township School District,NJ,1680
3408730,Little Falls Township Public School District,NJ,959
3408760,Little Ferry Public School District,NJ,909
3408790,Little Silver Boro School District,NJ,707
3408820,Livingston Board of Education School District,NJ,6410
3408850,Lodi School District,NJ,3282
3408880,Logan Township School District,NJ,824
3408910,Long Beach Island School District,NJ,197
3408940,LONG BRANCH PUBLIC SCHOOL District,NJ,5415
3409000,Lopatcong Township School District,NJ,724
3409030,The Lower Alloways Creek School District,NJ,186
3409090,Lower Cape May Regional School District,NJ,1145
3409120,Pennsville School District,NJ,1889
3409150,Lower Township Elementary School District,NJ,1401
3409180,Lumberton Township Board of Education,NJ,1223
3409210,Lyndhurst Public School District,NJ,2644
3409240,Madison Public School District,NJ,2392
3409270,Old Bridge Township School District,NJ,8092
3409300,Magnolia School District,NJ,404
3409330,Mahwah Township Public School District,NJ,2761
3409360,Mainland Regional High School,NJ,1177
3409390,Manalapan-Englishtown Regional School District,NJ,4533
3409420,Manasquan School District,NJ,1407
3409450,Manchester Township School District,NJ,2916
3409480,Mannington Township School District,NJ,173
3409510,Mansfield Township School District,NJ,552
3409540,Mansfield Township Elementary School District,NJ,571
3409550,North Warren Regional,NJ,596
3409600,Mantua Township School District,NJ,1302
3409630,Manville School District,NJ,1761
3409660,Maple Shade School District,NJ,2388
3409690,Margate City School District,NJ,328
3409720,Marlboro Township School District,NJ,4502
3409750,Matawan-Aberdeen Regional School District,NJ,3961
3409780,Maurice River Township School District,NJ,373
3409810,Maywood School District,NJ,993
3409840,Medford Lakes School District,NJ,438
3409870,Medford Township School District,NJ,2982
3409900,Mendham Borough School District,NJ,501
3409930,Mendham Township School District,NJ,784
3409960,Merchantville School District,NJ,402
3409990,Metuchen Public School District,NJ,2349
3410020,Middle Township Public School District,NJ,2658
3410050,Middlesex Borough School District,NJ,2054
3410110,Middletown Township Public School District,NJ,8791
3410140,Midland Park School District,NJ,934
3410170,Milford Borough School District,NJ,65
3410200,Millburn Township School District,NJ,4577
3410230,Millstone Township School District,NJ,1147
3410290,Milltown School District,NJ,795
3410320,Millville School District,NJ,5137
3410350,Mine Hill Township School District,NJ,411
3410380,Monmouth Beach School District,NJ,230
3410440,Monmouth Regional High School,NJ,917
3410470,Monroe Township Public School District,NJ,5824
3410500,Monroe Township School District,NJ,6750
3410530,Montague Township School District,NJ,333
3410560,Montclair Public School District,NJ,6278
3410590,Montgomery Township School District,NJ,4433
3410620,Montvale Board of Education School District,NJ,991
3410650,Montville Township School District,NJ,3545
3410680,Moonachie School District,NJ,364
3410710,Moorestown Township Public School District,NJ,3919
3410740,Morris Hills Regional School District,NJ,2626
3410770,Morris Plains School District,NJ,602
3410810,Morris School District,NJ,5729
3410860,Mount Arlington Public School District,NJ,385
3410890,Mt. Ephraim School District,NJ,429
3410920,Mount Holly Township Public School District,NJ,1163
3410950,Mount Laurel Township School District,NJ,4592
3410980,Mount Olive Township School District,NJ,4786
3411010,Mountain Lakes Public School District,NJ,1230
3411040,Mountainside School District,NJ,762
3411070,Mullica Township School District,NJ,618
3411100,National Park Boro School District,NJ,294
3411130,Neptune City School District,NJ,271
3411160,Neptune Township School District,NJ,3434
3411190,Netcong School District,NJ,303
3411220,New Brunswick School District,NJ,8972
3411250,New Hanover Township,NJ,199
3411280,New Milford Public School District,NJ,2010
3411310,New Providence School District,NJ,2298
3411340,Newark Public School District,NJ,44199
3411400,Newton Public School District,NJ,1527
3411430,North Arlington School District,NJ,2079
3411460,North Bergen School District,NJ,7082
3411490,North Brunswick Township School District,NJ,5926
3411520,North Caldwell School District,NJ,707
3411550,North Haledon School District,NJ,612
3411580,North Hanover Township School District,NJ,1452
3411610,North Hunterdon-Voorhees Regional High School District,NJ,2019
3411640,North Plainfield School District,NJ,3704
3411670,North Wildwood School District,NJ,164
3411700,Northern Burlington County Regional School District,NJ,2099
3411730,Northern Highlands Regional High School District,NJ,1298
3411760,Northern Valley Regional High School District,NJ,2181
3411790,Northfield City School District,NJ,961
3411820,Northvale Public School District,NJ,558
3411850,Norwood Public School District,NJ,611
3411880,Nutley Public School District,NJ,4356
3411910,Oakland Public School District,NJ,1326
3411940,Oaklyn Public School District,NJ,278
3411970,Ocean City School District,NJ,1713
3412030,Ocean Gate School District,NJ,142
3412060,Township of Ocean School District,NJ,3225
3412090,Ocean Township School District,NJ,559
3412120,Oceanport School District,NJ,612
3412150,Ogdensburg Borough School District,NJ,279
3412180,Old Tappan Public School District,NJ,755
3412210,Oldmans Township School District,NJ,311
3412240,Oradell Public School District,NJ,823
3412260,River Dell Regional School District,NJ,1643
3412270,ORANGE BOARD OF EDUCATION School District,NJ,5967
3412300,Oxford Township School District,NJ,263
3412360,Palisades Park School District,NJ,1861
3412390,Palmyra Public School District,NJ,1068
3412420,Paramus Public School District,NJ,3595
3412450,Park Ridge School District,NJ,1179
3412480,Parsippany-Troy Hills Township School District,NJ,7082
3412510,Pascack Valley Regional High School District,NJ,1714
3412540,Passaic City School District,NJ,12012
3412570,Passaic Valley Regional High School District,NJ,1093
3412600,Passaic County Manchester Regional High School District,NJ,821
3412660,Long Hill Township School District,NJ,870
3412690,Paterson Public School District,NJ,24291
3412720,Paulsboro School District,NJ,1228
3412810,Pemberton Township School District,NJ,4351
3412840,Penns Grove-Carneys Point Regional School District,NJ,2223
3412870,Pennsauken Township Board of Education School District,NJ,4951
3412900,Pequannock Township School District,NJ,2118
3412930,Perth Amboy Public School District,NJ,10220
3412960,Phillipsburg School District,NJ,3975
3412990,Pine Hill School District,NJ,2060
3413000,Pinelands Regional School District,NJ,1571
3413050,Piscataway Township School District,NJ,7331
3413080,Pitman Boro School District,NJ,1193
3413110,Pittsgrove Township School District,NJ,1696
3413140,Plainfield Public School District,NJ,10195
3413200,Pleasantville Public School District,NJ,3852
3413230,Plumsted Township School District,NJ,1192
3413260,Pohatcong Township School District,NJ,308
3413290,Point Pleasant Borough School District,NJ,2679
3413320,Point Pleasant Beach School District,NJ,648
3413350,Pompton Lakes School District,NJ,1697
3413380,Port Republic School District,NJ,115
3413410,Princeton Public School District,NJ,3843
3413470,Prospect Park Public School District,NJ,775
3413500,Quinton Township School District,NJ,293
3413530,Rahway Public School District,NJ,4311
3413560,Ramapo Indian Hills Regional High School District,NJ,1856
3413590,Ramsey School District,NJ,2340
3413620,Rancocas Valley Regional High School District,NJ,2002
3413650,Randolph Township School District,NJ,4219
3413680,Hazlet Township Public School District,NJ,2691
3413710,Readington Township School District,NJ,1565
3413740,Red Bank Borough Public School District,NJ,1189
3413750,Red Bank Regional School District,NJ,1283
3413770,Ridgefield School District,NJ,1395
3413800,Ridgefield Park Public School District,NJ,2174
3413830,Ridgewood Public School District,NJ,5480
3413860,Ringwood School District,NJ,980
3413890,River Edge School District,NJ,1158
3413950,River Vale Public School District,NJ,1038
3413980,Riverdale School District,NJ,274
3414010,Riverside Township School District,NJ,1582
3414040,Riverton School District,NJ,253
3414070,Rochelle Park School District,NJ,467
3414100,Rockaway Borough School District,NJ,574
3414130,Rockaway Township School District,NJ,2436
3414220,Roosevelt Borough Public School District,NJ,75
3414250,Roseland School District,NJ,453
3414280,Roselle Public School District,NJ,3220
3414310,Roselle Park Public School District,NJ,2071
3414340,Roxbury Township School District,NJ,3409
3414370,Rumson Borough School District,NJ,912
3414400,Rumson-Fair Haven Regional High School District,NJ,820
3414430,Runnemede Public School District,NJ,849
3414460,Rutherford School District,NJ,2601
3414490,Saddle Brook School District,NJ,1875
3414520,Saddle River School District,NJ,125
3414550,Salem City School District,NJ,1309
3414610,Sandyston-Walpack Consolidated School District,NJ,131
3414640,Sayreville School District,NJ,6415
3414670,Scotch Plains-Fanwood School District,NJ,5752
3414730,Sea Girt Borough School District,NJ,148
3414790,Seaside Heights School District,NJ,160
3414850,Secaucus School District,NJ,2144
3414880,Shamong Township School District,NJ,644
3414940,Shore Regional High School District,NJ,573
3414970,Shrewsbury Borough School District,NJ,443
3415000,Somerdale School District,NJ,453
3415030,Somers Point School District,NJ,698
3415090,Somerville Public School District,NJ,2173
3415120,South Amboy School District,NJ,1227
3415180,South Bound Brook Public School District,NJ,454
3415210,South Brunswick School District,NJ,7693
3415240,South Hackensack School District,NJ,239
3415270,South Harrison Township School District,NJ,345
3415330,South Orange-Maplewood School District,NJ,7142
3415360,South Plainfield School District,NJ,3813
3415390,South River Public School District,NJ,2435
3415420,Southampton Township School District,NJ,714
3415450,Delsea Regional High School District,NJ,1593
3415480,Southern Regional School District,NJ,2698
3415510,Sparta Township Public School District,NJ,3341
3415540,Spotswood Public School District,NJ,1655
3415570,Spring Lake Borough,NJ,134
3415600,Spring Lake Heights School District,NJ,300
3415630,Springfield Public School District,NJ,2229
3415660,Springfield Township School District,NJ,298
3415690,Stafford Township School District,NJ,2644
3415720,Stanhope School District,NJ,341
3415750,Stillwater Township School District,NJ,296
3415810,Stone Harbor School District,NJ,88
3415840,Stow Creek Township School District,NJ,130
3415870,Stratford School District,NJ,889
3415900,Summit Public School District,NJ,4013
3415960,Sussex-Wantage Regional School District,NJ,1159
3415990,Swedesboro-Woolwich School District,NJ,1621
3416020,Tabernacle Township School District,NJ,720
3416080,Teaneck School District,NJ,3752
3416110,Tenafly Public School District,NJ,3465
3416170,Tewksbury Township School District,NJ,472
3416200,Tinton Falls School District,NJ,1368
3416230,Toms River Regional School District,NJ,14454
3416260,Totowa Public School District,NJ,902
3416290,Trenton Public School District,NJ,15964
3416320,Tuckerton Borough School District,NJ,308
3416350,Union Beach Public School District,NJ,638
3416380,Union City School District,NJ,12764
3416400,Union County Educational Services Commission,NJ,0
3416440,Union Township School District,NJ,511
3416470,Barnegat Township School District,NJ,3705
3416500,Township of Union School District,NJ,8030
3416530,Upper Deerfield Township School District,NJ,970
3416560,Upper Freehold Regional School District,NJ,2039
3416590,UPPER PITTSGROVE TWP School District,NJ,340
3416620,Upper Saddle River School District,NJ,1116
3416650,Upper Township School District,NJ,1368
3416680,Ventnor City School District,NJ,504
3416710,Vernon Township School District,NJ,2905
3416740,Verona Public School District,NJ,2195
3416800,Vineland Public School District,NJ,10154
3416830,Voorhees Township School District,NJ,3083
3416860,Waldwick School District,NJ,1592
3416870,Wallkill Valley Regional High School,NJ,591
3416890,Wall Township Public School District,NJ,3215
3416920,Wallington Boro School District,NJ,1232
3416950,Wanaque School District,NJ,894
3416970,Warren Hills Regional School District,NJ,1549
3416980,Warren Township School District,NJ,1671
3417010,Washington Borough School District,NJ,562
3417070,Washington Township School District,NJ,7549
3417100,Robbinsville Public School District,NJ,3098
3417130,Washington Township School District,NJ,2008
3417160,Washington Township School District,NJ,436
3417190,Watchung Borough School District,NJ,672
3417220,Watchung Hills Regional High School District,NJ,1686
3417250,Waterford Township School District,NJ,921
3417280,Wayne Township Public School District,NJ,7653
3417310,Weehawken Public School District,NJ,1359
3417340,Wenonah  Boro School District,NJ,158
3417400,West Cape May School District,NJ,86
3417430,West Deptford Township School District,NJ,2864
3417460,West Essex Regional School District,NJ,1648
3417490,West Long Branch School District,NJ,565
3417520,West Milford Township Public School District,NJ,2948
3417550,West Morris Regional High School District,NJ,2058
3417580,West New York School District,NJ,8008
3417610,West Orange Public Schools,NJ,7119
3417640,Woodland Park School District,NJ,1269
3417700,West Windsor-Plainsboro Regional School District,NJ,8900
3417730,Westampton Township Public School District,NJ,1004
3417760,Westfield Public School District,NJ,5931
3417790,Westville Boro Public School District,NJ,357
3417820,Westwood Regional School District,NJ,2805
3417850,Weymouth Township School District,NJ,183
3417880,Wharton Borough School District,NJ,775
3417910,White Township Consolidated School District,NJ,278
3417940,Wildwood City School District,NJ,811
3417970,Wildwood Crest Borough School District,NJ,205
3418000,Willingboro Public School District,NJ,3806
3418030,Winfield Township,NJ,142
3418060,Winslow Township School District,NJ,5132
3418090,Woodbine School District,NJ,257
3418120,Woodbridge Township School District,NJ,14042
3418150,Woodbury City Public School District,NJ,1748
3418180,Woodbury Heights Public School District,NJ,249
3418210,Woodcliff Lake School District,NJ,738
3418240,Woodland Township School District,NJ,93
3418270,Woodlynne School District,NJ,408
3418300,Wood-Ridge School District,NJ,1341
3418330,Woodstown-Pilesgrove Regional School District,NJ,1501
3418360,Wyckoff Township Public School District,NJ,2050
3480180,Educational Services Commission of New Jersey,NJ,0
3480200,Mercer County Special Services School District,NJ,0
3480240,Monmouth-Ocean Educational Services Commission School Distri,NJ,0
3480260,Educational Services Commission of Morris County,NJ,0
3480280,Somerset County Educational Services Commission School Distr,NJ,0
3480300,Essex Regional Educational Services Commission,NJ,0
3480320,Sussex County Educational Services Commission,NJ,0
3480360,Hunterdon County Educational Services Commission,NJ,0
3480361,Salem County Special Services School District,NJ,0
3480363,Gloucester County Special Services School District,NJ,0
3480364,Northern Region Educational Services Commission,NJ,0
3480370,Henry Hudson Regional School District,NJ,725
3500001,VAUGHN,NM,70
3500010,RIO RANCHO,NM,16519
3500030,ALAMOGORDO,NM,5251
3500060,ALBUQUERQUE,NM,74792
3500090,ANIMAS,NM,165
3500120,ARTESIA,NM,3729
3500150,AZTEC,NM,2448
3500180,BELEN,NM,3500
3500210,BERNALILLO,NM,2773
3500240,BLOOMFIELD,NM,2388
3500270,CAPITAN,NM,443
3500300,CARLSBAD,NM,7461
3500330,CARRIZOZO,NM,144
3500390,CENTRAL,NM,4518
3500420,CHAMA VALLEY,NM,280
3500480,CIMARRON,NM,339
3500510,CLAYTON,NM,397
3500540,CLOUDCROFT,NM,429
3500570,CLOVIS,NM,7387
3500600,COBRE,NM,939
3500630,CORONA,NM,102
3500660,CUBA,NM,721
3500690,DEMING,NM,5117
3500720,DES MOINES,NM,132
3500750,DEXTER,NM,772
3500790,DORA,NM,220
3500810,DULCE,NM,571
3500840,ELIDA,NM,146
3500900,ESPANOLA,NM,2745
3500930,ESTANCIA,NM,576
3500960,EUNICE,NM,748
3500990,FARMINGTON,NM,10768
3501020,FLOYD,NM,224
3501050,FORT SUMNER,NM,283
3501080,GADSDEN,NM,11739
3501110,GALLUP,NM,12809
3501140,GRADY,NM,175
3501170,GRANTS,NM,3149
3501200,HAGERMAN,NM,408
3501230,HATCH VALLEY,NM,1146
3501260,HOBBS,NM,10121
3501290,HONDO VALLEY,NM,124
3501320,HOUSE,NM,61
3501350,JAL,NM,567
3501380,JEMEZ MTN,NM,178
3501410,JEMEZ VALLEY,NM,292
3501470,LAKE ARTHUR,NM,157
3501500,LAS CRUCES,NM,22782
3501530,LAS VEGAS CITY,NM,1121
3501560,WEST LAS VEGAS,NM,1609
3501590,LOGAN,NM,310
3501620,LORDSBURG,NM,405
3501650,LOS ALAMOS,NM,3667
3501680,LOS LUNAS,NM,8208
3501710,LOVING,NM,734
3501740,LOVINGTON,NM,3415
3501770,MAGDALENA,NM,297
3501800,MAXWELL,NM,87
3501830,MELROSE,NM,271
3501860,MORA,NM,399
3501890,MORIARTY-EDGEWOOD,NM,2365
3501920,MOSQUERO,NM,86
3501950,MOUNTAINAIR,NM,184
3501980,MESA VISTA,NM,262
3502010,PECOS,NM,437
3502040,PENASCO,NM,276
3502070,POJOAQUE,NM,1506
3502100,PORTALES,NM,2519
3502130,QUEMADO,NM,170
3502160,QUESTA,NM,315
3502190,RATON,NM,831
3502220,RESERVE,NM,97
3502250,ROSWELL,NM,9230
3502280,ROY,NM,72
3502310,RUIDOSO,NM,1788
3502340,SAN JON,NM,123
3502370,SANTA FE,NM,11299
3502400,SANTA ROSA,NM,572
3502430,SILVER CITY,NM,2108
3502460,SOCORRO,NM,1329
3502490,SPRINGER,NM,120
3502520,TAOS,NM,2184
3502550,TATUM,NM,310
3502580,TEXICO,NM,551
3502610,T OR C,NM,1246
3502640,TUCUMCARI,NM,911
3502670,TULAROSA,NM,966
3502730,WAGON MOUND,NM,60
3502800,ZUNI,NM,1209
3600001,DOLGEVILLE CENTRAL SCHOOL DISTRICT,NY,809
3600002,SAUQUOIT VALLEY CENTRAL SCHOOL DISTRICT,NY,943
3600003,EDWARDS-KNOX CENTRAL SCHOOL DISTRICT,NY,493
3600004,ROTTERDAM-MOHONASEN CENTRAL SCHOOL DISTRICT,NY,2808
3600005,BROADALBIN-PERTH CENTRAL SCHOOL DISTRICT,NY,1661
3600006,CHERRY VALLEY-SPRINGFIELD CENTRAL SCHOOL DISTRICT,NY,436
3600007,JASPER-TROUPSBURG CENTRAL SCHOOL DISTRICT,NY,378
3600008,SOUTH COUNTRY CENTRAL SCHOOL DISTRICT,NY,3906
3600009,SARANAC CENTRAL SCHOOL DISTRICT,NY,1569
3600010,COBLESKILL-RICHMONDVILLE CENTRAL SCHOOL DISTRICT,NY,1462
3600011,WAYLAND-COHOCTON CENTRAL SCHOOL DISTRICT,NY,1316
3600012,BOLIVAR-RICHBURG CENTRAL SCHOOL DISTRICT,NY,679
3600013,ONEIDA CITY SCHOOL DISTRICT,NY,1742
3600014,WATERLOO CENTRAL SCHOOL DISTRICT,NY,1495
3600015,ALLEGANY-LIMESTONE CENTRAL SCHOOL DISTRICT,NY,1050
3600016,AVERILL PARK CENTRAL SCHOOL DISTRICT,NY,2583
3600017,GENESEE VALLEY CENTRAL SCHOOL DISTRICT,NY,582
3600018,CHAUTAUQUA LAKE CENTRAL SCHOOL DISTRICT,NY,711
3600019,UNADILLA VALLEY CENTRAL SCHOOL DISTRICT,NY,782
3600020,CAMPBELL-SAVONA CENTRAL SCHOOL DISTRICT,NY,791
3600021,MATTITUCK-CUTCHOGUE UNION FREE SCHOOL DISTRICT,NY,983
3600023,SULLIVAN WEST CENTRAL SCHOOL DISTRICT,NY,1075
3600024,CATTARAUGUS-LITTLE VALLEY CENTRAL SCHOOL DISTRICT,NY,839
3600076,NEW YORK CITY GEOGRAPHIC DISTRICT # 1,NY,9393
3600077,NEW YORK CITY GEOGRAPHIC DISTRICT # 2,NY,55345
3600078,NEW YORK CITY GEOGRAPHIC DISTRICT # 3,NY,19143
3600079,NEW YORK CITY GEOGRAPHIC DISTRICT # 4,NY,11201
3600081,NEW YORK CITY GEOGRAPHIC DISTRICT # 5,NY,8837
3600083,NEW YORK CITY GEOGRAPHIC DISTRICT # 6,NY,17899
3600084,NEW YORK CITY GEOGRAPHIC DISTRICT # 7,NY,14871
3600085,NEW YORK CITY GEOGRAPHIC DISTRICT # 8,NY,23353
3600086,NEW YORK CITY GEOGRAPHIC DISTRICT # 9,NY,25840
3600087,NEW YORK CITY GEOGRAPHIC DISTRICT #10,NY,42464
3600088,NEW YORK CITY GEOGRAPHIC DISTRICT #11,NY,32263
3600090,NEW YORK CITY GEOGRAPHIC DISTRICT #12,NY,16974
3600091,NEW YORK CITY GEOGRAPHIC DISTRICT #13,NY,19380
3600092,NEW YORK CITY GEOGRAPHIC DISTRICT #15,NY,26509
3600094,NEW YORK CITY GEOGRAPHIC DISTRICT #16,NY,5662
3600095,NEW YORK CITY GEOGRAPHIC DISTRICT #17,NY,17590
3600096,NEW YORK CITY GEOGRAPHIC DISTRICT #18,NY,11829
3600097,NEW YORK CITY GEOGRAPHIC DISTRICT #32,NY,9081
3600098,NEW YORK CITY GEOGRAPHIC DISTRICT #24,NY,50026
3600099,NEW YORK CITY GEOGRAPHIC DISTRICT #26,NY,29528
3600100,NEW YORK CITY GEOGRAPHIC DISTRICT #28,NY,38133
3600101,NEW YORK CITY GEOGRAPHIC DISTRICT #29,NY,23632
3600102,NEW YORK CITY GEOGRAPHIC DISTRICT #30,NY,36624
3600103,NEW YORK CITY GEOGRAPHIC DISTRICT #31,NY,60164
3600119,NEW YORK CITY GEOGRAPHIC DISTRICT #14,NY,15368
3600120,NEW YORK CITY GEOGRAPHIC DISTRICT #19,NY,19984
3600121,NEW YORK CITY GEOGRAPHIC DISTRICT #23,NY,8090
3600122,NEW YORK CITY GEOGRAPHIC DISTRICT #25,NY,34433
3600123,NEW YORK CITY GEOGRAPHIC DISTRICT #27,NY,41868
3600124,CANISTEO-GREENWOOD CSD,NY,969
3600125,EASTPORT-SOUTH MANOR CSD,NY,2729
3600135,NYC SPECIAL SCHOOLS - DISTRICT 75,NY,0
3600151,NEW YORK CITY GEOGRAPHIC DISTRICT #20,NY,46246
3600152,NEW YORK CITY GEOGRAPHIC DISTRICT #21,NY,34189
3600153,NEW YORK CITY GEOGRAPHIC DISTRICT #22,NY,31858
3601087,CENTRAL VALLEY CSD AT ILION-MOHAWK,NY,2105
3601107,OPPENHEIM-EPHRATAH-ST. JOHNSVILLE CSD,NY,722
3601189,BOQUET VALLEY CSD,NY,396
3602310,GLENS FALLS COMMON SCHOOL DISTRICT,NY,141
3602340,SOUTH JEFFERSON CENTRAL SCHOOL DISTRICT,NY,1797
3602370,ADDISON CENTRAL SCHOOL DISTRICT,NY,1046
3602400,AFTON CENTRAL SCHOOL DISTRICT,NY,450
3602430,AKRON CENTRAL SCHOOL DISTRICT,NY,1258
3602460,ALBANY CITY SCHOOL DISTRICT,NY,8761
3602520,ALBION CENTRAL SCHOOL DISTRICT,NY,1767
3602550,ALDEN CENTRAL SCHOOL DISTRICT,NY,1481
3602580,ALEXANDER CENTRAL SCHOOL DISTRICT,NY,745
3602670,ALEXANDRIA CENTRAL SCHOOL DISTRICT,NY,465
3602700,ALFRED-ALMOND CENTRAL SCHOOL DISTRICT,NY,505
3602730,WINDSOR CENTRAL SCHOOL DISTRICT,NY,1589
3602820,ALTMAR-PARISH-WILLIAMSTOWN CENTRAL SCHOOL DISTRICT,NY,1043
3602880,AMAGANSETT UNION FREE SCHOOL DISTRICT,NY,112
3602920,AMHERST CENTRAL SCHOOL DISTRICT,NY,3033
3602940,AMITYVILLE UNION FREE SCHOOL DISTRICT,NY,2872
3602970,AMSTERDAM CITY SCHOOL DISTRICT,NY,3757
3603000,ANDES CENTRAL SCHOOL DISTRICT,NY,74
3603030,ANDOVER CENTRAL SCHOOL DISTRICT,NY,245
3603060,SCHENEVUS CENTRAL SCHOOL DISTRICT,NY,259
3603180,ARDSLEY UNION FREE SCHOOL DISTRICT,NY,2330
3603210,ARGYLE CENTRAL SCHOOL DISTRICT,NY,510
3603240,ARKPORT CENTRAL SCHOOL DISTRICT,NY,439
3603270,ARLINGTON CENTRAL SCHOOL DISTRICT,NY,7806
3603420,ATTICA CENTRAL SCHOOL DISTRICT,NY,1133
3603480,AUBURN CITY SCHOOL DISTRICT,NY,3975
3603630,AVOCA CENTRAL SCHOOL DISTRICT,NY,377
3603660,AVON CENTRAL SCHOOL DISTRICT,NY,915
3603720,BABYLON UNION FREE SCHOOL DISTRICT,NY,1509
3603810,BAINBRIDGE-GUILFORD CENTRAL SCHOOL DISTRICT,NY,809
3603840,BALDWIN UNION FREE SCHOOL DISTRICT,NY,4448
3603870,BALDWINSVILLE CENTRAL SCHOOL DISTRICT,NY,5465
3603930,BALLSTON SPA CENTRAL SCHOOL DISTRICT,NY,3851
3603960,BARKER CENTRAL SCHOOL DISTRICT,NY,689
3603990,BATAVIA CITY SCHOOL DISTRICT,NY,2230
3604050,BATH CENTRAL SCHOOL DISTRICT,NY,1419
3604080,BAY SHORE UNION FREE SCHOOL DISTRICT,NY,5874
3604110,BAYPORT-BLUE POINT UNION FREE SCHOOL DISTRICT,NY,1851
3604140,BEACON CITY SCHOOL DISTRICT,NY,2613
3604200,BEAVER RIVER CENTRAL SCHOOL DISTRICT,NY,871
3604290,BEEKMANTOWN CENTRAL SCHOOL DISTRICT,NY,2025
3604350,BELFAST CENTRAL SCHOOL DISTRICT,NY,328
3604370,BELLEVILLE-HENDERSON CENTRAL SCHOOL DISTRICT,NY,504
3604410,BELLMORE UNION FREE SCHOOL DISTRICT,NY,1138
3604530,BEMUS POINT CENTRAL SCHOOL DISTRICT,NY,583
3604620,BERLIN CENTRAL SCHOOL DISTRICT,NY,591
3604650,BERNE-KNOX-WESTERLO CENTRAL SCHOOL DISTRICT,NY,711
3604710,BETHLEHEM CENTRAL SCHOOL DISTRICT,NY,4115
3604740,BETHPAGE UNION FREE SCHOOL DISTRICT,NY,2976
3604757,GILBERTSVILLE-MOUNT UPTON CENTRAL SCHOOL DISTRICT,NY,336
3604758,KIRYAS JOEL VILLAGE UNION FREE SCHOOL DISTRICT,NY,117
3604870,BINGHAMTON CITY SCHOOL DISTRICT,NY,4784
3604920,EAST BLOOMFIELD CENTRAL SCHOOL DISTRICT,NY,760
3605010,BOLTON CENTRAL SCHOOL DISTRICT,NY,166
3605040,ADIRONDACK CENTRAL SCHOOL DISTRICT,NY,1186
3605220,BRADFORD CENTRAL SCHOOL DISTRICT,NY,257
3605280,BRENTWOOD UNION FREE SCHOOL DISTRICT,NY,18462
3605310,BREWSTER CENTRAL SCHOOL DISTRICT,NY,3030
3605340,BRIARCLIFF MANOR UNION FREE SCHOOL DISTRICT,NY,1336
3605370,BRIDGEHAMPTON UNION FREE SCHOOL DISTRICT,NY,185
3605460,BRIGHTON CENTRAL SCHOOL DISTRICT,NY,3461
3605520,BRUNSWICK CENTRAL SCHOOL DISTRICT (BRITTONKILL),NY,1108
3605580,BROCKPORT CENTRAL SCHOOL DISTRICT,NY,3341
3605610,BROCTON CENTRAL SCHOOL DISTRICT,NY,528
3605640,BRONXVILLE UNION FREE SCHOOL DISTRICT,NY,1570
3605670,BROOKFIELD CENTRAL SCHOOL DISTRICT,NY,203
3605820,BRUSHTON-MOIRA CENTRAL SCHOOL DISTRICT,NY,806
3605850,BUFFALO CITY SCHOOL DISTRICT,NY,30077
3605940,BURNT HILLS-BALLSTON LAKE CENTRAL SCHOOL DISTRICT,NY,3137
3606060,BYRAM HILLS CENTRAL SCHOOL DISTRICT,NY,2350
3606090,BYRON-BERGEN CENTRAL SCHOOL DISTRICT,NY,926
3606160,CAIRO-DURHAM CENTRAL SCHOOL DISTRICT,NY,1064
3606180,CALEDONIA-MUMFORD CENTRAL SCHOOL DISTRICT,NY,812
3606210,CAMBRIDGE CENTRAL SCHOOL DISTRICT,NY,787
3606240,CAMDEN CENTRAL SCHOOL DISTRICT,NY,2044
3606300,CANAJOHARIE CENTRAL SCHOOL DISTRICT,NY,869
3606330,CANANDAIGUA CITY SCHOOL DISTRICT,NY,3189
3606360,CANASERAGA CENTRAL SCHOOL DISTRICT,NY,205
3606390,CANASTOTA CENTRAL SCHOOL DISTRICT,NY,1240
3606420,CANDOR CENTRAL SCHOOL DISTRICT,NY,723
3606470,CANTON CENTRAL SCHOOL DISTRICT,NY,1067
3606500,SPACKENKILL UNION FREE SCHOOL DISTRICT,NY,1585
3606540,CARLE PLACE UNION FREE SCHOOL DISTRICT,NY,1294
3606570,CARMEL CENTRAL SCHOOL DISTRICT,NY,3696
3606630,CARTHAGE CENTRAL SCHOOL DISTRICT,NY,3183
3606660,CASSADAGA VALLEY CENTRAL SCHOOL DISTRICT,NY,817
3606690,CATO-MERIDIAN CENTRAL SCHOOL DISTRICT,NY,859
3606720,CATSKILL CENTRAL SCHOOL DISTRICT,NY,1255
3606780,CAZENOVIA CENTRAL SCHOOL DISTRICT,NY,1364
3606840,CENTER MORICHES UNION FREE SCHOOL DISTRICT,NY,1411
3606870,CENTRAL ISLIP UNION FREE SCHOOL DISTRICT,NY,7981
3606900,CENTRAL SQUARE CENTRAL SCHOOL DISTRICT,NY,3522
3606990,CHAPPAQUA CENTRAL SCHOOL DISTRICT,NY,3539
3607020,GRAND ISLAND CENTRAL SCHOOL DISTRICT,NY,2854
3607050,CHARLOTTE VALLEY CENTRAL SCHOOL DISTRICT,NY,322
3607080,CHATEAUGAY CENTRAL SCHOOL DISTRICT,NY,574
3607110,CHATHAM CENTRAL SCHOOL DISTRICT,NY,925
3607170,CHAZY UNION FREE SCHOOL DISTRICT,NY,463
3607230,CHEEKTOWAGA CENTRAL SCHOOL DISTRICT,NY,2373
3607260,CHENANGO FORKS CENTRAL SCHOOL DISTRICT,NY,1315
3607290,CHENANGO VALLEY CENTRAL SCHOOL DISTRICT,NY,1718
3607320,WESTHILL CENTRAL SCHOOL DISTRICT,NY,1735
3607380,CHESTER UNION FREE SCHOOL DISTRICT,NY,978
3607440,RANDOLPH ACADEMY UNION FREE SCHOOL DISTRICT,NY,153
3607470,CHITTENANGO CENTRAL SCHOOL DISTRICT,NY,1919
3607530,CHURCHVILLE-CHILI CENTRAL SCHOOL DISTRICT,NY,3851
3607560,CINCINNATUS CENTRAL SCHOOL DISTRICT,NY,491
3607590,CLARENCE CENTRAL SCHOOL DISTRICT,NY,4122
3607650,THOUSAND ISLANDS CENTRAL SCHOOL DISTRICT,NY,816
3607680,CLEVELAND HILL UNION FREE SCHOOL DISTRICT,NY,1437
3607710,CLIFTON-FINE CENTRAL SCHOOL DISTRICT,NY,247
3607770,CLINTON CENTRAL SCHOOL DISTRICT,NY,1226
3607860,CLYDE-SAVANNAH CENTRAL SCHOOL DISTRICT,NY,727
3607890,CLYMER CENTRAL SCHOOL DISTRICT,NY,340
3607980,COHOES CITY SCHOOL DISTRICT,NY,1903
3608010,COLD SPRING HARBOR CENTRAL SCHOOL DISTRICT,NY,1536
3608100,COLTON-PIERREPONT CENTRAL SCHOOL DISTRICT,NY,364
3608130,COMMACK UNION FREE SCHOOL DISTRICT,NY,5449
3608160,CONNETQUOT CENTRAL SCHOOL DISTRICT,NY,5326
3608250,COOPERSTOWN CENTRAL SCHOOL DISTRICT,NY,775
3608280,COPENHAGEN CENTRAL SCHOOL DISTRICT,NY,475
3608310,COPIAGUE UNION FREE SCHOOL DISTRICT,NY,4822
3608340,PEMBROKE CENTRAL SCHOOL DISTRICT,NY,900
3608370,CORINTH CENTRAL SCHOOL DISTRICT,NY,1065
3608400,CORNING CITY SCHOOL DISTRICT,NY,4381
3608430,CORNWALL CENTRAL SCHOOL DISTRICT,NY,3031
3608460,CORTLAND CITY SCHOOL DISTRICT,NY,1937
3608470,MOUNT PLEASANT-COTTAGE UNION FREE SCHOOL DISTRICT,NY,208
3608490,COXSACKIE-ATHENS CENTRAL SCHOOL DISTRICT,NY,1151
3608580,CROTON-HARMON UNION FREE SCHOOL DISTRICT,NY,1566
3608610,CROWN POINT CENTRAL SCHOOL DISTRICT,NY,320
3608790,DANSVILLE CENTRAL SCHOOL DISTRICT,NY,1356
3608850,DERUYTER CENTRAL SCHOOL DISTRICT,NY,315
3608880,DEER PARK UNION FREE SCHOOL DISTRICT,NY,4139
3608910,DELAWARE ACADEMY CENTRAL SCHOOL DISTRICT AT DELHI,NY,742
3608970,YORKSHIRE-PIONEER CENTRAL SCHOOL DISTRICT,NY,2170
3609030,DEPEW UNION FREE SCHOOL DISTRICT,NY,1903
3609060,DEPOSIT CENTRAL SCHOOL DISTRICT,NY,513
3609090,JAMESVILLE-DEWITT CENTRAL SCHOOL DISTRICT,NY,2461
3609120,DOBBS FERRY UNION FREE SCHOOL DISTRICT,NY,1499
3609210,DOVER UNION FREE SCHOOL DISTRICT,NY,1344
3609240,DOWNSVILLE CENTRAL SCHOOL DISTRICT,NY,229
3609330,DRYDEN CENTRAL SCHOOL DISTRICT,NY,1352
3609360,DUANESBURG CENTRAL SCHOOL DISTRICT,NY,662
3609390,DUNDEE CENTRAL SCHOOL DISTRICT,NY,614
3609420,DUNKIRK CITY SCHOOL DISTRICT,NY,1980
3609540,EAST AURORA UNION FREE SCHOOL DISTRICT,NY,1771
3609630,EAST GREENBUSH CENTRAL SCHOOL DISTRICT,NY,4155
3609660,EAST HAMPTON UNION FREE SCHOOL DISTRICT,NY,1766
3609690,EAST IRONDEQUOIT CENTRAL SCHOOL DISTRICT,NY,2809
3609720,EAST ISLIP UNION FREE SCHOOL DISTRICT,NY,3406
3609840,EAST MEADOW UNION FREE SCHOOL DISTRICT,NY,7949
3609870,EAST MORICHES UNION FREE SCHOOL DISTRICT,NY,626
3609900,EAST QUOGUE UNION FREE SCHOOL DISTRICT,NY,388
3609930,EAST ROCHESTER UNION FREE SCHOOL DISTRICT,NY,948
3609960,EAST ROCKAWAY UNION FREE SCHOOL DISTRICT,NY,1130
3609990,EAST SYRACUSE MINOA CENTRAL SCHOOL DISTRICT,NY,3512
3610050,EAST WILLISTON UNION FREE SCHOOL DISTRICT,NY,1582
3610080,EASTCHESTER UNION FREE SCHOOL DISTRICT,NY,2933
3610140,GREENBURGH ELEVEN UNION FREE SCHOOL DISTRICT,NY,81
3610170,EDEN CENTRAL SCHOOL DISTRICT,NY,1298
3610200,EDGEMONT UNION FREE SCHOOL DISTRICT,NY,1844
3610230,EDINBURG COMMON SCHOOL DISTRICT,NY,53
3610260,EDMESTON CENTRAL SCHOOL DISTRICT,NY,405
3610380,ELBA CENTRAL SCHOOL DISTRICT,NY,416
3610410,ELDRED CENTRAL SCHOOL DISTRICT,NY,467
3610500,ELLENVILLE CENTRAL SCHOOL DISTRICT,NY,1510
3610530,ELLICOTTVILLE CENTRAL SCHOOL DISTRICT,NY,526
3610560,ELMIRA CITY SCHOOL DISTRICT,NY,5441
3610590,ELMIRA HEIGHTS CENTRAL SCHOOL DISTRICT,NY,1051
3610620,ELMONT UNION FREE SCHOOL DISTRICT,NY,3425
3610650,ELMSFORD UNION FREE SCHOOL DISTRICT,NY,1045
3610680,ELWOOD UNION FREE SCHOOL DISTRICT,NY,1948
3610710,UNION-ENDICOTT CENTRAL SCHOOL DISTRICT,NY,3680
3610860,FABIUS-POMPEY CENTRAL SCHOOL DISTRICT,NY,659
3610890,FAIRPORT CENTRAL SCHOOL DISTRICT,NY,5269
3610920,FALCONER CENTRAL SCHOOL DISTRICT,NY,1082
3610950,FALLSBURG CENTRAL SCHOOL DISTRICT,NY,1592
3610980,FARMINGDALE UNION FREE SCHOOL DISTRICT,NY,5267
3611070,FILLMORE CENTRAL SCHOOL DISTRICT,NY,624
3611100,FISHERS ISLAND UNION FREE SCHOOL DISTRICT,NY,56
3611160,FLORAL PARK-BELLEROSE UNION FREE SCHOOL DISTRICT,NY,1584
3611190,FONDA-FULTONVILLE CENTRAL SCHOOL DISTRICT,NY,1275
3611250,FORESTVILLE CENTRAL SCHOOL DISTRICT,NY,413
3611280,FORT ANN CENTRAL SCHOOL DISTRICT,NY,475
3611310,FORT EDWARD UNION FREE SCHOOL DISTRICT,NY,374
3611370,FORT PLAIN CENTRAL SCHOOL DISTRICT,NY,695
3611400,FRANKFORT-SCHUYLER CENTRAL SCHOOL DISTRICT,NY,878
3611430,FRANKLIN CENTRAL SCHOOL DISTRICT,NY,220
3611460,FRANKLIN SQUARE UNION FREE SCHOOL DISTRICT,NY,1889
3611490,FRANKLINVILLE CENTRAL SCHOOL DISTRICT,NY,654
3611520,FREDONIA CENTRAL SCHOOL DISTRICT,NY,1512
3611550,FREEPORT UNION FREE SCHOOL DISTRICT,NY,6259
3611610,FREWSBURG CENTRAL SCHOOL DISTRICT,NY,753
3611640,FRIENDSHIP CENTRAL SCHOOL DISTRICT,NY,285
3611670,FRONTIER CENTRAL SCHOOL DISTRICT,NY,4549
3611700,FULTON CITY SCHOOL DISTRICT,NY,3159
3611730,GALWAY CENTRAL SCHOOL DISTRICT,NY,848
3611740,GANANDA CENTRAL SCHOOL DISTRICT,NY,875
3611760,GARDEN CITY UNION FREE SCHOOL DISTRICT,NY,4064
3611860,GARRISON UNION FREE SCHOOL DISTRICT,NY,208
3611880,GATES CHILI CENTRAL SCHOOL DISTRICT,NY,3799
3611910,GENERAL BROWN CENTRAL SCHOOL DISTRICT,NY,1374
3611940,GENESEO CENTRAL SCHOOL DISTRICT,NY,897
3611970,GENEVA CITY SCHOOL DISTRICT,NY,2059
3612030,GERMANTOWN CENTRAL SCHOOL DISTRICT,NY,463
3612120,GILBOA-CONESVILLE CENTRAL SCHOOL DISTRICT,NY,262
3612180,GLEN COVE CITY SCHOOL DISTRICT,NY,3221
3612240,GLENS FALLS CITY SCHOOL DISTRICT,NY,2025
3612270,GLOVERSVILLE CITY SCHOOL DISTRICT,NY,2582
3612300,GORHAM-MIDDLESEX CENTRAL SCHOOL DISTRICT (MARCUS WHITMAN),NY,1091
3612330,GOSHEN CENTRAL SCHOOL DISTRICT,NY,2825
3612360,GOUVERNEUR CENTRAL SCHOOL DISTRICT,NY,1428
3612390,GOWANDA CENTRAL SCHOOL DISTRICT,NY,1097
3612400,GREENBURGH-GRAHAM UNION FREE SCHOOL DISTRICT,NY,105
3612450,GRANVILLE CENTRAL SCHOOL DISTRICT,NY,1004
3612510,GREAT NECK UNION FREE SCHOOL DISTRICT,NY,6837
3612630,GREECE CENTRAL SCHOOL DISTRICT,NY,10046
3612660,GREEN ISLAND UNION FREE SCHOOL DISTRICT,NY,231
3612720,GREENBURGH CENTRAL SCHOOL DISTRICT,NY,1645
3612750,GREENE CENTRAL SCHOOL DISTRICT,NY,932
3612840,GREENPORT UNION FREE SCHOOL DISTRICT,NY,695
3612870,GREENVILLE CENTRAL SCHOOL DISTRICT,NY,1071
3612900,GREENWICH CENTRAL SCHOOL DISTRICT,NY,883
3612960,GREENWOOD LAKE UNION FREE SCHOOL DISTRICT,NY,430
3612990,SPRINGVILLE-GRIFFITH INSTITUTE CENTRAL SCHOOL DISTRICT,NY,1610
3613020,GROTON CENTRAL SCHOOL DISTRICT,NY,801
3613080,GUILDERLAND CENTRAL SCHOOL DISTRICT,NY,4955
3613110,HADLEY-LUZERNE CENTRAL SCHOOL DISTRICT,NY,635
3613230,HALDANE CENTRAL SCHOOL DISTRICT,NY,782
3613290,HALF HOLLOW HILLS CENTRAL SCHOOL DISTRICT,NY,7302
3613350,HAMBURG CENTRAL SCHOOL DISTRICT,NY,3361
3613380,HAMILTON CENTRAL SCHOOL DISTRICT,NY,553
3613440,HAMMOND CENTRAL SCHOOL DISTRICT,NY,237
3613470,HAMMONDSPORT CENTRAL SCHOOL DISTRICT,NY,402
3613530,HAMPTON BAYS UNION FREE SCHOOL DISTRICT,NY,2036
3613560,HANCOCK CENTRAL SCHOOL DISTRICT,NY,299
3613590,HANNIBAL CENTRAL SCHOOL DISTRICT,NY,1254
3613620,HARBORFIELDS CENTRAL SCHOOL DISTRICT,NY,2804
3613710,HARPURSVILLE CENTRAL SCHOOL DISTRICT,NY,614
3613740,HARRISON CENTRAL SCHOOL DISTRICT,NY,3812
3613770,HARRISVILLE CENTRAL SCHOOL DISTRICT,NY,312
3613830,HARTFORD CENTRAL SCHOOL DISTRICT,NY,361
3613950,HASTINGS-ON-HUDSON UNION FREE SCHOOL DISTRICT,NY,1604
3613980,HAUPPAUGE UNION FREE SCHOOL DISTRICT,NY,3165
3614010,HAVERSTRAW-STONY POINT CSD (NORTH ROCKLAND),NY,8396
3614070,HAWTHORNE-CEDAR KNOLLS UNION FREE SCHOOL DISTRICT,NY,127
3614130,HEMPSTEAD UNION FREE SCHOOL DISTRICT,NY,5677
3614190,HENDRICK HUDSON CENTRAL SCHOOL DISTRICT,NY,2225
3614220,HERKIMER CENTRAL SCHOOL DISTRICT,NY,1136
3614250,HERMON-DEKALB CENTRAL SCHOOL DISTRICT,NY,381
3614280,HERRICKS UNION FREE SCHOOL DISTRICT,NY,4276
3614310,HEUVELTON CENTRAL SCHOOL DISTRICT,NY,533
3614340,HICKSVILLE UNION FREE SCHOOL DISTRICT,NY,5356
3614400,HIGHLAND CENTRAL SCHOOL DISTRICT,NY,1563
3614430,HIGHLAND FALLS CENTRAL SCHOOL DISTRICT,NY,1007
3614460,HILTON CENTRAL SCHOOL DISTRICT,NY,4169
3614490,HINSDALE CENTRAL SCHOOL DISTRICT,NY,369
3614550,HOLLAND CENTRAL SCHOOL DISTRICT,NY,771
3614580,HOLLAND PATENT CENTRAL SCHOOL DISTRICT,NY,1266
3614610,HOLLEY CENTRAL SCHOOL DISTRICT,NY,955
3614640,HOMER CENTRAL SCHOOL DISTRICT,NY,1873
3614670,HONEOYE CENTRAL SCHOOL DISTRICT,NY,568
3614700,HONEOYE FALLS-LIMA CENTRAL SCHOOL DISTRICT,NY,2083
3614730,HOOSIC VALLEY CENTRAL SCHOOL DISTRICT,NY,850
3614760,HOOSICK FALLS CENTRAL SCHOOL DISTRICT,NY,1086
3614820,HORNELL CITY SCHOOL DISTRICT,NY,1505
3614850,HORSEHEADS CENTRAL SCHOOL DISTRICT,NY,3790
3614880,SACKETS HARBOR CENTRAL SCHOOL DISTRICT,NY,418
3614940,HUDSON CITY SCHOOL DISTRICT,NY,1555
3614970,HUDSON FALLS CENTRAL SCHOOL DISTRICT,NY,2140
3615030,GEORGE JUNIOR REPUBLIC UNION FREE SCHOOL DISTRICT,NY,107
3615060,HUNTER-TANNERSVILLE CENTRAL SCHOOL DISTRICT,NY,333
3615090,HUNTINGTON UNION FREE SCHOOL DISTRICT,NY,4079
3615180,HYDE PARK CENTRAL SCHOOL DISTRICT,NY,3485
3615210,KINDERHOOK CENTRAL SCHOOL DISTRICT,NY,1698
3615270,INDIAN LAKE CENTRAL SCHOOL DISTRICT,NY,129
3615300,INDIAN RIVER CENTRAL SCHOOL DISTRICT,NY,3417
3615360,IROQUOIS CENTRAL SCHOOL DISTRICT,NY,2098
3615390,WEST IRONDEQUOIT CENTRAL SCHOOL DISTRICT,NY,3699
3615450,IRVINGTON UNION FREE SCHOOL DISTRICT,NY,1722
3615480,ISLAND PARK UNION FREE SCHOOL DISTRICT,NY,739
3615510,ISLAND TREES UNION FREE SCHOOL DISTRICT,NY,2322
3615540,ISLIP UNION FREE SCHOOL DISTRICT,NY,2701
3615570,ITHACA CITY SCHOOL DISTRICT,NY,5133
3615630,JAMESTOWN CITY SCHOOL DISTRICT,NY,4439
3615720,JEFFERSON CENTRAL SCHOOL DISTRICT,NY,161
3615780,BROOKHAVEN-COMSEWOGUE UNION FREE SCHOOL DISTRICT,NY,3494
3615810,JERICHO UNION FREE SCHOOL DISTRICT,NY,3242
3615870,JOHNSBURG CENTRAL SCHOOL DISTRICT,NY,255
3615900,JOHNSON CITY CENTRAL SCHOOL DISTRICT,NY,2374
3615980,JOHNSTOWN CITY SCHOOL DISTRICT,NY,1544
3615990,JORDAN-ELBRIDGE CENTRAL SCHOOL DISTRICT,NY,1179
3616080,KATONAH-LEWISBORO UNION FREE SCHOOL DISTRICT,NY,2802
3616140,KEENE CENTRAL SCHOOL DISTRICT,NY,173
3616170,AUSABLE VALLEY CENTRAL SCHOOL DISTRICT,NY,1105
3616200,KENDALL CENTRAL SCHOOL DISTRICT,NY,694
3616230,KENMORE-TONAWANDA UNION FREE SCHOOL DISTRICT,NY,6505
3616260,KINGS PARK CENTRAL SCHOOL DISTRICT,NY,2694
3616290,KINGSTON CITY SCHOOL DISTRICT,NY,6236
3616380,LA FARGEVILLE CENTRAL SCHOOL DISTRICT,NY,459
3616410,LAFAYETTE CENTRAL SCHOOL DISTRICT,NY,781
3616440,LACKAWANNA CITY SCHOOL DISTRICT,NY,2186
3616470,LAKE GEORGE CENTRAL SCHOOL DISTRICT,NY,606
3616500,LAKE PLACID CENTRAL SCHOOL DISTRICT,NY,558
3616530,LAKE PLEASANT CENTRAL SCHOOL DISTRICT,NY,67
3616560,EVANS-BRANT CENTRAL SCHOOL DISTRICT (LAKE SHORE),NY,2108
3616620,LAKELAND CENTRAL SCHOOL DISTRICT,NY,5270
3616680,LANCASTER CENTRAL SCHOOL DISTRICT,NY,5434
3616710,LANSING CENTRAL SCHOOL DISTRICT,NY,1145
3616740,LANSINGBURGH CENTRAL SCHOOL DISTRICT,NY,2117
3616800,LAURENS CENTRAL SCHOOL DISTRICT,NY,298
3616830,LAWRENCE UNION FREE SCHOOL DISTRICT,NY,2192
3616950,LE ROY CENTRAL SCHOOL DISTRICT,NY,1131
3616960,NORTH WARREN CENTRAL SCHOOL DISTRICT,NY,472
3616980,NORTH ROSE-WOLCOTT CENTRAL SCHOOL DISTRICT,NY,1099
3617130,LETCHWORTH CENTRAL SCHOOL DISTRICT,NY,872
3617160,LEVITTOWN UNION FREE SCHOOL DISTRICT,NY,7163
3617190,LEWISTON-PORTER CENTRAL SCHOOL DISTRICT,NY,1958
3617220,LIBERTY CENTRAL SCHOOL DISTRICT,NY,1826
3617380,LINDENHURST UNION FREE SCHOOL DISTRICT,NY,5635
3617400,LITTLE FLOWER UNION FREE SCHOOL DISTRICT,NY,93
3617430,LISBON CENTRAL SCHOOL DISTRICT,NY,559
3617460,LITTLE FALLS CITY SCHOOL DISTRICT,NY,1038
3617520,LIVERPOOL CENTRAL SCHOOL DISTRICT,NY,6728
3617580,LIVINGSTON MANOR CENTRAL SCHOOL DISTRICT,NY,412
3617640,LIVONIA CENTRAL SCHOOL DISTRICT,NY,1346
3617670,LOCKPORT CITY SCHOOL DISTRICT,NY,4280
3617700,LOCUST VALLEY CENTRAL SCHOOL DISTRICT,NY,1822
3617730,LONG BEACH CITY SCHOOL DISTRICT,NY,3521
3617760,LONG LAKE CENTRAL SCHOOL DISTRICT,NY,59
3617820,LOWVILLE ACADEMY & CENTRAL SCHOOL DISTRICT,NY,1292
3617880,LYME CENTRAL SCHOOL DISTRICT,NY,347
3617910,LYNBROOK UNION FREE SCHOOL DISTRICT,NY,2753
3617940,LYNCOURT UNION FREE SCHOOL DISTRICT,NY,434
3617970,LYNDONVILLE CENTRAL SCHOOL DISTRICT,NY,632
3618030,LYONS CENTRAL SCHOOL DISTRICT,NY,964
3618080,MADISON CENTRAL SCHOOL DISTRICT,NY,426
3618090,MADRID-WADDINGTON CENTRAL SCHOOL DISTRICT,NY,624
3618120,MAHOPAC CENTRAL SCHOOL DISTRICT,NY,3863
3618150,MAINE-ENDWELL CENTRAL SCHOOL DISTRICT,NY,2589
3618180,MALONE CENTRAL SCHOOL DISTRICT,NY,2134
3618210,MALVERNE UNION FREE SCHOOL DISTRICT,NY,1906
3618240,MAMARONECK UNION FREE SCHOOL DISTRICT,NY,5545
3618270,MANHASSET UNION FREE SCHOOL DISTRICT,NY,3027
3618330,FAYETTEVILLE-MANLIUS CENTRAL SCHOOL DISTRICT,NY,4138
3618450,MARATHON CENTRAL SCHOOL DISTRICT,NY,708
3618480,MARCELLUS CENTRAL SCHOOL DISTRICT,NY,1427
3618510,MARGARETVILLE CENTRAL SCHOOL DISTRICT,NY,320
3618540,MARION CENTRAL SCHOOL DISTRICT,NY,633
3618570,MARLBORO CENTRAL SCHOOL DISTRICT,NY,1888
3618600,CHEEKTOWAGA-MARYVALE UNION FREE SCHOOL DISTRICT,NY,2314
3618630,MASSAPEQUA UNION FREE SCHOOL DISTRICT,NY,6522
3618660,MASSENA CENTRAL SCHOOL DISTRICT,NY,2499
3618690,WILLIAM FLOYD UNION FREE SCHOOL DISTRICT,NY,9670
3618750,MAYFIELD CENTRAL SCHOOL DISTRICT,NY,843
3618840,MCGRAW CENTRAL SCHOOL DISTRICT,NY,514
3618900,MECHANICVILLE CITY SCHOOL DISTRICT,NY,1353
3618960,MEDINA CENTRAL SCHOOL DISTRICT,NY,1393
3618990,MENANDS UNION FREE SCHOOL DISTRICT,NY,276
3619020,BELLMORE-MERRICK CENTRAL HIGH SCHOOL DISTRICT,NY,5321
3619110,MERRICK UNION FREE SCHOOL DISTRICT,NY,1686
3619170,MEXICO CENTRAL SCHOOL DISTRICT,NY,2126
3619200,MIDDLE COUNTRY CENTRAL SCHOOL DISTRICT,NY,9545
3619230,LONGWOOD CENTRAL SCHOOL DISTRICT,NY,9029
3619260,MIDDLEBURGH CENTRAL SCHOOL DISTRICT,NY,639
3619320,MIDDLETOWN CITY SCHOOL DISTRICT,NY,7397
3619350,MILFORD CENTRAL SCHOOL DISTRICT,NY,343
3619380,MILLBROOK CENTRAL SCHOOL DISTRICT,NY,782
3619410,MILLER PLACE UNION FREE SCHOOL DISTRICT,NY,2238
3619500,MINEOLA UNION FREE SCHOOL DISTRICT,NY,2837
3619530,MINERVA CENTRAL SCHOOL DISTRICT,NY,104
3619560,MINISINK VALLEY CENTRAL SCHOOL DISTRICT,NY,3584
3619650,MONROE-WOODBURY CENTRAL SCHOOL DISTRICT,NY,6506
3619680,VALLEY CENTRAL SCHOOL DISTRICT (MONTGOMERY),NY,4286
3619710,MONTAUK UNION FREE SCHOOL DISTRICT,NY,416
3619740,MONTICELLO CENTRAL SCHOOL DISTRICT,NY,2848
3619800,MORAVIA CENTRAL SCHOOL DISTRICT,NY,885
3619830,MORIAH CENTRAL SCHOOL DISTRICT,NY,685
3619860,MORRIS CENTRAL SCHOOL DISTRICT,NY,327
3619890,MORRISTOWN CENTRAL SCHOOL DISTRICT,NY,318
3619920,MORRISVILLE-EATON CENTRAL SCHOOL DISTRICT,NY,617
3619950,BEDFORD CENTRAL SCHOOL DISTRICT,NY,3545
3620010,MOUNT MORRIS CENTRAL SCHOOL DISTRICT,NY,572
3620040,MOUNT SINAI UNION FREE SCHOOL DISTRICT,NY,2006
3620100,MOUNT VERNON SCHOOL DISTRICT,NY,6815
3620160,MOUNT PLEASANT CENTRAL SCHOOL DISTRICT,NY,1958
3620170,MOUNT PLEASANT-BLYTHEDALE UNION FREE SCHOOL DISTRICT,NY,133
3620190,NANUET UNION FREE SCHOOL DISTRICT,NY,2144
3620220,NAPLES CENTRAL SCHOOL DISTRICT,NY,582
3620340,CLARKSTOWN CENTRAL SCHOOL DISTRICT,NY,8188
3620370,NEW HARTFORD CENTRAL SCHOOL DISTRICT,NY,2552
3620400,NEW HYDE PARK-GARDEN CITY PARK UNION FREE SCHOOL DISTRICT,NY,1555
3620430,NEW LEBANON CENTRAL SCHOOL DISTRICT,NY,413
3620460,NEW PALTZ CENTRAL SCHOOL DISTRICT,NY,1714
3620490,NEW ROCHELLE CITY SCHOOL DISTRICT,NY,9895
3620610,NEW YORK MILLS UNION FREE SCHOOL DISTRICT,NY,564
3620640,NEWARK CENTRAL SCHOOL DISTRICT,NY,1911
3620670,NEWARK VALLEY CENTRAL SCHOOL DISTRICT,NY,1001
3620700,NEWBURGH CITY SCHOOL DISTRICT,NY,11076
3620730,NEWCOMB CENTRAL SCHOOL DISTRICT,NY,49
3620760,NEWFANE CENTRAL SCHOOL DISTRICT,NY,1319
3620790,NEWFIELD CENTRAL SCHOOL DISTRICT,NY,672
3620820,NIAGARA FALLS CITY SCHOOL DISTRICT,NY,6916
3620850,NIAGARA-WHEATFIELD CENTRAL SCHOOL DISTRICT,NY,3217
3620880,NISKAYUNA CENTRAL SCHOOL DISTRICT,NY,4350
3620910,NORTH BABYLON UNION FREE SCHOOL DISTRICT,NY,4735
3620940,NORTH BELLMORE UNION FREE SCHOOL DISTRICT,NY,2261
3620970,NORTH COLLINS CENTRAL SCHOOL DISTRICT,NY,577
3621000,NORTH COLONIE CSD,NY,6159
3621120,NORTH MERRICK UNION FREE SCHOOL DISTRICT,NY,1233
3621180,NORTH SALEM CENTRAL SCHOOL DISTRICT,NY,937
3621210,NORTH SYRACUSE CENTRAL SCHOOL DISTRICT,NY,7933
3621240,NORTH TONAWANDA CITY SCHOOL DISTRICT,NY,3190
3621250,NORTHEASTERN CLINTON CENTRAL SCHOOL DISTRICT,NY,1254
3621260,NORTHERN ADIRONDACK CENTRAL SCHOOL DISTRICT,NY,823
3621270,NORTHPORT-EAST NORTHPORT UNION FREE SCHOOL DISTRICT,NY,4346
3621300,NORTHVILLE CENTRAL SCHOOL DISTRICT,NY,430
3621330,NORWICH CITY SCHOOL DISTRICT,NY,1639
3621360,NORWOOD-NORFOLK CENTRAL SCHOOL DISTRICT,NY,930
3621450,DALTON-NUNDA CENTRAL SCHOOL DISTRICT (KESHEQUA),NY,548
3621480,NYACK UNION FREE SCHOOL DISTRICT,NY,2917
3621510,OAKFIELD-ALABAMA CENTRAL SCHOOL DISTRICT,NY,698
3621540,FIRE ISLAND UNION FREE SCHOOL DISTRICT,NY,35
3621570,OCEANSIDE UNION FREE SCHOOL DISTRICT,NY,5502
3621630,ODESSA-MONTOUR CENTRAL SCHOOL DISTRICT,NY,687
3621660,OGDENSBURG CITY SCHOOL DISTRICT,NY,1358
3621720,OLEAN CITY SCHOOL DISTRICT,NY,1883
3621780,ONEONTA CITY SCHOOL DISTRICT,NY,1702
3621810,ONONDAGA CENTRAL SCHOOL DISTRICT,NY,804
3621840,ONTEORA CENTRAL SCHOOL DISTRICT,NY,1089
3621900,ORCHARD PARK CENTRAL SCHOOL DISTRICT,NY,4835
3621930,OYSTERPONDS UNION FREE SCHOOL DISTRICT,NY,86
3621960,ORISKANY CENTRAL SCHOOL DISTRICT,NY,595
3622020,OSSINING UNION FREE SCHOOL DISTRICT,NY,5046
3622050,OSWEGO CITY SCHOOL DISTRICT,NY,3519
3622100,OTSELIC VALLEY CSD,NY,278
3622140,SOUTH SENECA CENTRAL SCHOOL DISTRICT,NY,651
3622170,OWEGO-APALACHIN CENTRAL SCHOOL DISTRICT,NY,2003
3622200,VAN HORNESVILLE-OWEN D YOUNG CENTRAL SCHOOL DISTRICT,NY,162
3622260,OXFORD ACADEMY AND CENTRAL SCHOOL DISTRICT,NY,719
3622290,OYSTER BAY-EAST NORWICH CENTRAL SCHOOL DISTRICT,NY,1355
3622380,PALMYRA-MACEDON CENTRAL SCHOOL DISTRICT,NY,1665
3622410,PANAMA CENTRAL SCHOOL DISTRICT,NY,416
3622440,PARISHVILLE-HOPKINTON CENTRAL SCHOOL DISTRICT,NY,342
3622470,PATCHOGUE-MEDFORD UNION FREE SCHOOL DISTRICT,NY,7704
3622500,PAVILION CENTRAL SCHOOL DISTRICT,NY,646
3622530,PAWLING CENTRAL SCHOOL DISTRICT,NY,1097
3622560,PEARL RIVER UNION FREE SCHOOL DISTRICT,NY,2240
3622650,PEEKSKILL CITY SCHOOL DISTRICT,NY,3884
3622680,PELHAM UNION FREE SCHOOL DISTRICT,NY,2833
3622710,PENFIELD CENTRAL SCHOOL DISTRICT,NY,4721
3622740,PENN YAN CENTRAL SCHOOL DISTRICT,NY,1298
3622770,PERRY CENTRAL SCHOOL DISTRICT,NY,759
3622830,PERU CENTRAL SCHOOL DISTRICT,NY,1807
3622890,PHELPS-CLIFTON SPRINGS CENTRAL SCHOOL DISTRICT,NY,1479
3622920,PHOENIX CENTRAL SCHOOL DISTRICT,NY,1619
3623010,PINE BUSH CENTRAL SCHOOL DISTRICT,NY,4836
3623040,PINE PLAINS CENTRAL SCHOOL DISTRICT,NY,798
3623070,PINE VALLEY CENTRAL SCHOOL DISTRICT (SOUTH DAYTON),NY,527
3623160,PITTSFORD CENTRAL SCHOOL DISTRICT,NY,5571
3623190,PLAINEDGE UNION FREE SCHOOL DISTRICT,NY,2961
3623220,PLAINVIEW-OLD BETHPAGE CENTRAL SCHOOL DISTRICT,NY,5438
3623280,PLATTSBURGH CITY SCHOOL DISTRICT,NY,1855
3623310,PLEASANTVILLE UNION FREE SCHOOL DISTRICT,NY,1582
3623340,POCANTICO HILLS CENTRAL SCHOOL DISTRICT,NY,327
3623370,POLAND CENTRAL SCHOOL DISTRICT,NY,533
3623430,PORT BYRON CENTRAL SCHOOL DISTRICT,NY,820
3623460,PORT CHESTER-RYE UNION FREE SCHOOL DISTRICT,NY,4464
3623490,PORT JEFFERSON UNION FREE SCHOOL DISTRICT,NY,918
3623520,PORT JERVIS CITY SCHOOL DISTRICT,NY,2412
3623580,PORT WASHINGTON UNION FREE SCHOOL DISTRICT,NY,5348
3623640,PORTVILLE CENTRAL SCHOOL DISTRICT,NY,988
3623670,POTSDAM CENTRAL SCHOOL DISTRICT,NY,1325
3623760,POUGHKEEPSIE CITY SCHOOL DISTRICT,NY,3887
3623790,PRATTSBURGH CENTRAL SCHOOL DISTRICT,NY,357
3623880,PULASKI CENTRAL SCHOOL DISTRICT,NY,950
3623970,PUTNAM CENTRAL SCHOOL DISTRICT,NY,28
3624000,PUTNAM VALLEY CENTRAL SCHOOL DISTRICT,NY,1515
3624030,QUEENSBURY UNION FREE SCHOOL DISTRICT,NY,3060
3624060,QUOGUE UNION FREE SCHOOL DISTRICT,NY,87
3624090,RANDOLPH CENTRAL SCHOOL DISTRICT,NY,832
3624150,RAVENA-COEYMANS-SELKIRK CENTRAL SCHOOL DISTRICT,NY,1759
3624210,RED CREEK CENTRAL SCHOOL DISTRICT,NY,805
3624240,RED HOOK CENTRAL SCHOOL DISTRICT,NY,1596
3624270,MANCHESTER-SHORTSVILLE CENTRAL SCHOOL DISTRICT (RED JACKET),NY,738
3624360,REMSEN CENTRAL SCHOOL DISTRICT,NY,423
3624420,REMSENBURG-SPEONK UNION FREE SCHOOL DISTRICT,NY,120
3624450,RENSSELAER CITY SCHOOL DISTRICT,NY,1013
3624480,RHINEBECK CENTRAL SCHOOL DISTRICT,NY,942
3624570,RICHFIELD SPRINGS CENTRAL SCHOOL DISTRICT,NY,431
3624630,BLIND BROOK-RYE UNION FREE SCHOOL DISTRICT,NY,1302
3624660,RIPLEY CENTRAL SCHOOL DISTRICT,NY,150
3624690,RIVERHEAD CENTRAL SCHOOL DISTRICT,NY,5753
3624750,ROCHESTER CITY SCHOOL DISTRICT,NY,21990
3624780,ROCKVILLE CENTRE UNION FREE SCHOOL DISTRICT,NY,3311
3624840,ROCKY POINT UNION FREE SCHOOL DISTRICT,NY,2633
3624900,ROME CITY SCHOOL DISTRICT,NY,5366
3624930,ROMULUS CENTRAL SCHOOL DISTRICT,NY,440
3624960,RONDOUT VALLEY CENTRAL SCHOOL DISTRICT,NY,1722
3624990,ROOSEVELT UNION FREE SCHOOL DISTRICT,NY,3255
3625020,ROSCOE CENTRAL SCHOOL DISTRICT,NY,206
3625050,ROSLYN UNION FREE SCHOOL DISTRICT,NY,3329
3625110,ROXBURY CENTRAL SCHOOL DISTRICT,NY,233
3625140,ROYALTON-HARTLAND CENTRAL SCHOOL DISTRICT,NY,1153
3625170,RUSH-HENRIETTA CENTRAL SCHOOL DISTRICT,NY,5726
3625260,RYE CITY SCHOOL DISTRICT,NY,2803
3625290,RYE NECK UNION FREE SCHOOL DISTRICT,NY,1437
3625320,FLORIDA UNION FREE SCHOOL DISTRICT,NY,749
3625350,SACHEM CENTRAL SCHOOL DISTRICT,NY,11697
3625380,SAG HARBOR UNION FREE SCHOOL DISTRICT,NY,942
3625410,SAGAPONACK COMMON SCHOOL DISTRICT,NY,17
3625440,SALAMANCA CITY SCHOOL DISTRICT,NY,1401
3625470,SALEM CENTRAL SCHOOL DISTRICT,NY,537
3625500,SALMON RIVER CENTRAL SCHOOL DISTRICT,NY,1378
3625650,SANDY CREEK CENTRAL SCHOOL DISTRICT,NY,801
3625740,SARANAC LAKE CENTRAL SCHOOL DISTRICT,NY,1041
3625770,SARATOGA SPRINGS CITY SD,NY,5810
3625800,SAUGERTIES CENTRAL SCHOOL DISTRICT,NY,2347
3625920,SAYVILLE UNION FREE SCHOOL DISTRICT,NY,2603
3625950,SCARSDALE UNION FREE SCHOOL DISTRICT,NY,4713
3625980,SCHALMONT CENTRAL SCHOOL DISTRICT,NY,1772
3626010,SCHENECTADY CITY SCHOOL DISTRICT,NY,9117
3626070,SCHODACK CENTRAL SCHOOL DISTRICT,NY,870
3626100,SCHOHARIE CENTRAL SCHOOL DISTRICT,NY,830
3626130,SCHROON LAKE CENTRAL SCHOOL DISTRICT,NY,231
3626160,SCHUYLERVILLE CENTRAL SCHOOL DISTRICT,NY,1325
3626190,SCIO CENTRAL SCHOOL DISTRICT,NY,285
3626310,SCOTIA-GLENVILLE CENTRAL SCHOOL DISTRICT,NY,2159
3626370,NORTH SHORE CENTRAL SCHOOL DISTRICT,NY,2568
3626400,SEAFORD UNION FREE SCHOOL DISTRICT,NY,2210
3626430,SENECA FALLS CENTRAL SCHOOL DISTRICT,NY,1215
3626520,SEWANHAKA CENTRAL HIGH SCHOOL DISTRICT,NY,7829
3626580,SHARON SPRINGS CENTRAL SCHOOL DISTRICT,NY,281
3626640,SHELTER ISLAND UNION FREE SCHOOL DISTRICT,NY,184
3626670,SHENENDEHOWA CENTRAL SCHOOL DISTRICT,NY,9391
3626700,SHERBURNE-EARLVILLE CENTRAL SCHOOL DISTRICT,NY,1307
3626730,SHERMAN CENTRAL SCHOOL DISTRICT,NY,414
3626760,SHERRILL CITY SCHOOL DISTRICT,NY,1863
3626840,SHOREHAM-WADING RIVER CENTRAL SCHOOL DISTRICT,NY,1932
3626850,SIDNEY CENTRAL SCHOOL DISTRICT,NY,1031
3626880,SILVER CREEK CENTRAL SCHOOL DISTRICT,NY,954
3626940,SKANEATELES CENTRAL SCHOOL DISTRICT,NY,1226
3627000,CHEEKTOWAGA-SLOAN UNION FREE SCHOOL DISTRICT,NY,1334
3627060,SMITHTOWN CENTRAL SCHOOL DISTRICT,NY,7540
3627120,SODUS CENTRAL SCHOOL DISTRICT,NY,1058
3627150,SOLVAY UNION FREE SCHOOL DISTRICT,NY,1321
3627180,SOMERS CENTRAL SCHOOL DISTRICT,NY,2513
3627210,SOUTH COLONIE CENTRAL SCHOOL DISTRICT,NY,5066
3627240,SOUTH GLENS FALLS CENTRAL SCHOOL DISTRICT,NY,2923
3627300,SOUTH HUNTINGTON UNION FREE SCHOOL DISTRICT,NY,5780
3627330,SOUTH KORTRIGHT CENTRAL SCHOOL DISTRICT,NY,301
3627360,SOUTH LEWIS CENTRAL SCHOOL DISTRICT,NY,1042
3627450,SOUTH ORANGETOWN CENTRAL SCHOOL DISTRICT,NY,2830
3627540,SOUTHAMPTON UNION FREE SCHOOL DISTRICT,NY,1281
3627570,SOUTHERN CAYUGA CENTRAL SCHOOL DISTRICT,NY,666
3627620,SOUTHOLD UNION FREE SCHOOL DISTRICT,NY,640
3627660,SOUTHWESTERN CENTRAL SCHOOL DISTRICT AT JAMESTOWN,NY,1251
3627750,SPENCER-VAN ETTEN CENTRAL SCHOOL DISTRICT,NY,818
3627780,SPENCERPORT CENTRAL SCHOOL DISTRICT,NY,3636
3627810,EAST RAMAPO CENTRAL SCHOOL DISTRICT (SPRING VALLEY),NY,10918
3627900,SPRINGS UNION FREE SCHOOL DISTRICT,NY,690
3627960,BRASHER FALLS CENTRAL SCHOOL DISTRICT,NY,966
3627980,GREENBURGH-NORTH CASTLE UNION FREE SCHOOL DISTRICT,NY,382
3627990,SAINT REGIS FALLS CENTRAL SCHOOL DISTRICT,NY,192
3628020,STAMFORD CENTRAL SCHOOL DISTRICT,NY,265
3628050,STARPOINT CENTRAL SCHOOL DISTRICT,NY,2999
3628110,STILLWATER CENTRAL SCHOOL DISTRICT,NY,1009
3628140,STOCKBRIDGE VALLEY CENTRAL SCHOOL DISTRICT,NY,387
3628200,THREE VILLAGE CENTRAL SCHOOL DISTRICT,NY,5649
3628320,SUFFERN CENTRAL SCHOOL DISTRICT,NY,4002
3628380,SUSQUEHANNA VALLEY CENTRAL SCHOOL DISTRICT,NY,1492
3628500,SWEET HOME CENTRAL SCHOOL DISTRICT,NY,3850
3628560,SYOSSET CENTRAL SCHOOL DISTRICT,NY,7126
3628590,SYRACUSE CITY SCHOOL DISTRICT,NY,18662
3628620,TACONIC HILLS CENTRAL SCHOOL DISTRICT,NY,998
3628650,UNION FREE SCHOOL DISTRICT OF THE TARRYTOWNS,NY,2652
3628680,TICONDEROGA CENTRAL SCHOOL DISTRICT,NY,733
3628710,TIOGA CENTRAL SCHOOL DISTRICT,NY,891
3628740,TONAWANDA CITY SCHOOL DISTRICT,NY,1700
3628800,TOWN OF WEBB UNION FREE SCHOOL DISTRICT,NY,242
3628890,TRI-VALLEY CENTRAL SCHOOL DISTRICT,NY,907
3628950,TROY CITY SCHOOL DISTRICT,NY,3655
3628980,TRUMANSBURG CENTRAL SCHOOL DISTRICT,NY,989
3629040,TUCKAHOE UNION FREE SCHOOL DISTRICT,NY,1050
3629070,TUCKAHOE COMMON SCHOOL DISTRICT,NY,251
3629130,TULLY CENTRAL SCHOOL DISTRICT,NY,755
3629160,TUPPER LAKE CENTRAL SCHOOL DISTRICT,NY,730
3629190,TUXEDO UNION FREE SCHOOL DISTRICT,NY,195
3629240,OTEGO-UNADILLA CENTRAL SCHOOL DISTRICT,NY,756
3629250,UNION SPRINGS CENTRAL SCHOOL DISTRICT,NY,735
3629280,UNIONDALE UNION FREE SCHOOL DISTRICT,NY,6189
3629370,UTICA CITY SCHOOL DISTRICT,NY,9375
3629400,VALHALLA UNION FREE SCHOOL DISTRICT,NY,1447
3629430,VALLEY STREAM 13 UNION FREE SCHOOL DISTRICT,NY,2075
3629460,VALLEY STREAM 24 UNION FREE SCHOOL DISTRICT,NY,1075
3629490,VALLEY STREAM 30 UNION FREE SCHOOL DISTRICT,NY,1468
3629520,VALLEY STREAM CENTRAL HIGH SCHOOL DISTRICT,NY,4697
3629610,VESTAL CENTRAL SCHOOL DISTRICT,NY,3543
3629640,VICTOR CENTRAL SCHOOL DISTRICT,NY,4290
3629670,VOORHEESVILLE CENTRAL SCHOOL DISTRICT,NY,1229
3629760,WAINSCOTT COMMON SCHOOL DISTRICT,NY,23
3629790,WALLKILL CENTRAL SCHOOL DISTRICT,NY,2744
3629820,WALTON CENTRAL SCHOOL DISTRICT,NY,825
3629850,WANTAGH UNION FREE SCHOOL DISTRICT,NY,2879
3629880,WAPPINGERS CENTRAL SCHOOL DISTRICT,NY,10514
3629910,WARRENSBURG CENTRAL SCHOOL DISTRICT,NY,600
3629940,WARSAW CENTRAL SCHOOL DISTRICT,NY,815
3629970,WARWICK VALLEY CENTRAL SCHOOL DISTRICT,NY,3744
3630030,WASHINGTONVILLE CENTRAL SCHOOL DISTRICT,NY,3979
3630060,WATERFORD-HALFMOON UNION FREE SCHOOL DISTRICT,NY,742
3630120,WATERTOWN CITY SCHOOL DISTRICT,NY,3964
3630160,WATERVILLE CENTRAL SCHOOL DISTRICT,NY,792
3630210,WATERVLIET CITY SCHOOL DISTRICT,NY,1547
3630240,WATKINS GLEN CENTRAL SCHOOL DISTRICT,NY,915
3630270,WAVERLY CENTRAL SCHOOL DISTRICT,NY,1635
3630330,WAYNE CENTRAL SCHOOL DISTRICT,NY,2040
3630360,WEBSTER CENTRAL SCHOOL DISTRICT,NY,8014
3630390,NORTHEAST CENTRAL SCHOOL DISTRICT,NY,664
3630420,WEEDSPORT CENTRAL SCHOOL DISTRICT,NY,714
3630450,WELLS CENTRAL SCHOOL DISTRICT,NY,136
3630480,WELLSVILLE CENTRAL SCHOOL DISTRICT,NY,1173
3630540,WEST BABYLON UNION FREE SCHOOL DISTRICT,NY,3699
3630600,WEST CANADA VALLEY CENTRAL SCHOOL DISTRICT,NY,696
3630630,WEST GENESEE CENTRAL SCHOOL DISTRICT,NY,4614
3630660,WEST HEMPSTEAD UNION FREE SCHOOL DISTRICT,NY,1634
3630690,WEST ISLIP UNION FREE SCHOOL DISTRICT,NY,3854
3630780,WEST SENECA CENTRAL SCHOOL DISTRICT,NY,6011
3630900,WEST VALLEY CENTRAL SCHOOL DISTRICT,NY,191
3630930,MOUNT MARKHAM CENTRAL SCHOOL DISTRICT,NY,1055
3630960,WESTBURY UNION FREE SCHOOL DISTRICT,NY,4649
3630990,WESTFIELD CENTRAL SCHOOL DISTRICT,NY,637
3631020,WESTHAMPTON BEACH UNION FREE SCHOOL DISTRICT,NY,1641
3631050,WESTMORELAND CENTRAL SCHOOL DISTRICT,NY,828
3631170,WHEATLAND-CHILI CENTRAL SCHOOL DISTRICT,NY,682
3631200,WHEELERVILLE UNION FREE SCHOOL DISTRICT,NY,113
3631260,WHITE PLAINS CITY SCHOOL DISTRICT,NY,6981
3631290,WHITEHALL CENTRAL SCHOOL DISTRICT,NY,681
3631320,WHITESBORO CENTRAL SCHOOL DISTRICT,NY,3030
3631350,WHITESVILLE CENTRAL SCHOOL DISTRICT,NY,130
3631380,WHITNEY POINT CENTRAL SCHOOL DISTRICT,NY,1437
3631410,NORTH GREENBUSH COMMON SCHOOL DISTRICT (WILLIAMS),NY,35
3631440,WILLIAMSON CENTRAL SCHOOL DISTRICT,NY,951
3631470,WILLIAMSVILLE CENTRAL SCHOOL DISTRICT,NY,9718
3631500,WILLSBORO CENTRAL SCHOOL DISTRICT,NY,253
3631560,WILSON CENTRAL SCHOOL DISTRICT,NY,1003
3631590,WINDHAM-ASHLAND-JEWETT CENTRAL SCHOOL DISTRICT,NY,296
3631710,HEWLETT-WOODMERE UNION FREE SCHOOL DISTRICT,NY,2767
3631740,WORCESTER CENTRAL SCHOOL DISTRICT,NY,321
3631800,WYANDANCH UNION FREE SCHOOL DISTRICT,NY,2583
3631830,WYNANTSKILL UNION FREE SCHOOL DISTRICT,NY,307
3631860,WYOMING CENTRAL SCHOOL DISTRICT,NY,153
3631920,YONKERS CITY SCHOOL DISTRICT,NY,24304
3631950,YORK CENTRAL SCHOOL DISTRICT,NY,639
3631980,YORKTOWN CENTRAL SCHOOL DISTRICT,NY,3499
3632010,CUBA-RUSHFORD CENTRAL SCHOOL DISTRICT,NY,751
3700011,Cumberland County Schools,NC,49002
3700012,Pitt County Schools,NC,24470
3700030,Alamance-Burlington Schools,NC,22661
3700090,Alexander County Schools,NC,4344
3700120,Alleghany County Schools,NC,1352
3700180,Anson County Schools,NC,2924
3700210,Ashe County Schools,NC,2676
3700240,Asheboro City Schools,NC,4405
3700270,Asheville City Schools,NC,3960
3700300,Avery County Schools,NC,1782
3700330,Beaufort County Schools,NC,5601
3700360,Bertie County Schools,NC,1708
3700390,Bladen County Schools,NC,3928
3700419,East Carolina Community School,NC,108
3700420,Brunswick County Schools,NC,13561
3700421,Catamount School,NC,64
3700427,Appalachian State U Academy Middle Fork,NC,295
3700429,D.C. Virgo Preparatory Academy,NC,162
3700443,Niner University Elementary School,NC,125
3700450,Buncombe County Schools,NC,22452
3700480,Burke County Schools,NC,11667
3700487,Aggie Academy,NC,85
3700488,Carolina Community Academy,NC,91
3700530,Cabarrus County Schools,NC,35772
3700580,Caldwell County Schools,NC,10667
3700600,Camden County Schools,NC,1918
3700630,Carteret County Public Schools,NC,7847
3700660,Caswell County Schools,NC,2098
3700690,Catawba County Schools,NC,16003
3700720,Chapel Hill-Carrboro City Schools,NC,11353
3700750,Chatham County Schools,NC,8987
3700780,Cherokee County Schools,NC,2992
3700840,Edenton-Chowan Schools,NC,1767
3700870,Clay County Schools,NC,1322
3700900,Cleveland County Schools,NC,14504
3700930,Clinton City Schools,NC,3015
3700960,Columbus County Schools,NC,5440
3701080,Currituck County Schools,NC,4601
3701110,Dare County Schools,NC,4968
3701140,Davidson County Schools,NC,17985
3701170,Davie County Schools,NC,6116
3701200,Duplin County Schools,NC,9822
3701260,Durham Public Schools,NC,31865
3701320,Edgecombe County Public Schools,NC,6310
3701380,Elkin City Schools,NC,1267
3701500,Winston Salem / Forsyth County Schools,NC,52430
3701530,Franklin County Schools,NC,7978
3701620,Gaston County Schools,NC,30995
3701680,Gates County Schools,NC,1410
3701770,Graham County Schools,NC,1096
3701800,Granville County Schools,NC,6402
3701830,Greene County Schools,NC,2863
3701920,Guilford County Schools,NC,67620
3701950,Halifax County Schools,NC,2150
3702010,Harnett County Schools,NC,20095
3702040,Haywood County Schools,NC,6476
3702100,Henderson County Schools,NC,12619
3702160,Hertford County Schools,NC,2367
3702190,Hickory City Schools,NC,3735
3702250,Hoke County Schools,NC,8732
3702280,Hyde County Schools,NC,485
3702310,Iredell-Statesville Schools,NC,21017
3702340,Jackson County Public Schools,NC,3444
3702370,Johnston County Public Schools,NC,37320
3702400,Jones County Schools,NC,1016
3702430,Kannapolis City Schools,NC,5377
3702560,Lee County Schools,NC,9168
3702610,Lenoir County Public Schools,NC,8331
3702640,Lexington City Schools,NC,2953
3702680,Lincoln County Schools,NC,11710
3702760,Macon County Schools,NC,4469
3702820,Madison County Schools,NC,2063
3702880,Martin County Schools,NC,2647
3702940,McDowell County Schools,NC,5792
3702970,Charlotte-Mecklenburg Schools,NC,147299
3703000,Mitchell County Schools,NC,1738
3703060,Montgomery County Schools,NC,3587
3703090,Moore County Schools,NC,13085
3703120,Mooresville Graded School District,NC,5917
3703210,Mount Airy City Schools,NC,1786
3703270,Nash County Public Schools,NC,13178
3703310,Craven County Board of Education,NC,12152
3703330,New Hanover County Schools,NC,25155
3703360,Newton Conover City Schools,NC,2654
3703420,Northampton County Schools,NC,1251
3703450,Onslow County Schools,NC,27551
3703480,Orange County Schools,NC,6982
3703510,Pamlico County Schools,NC,1130
3703540,Elizabeth City-Pasquotank Public Schools,NC,4760
3703570,Pender County Schools,NC,11073
3703600,Perquimans County Schools,NC,1786
3703630,Person County Schools,NC,4361
3703720,Polk County Schools,NC,2110
3703780,Randolph County School System,NC,14994
3703870,Richmond County Schools,NC,6504
3703900,Roanoke Rapids City Schools,NC,2744
3703930,Public Schools of Robeson County,NC,21301
3703990,Rockingham County Schools,NC,11114
3704050,Rowan-Salisbury Schools,NC,17683
3704080,Rutherford County Schools,NC,7394
3704140,Sampson County Schools,NC,7986
3704200,Scotland County Schools,NC,5416
3704320,Stanly County Schools,NC,8743
3704380,Stokes County Schools,NC,5553
3704410,Surry County Schools,NC,7318
3704440,Swain County Schools,NC,1872
3704500,Thomasville City Schools,NC,2149
3704530,Transylvania County Schools,NC,3205
3704590,Tyrrell County Schools,NC,462
3704620,Union County Public Schools,NC,41404
3704650,Vance County Schools,NC,5205
3704720,Wake County Schools,NC,163325
3704740,Warren County Schools,NC,1547
3704800,Washington County Schools,NC,1024
3704830,Watauga County Schools,NC,4658
3704880,Wayne County Public Schools,NC,17150
3704890,Weldon City Schools,NC,664
3704920,Whiteville City Schools,NC,2042
3704950,Wilkes County Schools,NC,8547
3705020,Wilson County Schools,NC,10451
3705040,Yadkin County Schools,NC,5174
3705070,Yancey County Schools,NC,2149
3800014,BISMARCK 1,ND,14098
3800015,NAUGHTON 25,ND,16
3800016,STRASBURG 15,ND,108
3800017,LINTON 36,ND,245
3800018,CAVALIER 6,ND,385
3800021,JAMESTOWN 1,ND,2042
3800023,SCRANTON 33,ND,135
3800024,POWERS LAKE 27,ND,221
3800025,KINDRED 2,ND,877
3800027,NEW ENGLAND 9,ND,280
3800029,DRAKE 57,ND,75
3800031,HAZEN 3,ND,585
3800032,BEULAH 27,ND,748
3800033,FT RANSOM 6,ND,12
3800036,RICHLAND 44,ND,310
3800038,DICKINSON 1,ND,4183
3800039,TIOGA 15,ND,544
3800040,DAKOTA PRAIRIE 1,ND,288
3800041,MAY-PORT CG 14,ND,517
3800042,MIDKOTA 7,ND,177
3800043,GACKLE-STREETER 56,ND,100
3800044,NORTHERN CASS 97,ND,724
3800045,ELGIN-NEW LEIPZIG 49,ND,168
3800046,MOTT-REGENT 1,ND,225
3800047,TGU 60,ND,354
3800048,RICHARDTON-TAYLOR 34,ND,337
3800049,FESSENDEN-BOWDON 25,ND,196
3800050,MOHALL-LANSFORD-SHERWOOD 1,ND,304
3800052,CENTER-STANTON 1,ND,265
3800053,CARRINGTON 49,ND,603
3800054,NORTH BORDER 100,ND,332
3800056,FORDVILLE-LANKIN 5,ND,50
3800057,LITCHVILLE-MARION 46,ND,150
3800058,LEWIS AND CLARK 161,ND,410
3800059,NEW ROCKFORD-SHEYENNE 2,ND,351
3800060,BARNES COUNTY NORTH 7,ND,235
3800061,ENDERLIN AREA 24,ND,302
3800389,KIDDER COUNTY 1,ND,388
3800390,NORTH STAR 10,ND,286
3800392,NEW SALEM-ALMONT 49,ND,378
3800397,VALLEY-EDINBURG 118,ND,221
3800401,PARK RIVER AREA 8,ND,471
3800404,HOPE-PAGE 85,ND,162
3800405,WILLISTON BASIN 7,ND,5414
3800406,GRAFTON 18,ND,953
3800825,NEWBURG-UNITED 54,ND,81
3801760,ALEXANDER 2,ND,309
3801950,ANAMOOSE 14,ND,73
3802014,APPLE CREEK 39,ND,78
3802170,ASHLEY 9,ND,122
3802380,BEACH 3,ND,266
3802530,BELCOURT 7,ND,1518
3802840,BILLINGS CO 1,ND,101
3803060,BOTTINEAU 1,ND,671
3803090,BOWBELLS 14,ND,92
3803200,BOWMAN CO 1,ND,508
3803590,BURKE CENTRAL 36,ND,95
3804090,CENTRAL CASS 17,ND,1027
3804140,CENTRAL VALLEY 3,ND,210
3804560,GRIGGS COUNTY CENTRAL 18,ND,289
3805040,DEVILS LAKE 1,ND,1789
3805160,DIVIDE COUNTY 1,ND,382
3805340,DRAYTON 19,ND,182
3805460,DUNSEITH 1,ND,515
3805670,EARL 18,MT,0
3805850,EDGELEY 3,ND,255
3806010,EIGHT MILE 6,ND,319
3806090,ELLENDALE 40,ND,305
3806210,BELFIELD 13,ND,253
3806360,EMERADO 127,ND,101
3806690,FAIRMOUNT 18,ND,99
3806780,FARGO 1,ND,11444
3806910,FINLEY-SHARON 19,ND,101
3806930,FLASHER 39,ND,266
3807170,FT TOTTEN 30,ND,176
3807200,FT YATES 4,ND,56
3807590,GARRISON 51,ND,396
3807830,GLEN ULLIN 48,ND,134
3807850,GLENBURN 26,ND,251
3808130,GRAND FORKS 1,ND,7822
3808460,GRENORA 99,ND,166
3808710,HANKINSON 8,ND,244
3808890,HARVEY 38,ND,381
3809000,HATTON EIELSON 7,ND,157
3809130,HAZELTON-MOFFIT-BRADDOCK 6,ND,144
3809180,HEBRON 13,ND,153
3809410,HETTINGER 13,ND,294
3809570,HILLSBORO 9,ND,494
3809810,HORSE CREEK 32,ND,11
3810180,KENMARE 28,ND,291
3810260,KENSAL 19,ND,28
3810270,KILLDEER 16,ND,607
3810500,KULM 7,ND,123
3810600,LAKOTA 66,ND,205
3810740,LAMOURE 8,ND,296
3810810,LANGDON AREA 23,ND,440
3810860,LARIMORE 44,ND,417
3810980,LEEDS 6,ND,126
3811140,LIDGERWOOD 28,ND,176
3811430,LISBON 19,ND,601
3811540,LITTLE HEART 4,ND,25
3811610,LONE TREE 6,ND,36
3811700,MADDOCK 9,ND,135
3811820,MANDAN 1,ND,4456
3811850,MANDAREE 36,ND,204
3811970,MANNING 45,ND,12
3812000,MANVEL 125,ND,192
3812020,MAPLE VALLEY 4,ND,248
3812030,MAPLETON 7,ND,239
3812120,MARMARTH 12,ND,3
3812350,MAX 50,ND,135
3812540,MCKENZIE CO 1,ND,2351
3812660,MEDINA 3,ND,206
3812720,MENOKEN 33,ND,50
3812920,MIDWAY 128,ND,195
3812930,MILNOR 2,ND,214
3812990,MINNEWAUKAN 5,ND,253
3813030,MINOT 1,ND,7683
3813050,MINTO 20,ND,296
3813200,WILTON 1,ND,283
3813230,MONTPELIER 14,ND,105
3813400,MT PLEASANT 4,ND,245
3813440,MUNICH 19,ND,93
3813510,NAPOLEON 2,ND,246
3813660,NEDROSE 4,ND,565
3813710,NESSON 2,ND,443
3813920,NEW TOWN 1,ND,931
3814290,NORTH SARGENT 3,ND,197
3814340,NORTHWOOD 129,ND,337
3814500,OAKES 41,ND,476
3814520,OBERON 16,ND,52
3814940,PARSHALL 3,ND,280
3815150,PINGREE-BUCHANAN 10,ND,160
3816050,ROLETTE 29,ND,129
3816090,ROOSEVELT 18,ND,62
3816130,RUGBY 5,ND,589
3816430,SARGENT CENTRAL 6,ND,189
3816470,SAWYER 16,ND,94
3816510,SELFRIDGE 8,ND,75
3816980,SOLEN 3,ND,214
3817040,VELVA 1,ND,440
3817130,SOUTH HEART 9,ND,437
3817170,SOUTH PRAIRIE 70,ND,566
3817460,ST JOHN 3,ND,458
3817570,STANLEY 2,ND,784
3817670,STARKWEATHER 44,ND,54
3817760,STERLING 35,ND,21
3817910,SURREY 41,ND,439
3817940,SWEET BRIAR 17,ND,28
3818280,THOMPSON 61,ND,679
3818500,TURTLE LAKE-MERCER 72,ND,182
3818600,TWIN BUTTES 37,ND,55
3818660,UNDERWOOD 8,ND,191
3818730,UNITED 7,ND,712
3818850,VALLEY CITY 2,ND,943
3819020,WAHPETON 37,ND,1224
3819260,WARWICK 29,ND,199
3819290,WASHBURN 4,ND,377
3819410,WEST FARGO 6,ND,13191
3819470,WESTHOPE 17,ND,161
3819680,WHITE SHIELD 85,ND,174
3820130,WING 28,ND,62
3820190,WISHEK 19,ND,247
3820310,WYNDMERE 42,ND,246
3820340,YELLOWSTONE 14,MT,181
3820400,ZEELAND 4,ND,27
3880783,MCCLUSKY-GOODRICH 29,ND,115
3900094,Monroe Local,OH,2925
3900537,Manchester Local,OH,687
3901374,Dayton Regional STEM School,OH,801
3901490,Metro Early College High School,OH,869
3901512,Bio-Med Science Academy STEM School,OH,935
3901535,Global Impact STEM Academy,OH,697
3901565,Valley STEM+ME2 Academy,OH,200
3901575,iSTEM,OH,177
3901577,Tri-State STEM+M School,OH,85
3904348,Akron City,OH,19986
3904349,Alliance City,OH,3019
3904350,Ashland City,OH,3007
3904351,Ashtabula Area City,OH,2635
3904352,Athens City School District,OH,2267
3904353,Barberton City,OH,3448
3904354,Bay Village City,OH,2333
3904355,Beachwood City,OH,1586
3904357,Bellaire Local,OH,1167
3904358,Bellefontaine City,OH,2229
3904359,Bellevue City,OH,1694
3904360,Berea City,OH,5332
3904361,Belpre City,OH,889
3904362,Bexley City,OH,2496
3904363,Bowling Green City School District,OH,2537
3904364,Brecksville-Broadview Heights City,OH,3686
3904365,Brooklyn City,OH,1138
3904366,Brunswick City,OH,5931
3904367,Bryan City,OH,1748
3904368,Bucyrus City,OH,1065
3904369,Cambridge City,OH,1797
3904370,Campbell City,OH,1050
3904371,Canton City,OH,7478
3904373,Centerville City,OH,8264
3904374,Chillicothe City,OH,2589
3904375,Cincinnati Public Schools,OH,34531
3904376,Circleville City,OH,2114
3904377,Claymont City,OH,1529
3904378,Cleveland Municipal,OH,33143
3904379,Cleveland Heights-University Heights City,OH,5019
3904380,Columbus City Schools District,OH,46515
3904381,Conneaut Area City,OH,1587
3904382,Coshocton City,OH,1496
3904383,Cuyahoga Falls City School District,OH,3848
3904384,Dayton City,OH,12785
3904385,Deer Park Community City,OH,1044
3904386,Defiance City,OH,2344
3904387,Delaware City,OH,5650
3904388,Delphos City,OH,943
3904389,Dover City,OH,2658
3904390,East Cleveland City School District,OH,1177
3904391,East Liverpool City,OH,1952
3904392,East Palestine City,OH,949
3904393,Eaton Community City,OH,1805
3904394,Elyria City Schools,OH,5702
3904395,Euclid City,OH,4464
3904396,Fairborn City,OH,4265
3904397,Fairview Park City,OH,1471
3904399,Fostoria City,OH,1775
3904400,Franklin City,OH,2602
3904401,Fremont City,OH,3247
3904402,Galion City,OH,1559
3904403,Gallipolis City,OH,1859
3904404,Garfield Heights City Schools,OH,2581
3904405,Geneva Area City,OH,1949
3904406,Girard City School District,OH,1489
3904407,Grandview Heights Schools,OH,1131
3904408,Winton Woods City,OH,3985
3904409,Greenville City,OH,2249
3904410,Hamilton City,OH,9014
3904411,Heath City,OH,1560
3904412,Hillsboro City,OH,2218
3904413,Huron City Schools,OH,1162
3904414,Ironton City School District,OH,1276
3904415,Jackson City,OH,2236
3904416,Kent City,OH,3233
3904418,Kettering City School District,OH,7635
3904419,Lakewood City,OH,4369
3904420,Lancaster City,OH,6248
3904421,Lebanon City,OH,5202
3904422,Lima City,OH,3370
3904423,Lockland Local,OH,418
3904424,Logan-Hocking Local,OH,3364
3904425,London City,OH,2139
3904426,Lorain City,OH,6150
3904427,Loveland City,OH,4041
3904428,Madeira City,OH,1786
3904429,Mansfield City,OH,2953
3904430,Maple Heights City,OH,3024
3904431,Mariemont City,OH,1556
3904433,Marion City,OH,4040
3904434,Martins Ferry City,OH,1269
3904435,Massillon City,OH,4077
3904436,Maumee City,OH,2099
3904437,Mayfield City,OH,4209
3904438,Medina City SD,OH,5867
3904439,Miamisburg City,OH,4865
3904440,Middletown City,OH,5946
3904441,Mt Healthy City,OH,2704
3904443,Napoleon Area City,OH,1655
3904444,Nelsonville-York City,OH,976
3904445,Newark City,OH,5789
3904446,New Boston Local,OH,370
3904447,New Lexington School District,OH,1758
3904448,New Philadelphia City,OH,2826
3904449,Niles City,OH,1877
3904450,North Canton City,OH,4334
3904451,North College Hill City,OH,1428
3904452,North Olmsted City,OH,3539
3904453,North Ridgeville City,OH,4486
3904454,North Royalton City,OH,4134
3904455,Norton City,OH,2185
3904456,Norwalk City,OH,2453
3904457,Norwood City,OH,1698
3904458,Oakwood City,OH,2002
3904459,Oberlin City Schools,OH,758
3904460,Oregon City,OH,3318
3904461,Orrville City,OH,1432
3904463,Parma City,OH,9001
3904464,Piqua City,OH,3069
3904465,Port Clinton City,OH,1400
3904467,Princeton City,OH,5927
3904468,Ravenna City,OH,1874
3904469,Reading Community City,OH,1424
3904470,Rocky River City,OH,2606
3904471,St Bernard-Elmwood Place City,OH,740
3904472,St Marys City,OH,1984
3904474,Sandusky City,OH,3105
3904475,Shaker Heights City,OH,4400
3904476,Sheffield-Sheffield Lake City,OH,1455
3904479,South Euclid-Lyndhurst City,OH,3203
3904480,South-Western City,OH,21924
3904481,Springfield City School District,OH,7288
3904482,Steubenville City,OH,2841
3904483,Stow-Munroe Falls City School District,OH,4926
3904484,Strongsville City,OH,5757
3904485,Struthers City,OH,1589
3904486,Sycamore Community City,OH,6051
3904487,Sylvania Schools,OH,7700
3904488,Tallmadge City,OH,2507
3904489,Tiffin City Schools,OH,2420
3904490,Toledo City,OH,21290
3904491,Toronto City,OH,838
3904492,Troy City,OH,3929
3904493,Upper Arlington City,OH,6669
3904494,Urbana City,OH,1779
3904495,Vandalia-Butler City,OH,2880
3904498,Wapakoneta City,OH,2786
3904499,Warren City,OH,4717
3904500,Warrensville Heights City,OH,1902
3904502,Wellston City,OH,1254
3904503,Wellsville Local,OH,655
3904504,Westerville City,OH,14589
3904505,West Carrollton City,OH,3170
3904506,Westlake City,OH,3183
3904507,Whitehall City,OH,3472
3904508,Wickliffe City,OH,1228
3904509,Willard City,OH,1183
3904510,Willoughby-Eastlake City,OH,6861
3904511,Wilmington City,OH,2098
3904513,Worthington City,OH,10874
3904514,Wyoming City,OH,1882
3904515,Xenia Community City,OH,3611
3904516,Youngstown City,OH,4570
3904517,Zanesville City,OH,3061
3904518,Ada Exempted Village,OH,865
3904519,Amherst Exempted Village,OH,3533
3904520,Barnesville Exempted Village,OH,1319
3904521,Bluffton Exempted Village,OH,1248
3904522,Bradford Exempted Village,OH,513
3904523,Bridgeport Exempted Village,OH,754
3904524,Harrison Hills City,OH,1319
3904525,Caldwell Exempted Village,OH,748
3904526,Carey Exempted Village Schools,OH,855
3904527,Carrollton Exempted Village,OH,1739
3904528,Chagrin Falls Exempted Village,OH,1667
3904529,Chesapeake Union Exempted Village,OH,1219
3904531,Coldwater Exempted Village,OH,1476
3904532,Columbiana Exempted Village,OH,971
3904533,Covington Exempted Village,OH,783
3904535,Crooksville Exempted Village,OH,1072
3904536,Fairport Harbor Exempted Village,OH,530
3904537,Georgetown Exempted Village,OH,944
3904538,Gibsonburg Exempted Village,OH,748
3904539,Granville Exempted Village,OH,2517
3904540,Greenfield Exempted Village,OH,1888
3904541,Hicksville Exempted Village School District,OH,868
3904542,Hubbard Exempted Village,OH,1739
3904543,Indian Hill Exempted Village,OH,2222
3904545,Lisbon Exempted Village,OH,694
3904546,Loudonville-Perrysville Exempted Village,OH,834
3904547,Marysville Exempted Village,OH,5781
3904548,Mechanicsburg Exempted Village,OH,827
3904549,Mentor Exempted Village,OH,6896
3904550,Milford Exempted Village,OH,5961
3904551,Milton-Union Exempted Village,OH,1346
3904552,Montpelier Exempted Village,OH,787
3904553,Mount Gilead Exempted Village,OH,975
3904554,Newcomerstown Exempted Village,OH,869
3904555,New Richmond Exempted Village,OH,1878
3904556,Newton Falls Exempted Village,OH,805
3904557,Paulding Exempted Village,OH,1306
3904558,Perrysburg Exempted Village,OH,5584
3904560,Rossford Exempted Village,OH,1560
3904561,Tipp City Exempted Village,OH,2323
3904563,Versailles Exempted Village,OH,1249
3904564,Wauseon Exempted Village,OH,1717
3904565,Wellington Exempted Village,OH,860
3904566,Windham Exempted Village,OH,454
3904567,Yellow Springs Exempted Village,OH,609
3904575,Allen East Local,OH,1042
3904576,Bath Local,OH,1588
3904577,Elida Local,OH,2016
3904578,Perry Local,OH,704
3904579,Shawnee Local,OH,2239
3904580,Spencerville Local,OH,986
3904582,Hillsdale Local,OH,907
3904583,Mapleton Local,OH,737
3904585,Buckeye Local,OH,1634
3904586,Grand Valley Local,OH,814
3904587,Jefferson Area Local,OH,1685
3904588,Pymatuning Valley Local School District,OH,1103
3904590,Alexander Local,OH,1362
3904591,Federal Hocking Local,OH,794
3904592,Trimble Local,OH,691
3904594,Minster Local,OH,896
3904595,New Bremen Local,OH,830
3904596,New Knoxville Local,OH,410
3904597,Waynesfield-Goshen Local,OH,465
3904599,St Clairsville-Richland City,OH,1619
3904600,Shadyside Local,OH,699
3904601,Union Local,OH,1248
3904603,Eastern Local School District,OH,1082
3904604,Fayetteville-Perry Local,OH,712
3904606,Western Brown Local,OH,2604
3904607,Ripley-Union-Lewis-Huntington Local,OH,704
3904609,Edgewood City School District,OH,3332
3904610,Fairfield City,OH,9591
3904611,Lakota Local,OH,17885
3904612,Madison Local,OH,1491
3904613,New Miami Local,OH,578
3904614,Ross Local,OH,2607
3904615,Talawanda City,OH,2875
3904617,Brown Local,OH,568
3904619,Graham Local,OH,1588
3904620,Triad Local,OH,813
3904621,West Liberty-Salem Local,OH,1128
3904623,Greenon Local,OH,1537
3904624,Tecumseh Local,OH,2555
3904625,Northeastern Local,OH,2961
3904626,Northwestern Local,OH,1681
3904627,Southeastern Local,OH,680
3904628,Clark-Shawnee Local,OH,1650
3904630,Batavia Local,OH,2505
3904631,Bethel-Tate Local,OH,1346
3904632,Clermont Northeastern Local,OH,1260
3904633,Felicity-Franklin Local,OH,636
3904634,Goshen Local,OH,2695
3904635,West Clermont Local,OH,7651
3904636,Williamsburg Local,OH,933
3904638,Blanchester Local,OH,1156
3904639,Clinton-Massie Local,OH,1635
3904640,East Clinton Local,OH,1179
3904642,Beaver Local,OH,1724
3904643,Crestview Local,OH,1136
3904644,Southern Local,OH,790
3904645,United Local,OH,972
3904647,Ridgewood Local,OH,1246
3904648,River View Local,OH,1545
3904650,Buckeye Central Local,OH,644
3904651,Colonel Crawford Local,OH,960
3904652,Wynford Local,OH,1079
3904655,Cuyahoga Heights Local,OH,774
3904656,Independence Local,OH,1044
3904657,Olmsted Falls City,OH,3507
3904659,Richmond Heights Local,OH,786
3904660,Solon City,OH,4594
3904662,Ansonia Local,OH,809
3904663,Arcanum-Butler Local,OH,1155
3904664,Franklin Monroe Local,OH,571
3904667,Mississinawa Valley Local,OH,630
3904668,Tri-Village Local,OH,817
3904670,Ayersville Local,OH,648
3904671,Central Local,OH,882
3904672,Northeastern Local,OH,940
3904674,Big Walnut Local,OH,4298
3904675,Buckeye Valley Local,OH,2298
3904676,Olentangy Local,OH,24133
3904678,Edison Local (formerly Berlin-Milan),OH,1379
3904679,Kelleys Island Local,OH,5
3904680,Margaretta Local,OH,1072
3904681,Perkins Local,OH,1868
3904682,Vermilion Local,OH,1602
3904684,Amanda-Clearcreek Local,OH,1493
3904685,Berne Union Local,OH,813
3904686,Bloom-Carroll Local,OH,2294
3904687,Fairfield Union Local,OH,1901
3904688,Liberty Union-Thurston Local,OH,1175
3904689,Pickerington Local,OH,11729
3904690,Walnut Township Local,OH,483
3904694,Canal Winchester Local,OH,3706
3904695,Hamilton Local,OH,3268
3904696,Gahanna-Jefferson City,OH,8290
3904697,Groveport Madison Local,OH,6295
3904699,New Albany-Plain Local,OH,4991
3904700,Reynoldsburg City,OH,7130
3904701,Hilliard City,OH,16298
3904702,Dublin City,OH,16967
3904704,Archbold-Area Local,OH,1112
3904705,Evergreen Local,OH,1119
3904706,Fayette Local,OH,328
3904707,Pettisville Local,OH,467
3904708,Pike-Delta-York Local,OH,1081
3904709,Swanton Local,OH,1111
3904716,Berkshire Local,OH,1372
3904717,Cardinal Local,OH,733
3904718,Chardon Local,OH,2457
3904719,Kenston Local,OH,2524
3904722,West Geauga Local,OH,1969
3904724,Beavercreek City,OH,8099
3904725,Cedar Cliff Local,OH,571
3904726,Greeneview Local,OH,1257
3904727,Bellbrook-Sugarcreek Local,OH,2725
3904730,Rolling Hills Local,OH,1456
3904733,Finneytown Local,OH,1149
3904734,Forest Hills Local,OH,6827
3904736,Northwest Local,OH,8260
3904737,Oak Hills Local,OH,7381
3904738,Southwest Local,OH,4340
3904739,Three Rivers Local,OH,1938
3904742,Arlington Local,OH,612
3904743,Cory-Rawson Local,OH,501
3904744,Liberty-Benton Local,OH,1640
3904745,McComb Local,OH,591
3904747,Vanlue Local,OH,130
3904749,Hardin Northern Local,OH,384
3904750,Ridgemont Local,OH,451
3904751,Riverdale Local,OH,947
3904752,Upper Scioto Valley Local,OH,470
3904754,Conotton Valley Union Local,OH,517
3904757,Holgate Local,OH,378
3904758,Liberty Center Local,OH,1012
3904759,Patrick Henry Local,OH,887
3904761,Bright Local,OH,719
3904762,Fairfield Local,OH,850
3904763,Lynchburg-Clay Local,OH,995
3904768,East Holmes Local,OH,1491
3904769,West Holmes Local,OH,1675
3904771,Monroeville Local,OH,533
3904772,New London Local,OH,892
3904773,South Central Local,OH,742
3904774,Western Reserve Local,OH,944
3904776,Oak Hill Union Local,OH,1110
3904778,Buckeye Local,OH,1347
3904779,Edison Local,OH,1372
3904780,Indian Creek Local,OH,1899
3904782,Centerburg Local,OH,983
3904783,Danville Local,OH,574
3904785,Fredericktown Local,OH,1106
3904787,Kirtland Local,OH,1053
3904788,Madison Local,OH,2631
3904790,Perry Local,OH,1490
3904792,Dawson-Bryant Local,OH,1104
3904793,Fairland Local,OH,1298
3904794,Rock Hill Local,OH,1345
3904795,South Point Local,OH,1343
3904796,Symmes Valley Local,OH,741
3904798,Johnstown-Monroe Local,OH,1656
3904799,Lakewood Local,OH,1645
3904800,Licking Heights Local,OH,5232
3904801,Licking Valley Local,OH,2035
3904802,North Fork Local,OH,1454
3904803,Northridge Local,OH,1167
3904804,Southwest Licking Local,OH,5039
3904807,Benjamin Logan Local,OH,1591
3904808,Indian Lake Local,OH,1364
3904809,Riverside Local,OH,587
3904811,Avon Local,OH,4303
3904812,Avon Lake City,OH,3435
3904813,Clearview Local,OH,1237
3904814,Columbia Local,OH,1040
3904815,Firelands Local,OH,1661
3904816,Keystone Local,OH,1387
3904817,Midview Local,OH,2574
3904820,Anthony Wayne Local,OH,4135
3904821,Ottawa Hills Local,OH,1029
3904822,Springfield Local,OH,3214
3904823,Washington Local,OH,6663
3904825,Jefferson Local,OH,976
3904826,Jonathan Alder Local,OH,2412
3904827,Madison-Plains Local,OH,1094
3904829,Austintown Local Schools,OH,4112
3904830,Boardman Local,OH,3515
3904831,Canfield Local,OH,2453
3904832,Jackson-Milton Local,OH,771
3904833,Lowellville Local,OH,454
3904834,Poland Local,OH,1755
3904835,Sebring Local,OH,360
3904836,South Range Local,OH,1222
3904837,Springfield Local,OH,858
3904838,West Branch Local,OH,1735
3904839,Western Reserve Local,OH,542
3904841,Elgin Local,OH,1022
3904842,Pleasant Local,OH,1265
3904843,Ridgedale Local,OH,621
3904844,River Valley Local,OH,1821
3904846,Black River Local,OH,935
3904847,Buckeye Local,OH,2110
3904848,Cloverleaf Local,OH,2330
3904849,Highland Local,OH,3337
3904851,Eastern Local,OH,722
3904852,Meigs Local,OH,1586
3904853,Southern Local,OH,680
3904857,Parkway Local,OH,974
3904858,St Henry Consolidated Local,OH,1085
3904859,Fort Recovery Local,OH,997
3904861,Bethel Local,OH,1991
3904862,Miami East Local,OH,1330
3904863,Newton Local,OH,650
3904865,Switzerland of Ohio Local,OH,1883
3904867,Brookville Local,OH,1547
3904868,Jefferson Township Local,OH,277
3904869,Trotwood-Madison City,OH,2529
3904870,Mad River Local,OH,3756
3904871,New Lebanon Local School District,OH,1048
3904872,Northmont City,OH,4676
3904873,Northridge Local,OH,1647
3904874,Valley View Local,OH,1766
3904875,Huber Heights City,OH,5815
3904877,Morgan Local,OH,1601
3904879,Cardington-Lincoln Local,OH,920
3904880,Highland Local,OH,1693
3904881,Northmor Local,OH,991
3904883,East Muskingum Local,OH,2035
3904884,Franklin Local,OH,1776
3904885,Maysville Local,OH,1770
3904887,Tri-Valley Local,OH,2785
3904888,West Muskingum Local,OH,1636
3904890,Noble Local,OH,1049
3904892,Benton Carroll Salem Local,OH,1341
3904893,Danbury Local,OH,555
3904894,Genoa Area Local,OH,1279
3904897,Put-In-Bay Local,OH,78
3904899,Antwerp Local,OH,665
3904900,Twin Valley Community Local,OH,740
3904903,Wayne Trace Local,OH,884
3904905,Northern Local,OH,2162
3904906,Southern Local,OH,586
3904908,Logan Elm Local,OH,1716
3904909,Teays Valley Local,OH,4538
3904910,Westfall Local,OH,1342
3904912,Eastern Local School District,OH,747
3904913,Scioto Valley Local,OH,1127
3904914,Waverly City,OH,1607
3904915,Western Local,OH,685
3904917,Aurora City,OH,3049
3904918,Crestwood Local,OH,1285
3904919,Field Local,OH,1916
3904920,James A Garfield Local,OH,1185
3904921,Rootstown Local,OH,917
3904922,Southeast Local,OH,1401
3904923,Streetsboro City,OH,1905
3904924,Waterloo Local,OH,796
3904926,Tri-County North Local,OH,702
3904927,National Trail Local,OH,932
3904928,Preble Shawnee Local,OH,1237
3904931,Columbus Grove Local,OH,726
3904932,Continental Local,OH,489
3904933,Jennings Local,OH,322
3904934,Kalida Local,OH,596
3904935,Leipsic Local,OH,686
3904936,Miller City-New Cleveland Local,OH,616
3904937,Ottawa-Glandorf Local,OH,1500
3904938,Ottoville Local,OH,480
3904939,Pandora-Gilboa Local,OH,523
3904941,Clear Fork Valley Local,OH,1472
3904942,Crestview Local,OH,876
3904943,Lexington Local,OH,2210
3904944,Lucas Local,OH,436
3904945,Madison Local,OH,2626
3904946,Plymouth-Shiloh Local,OH,611
3904947,Ontario Local,OH,1933
3904949,Adena Local,OH,1084
3904950,Huntington Local,OH,1017
3904951,Paint Valley Local,OH,721
3904952,Southeastern Local,OH,913
3904953,Union-Scioto Local,OH,2096
3904954,Zane Trace Local,OH,1195
3904956,Lakota Local,OH,953
3904957,Woodmore Local,OH,927
3904959,Bloom-Vernon Local,OH,818
3904961,Green Local,OH,513
3904962,Minford Local,OH,1143
3904963,Northwest Local,OH,1126
3904964,Valley Local,OH,1023
3904965,Washington-Nile Local,OH,1177
3904966,Wheelersburg Local,OH,1591
3904968,Seneca East Local,OH,827
3904970,Hopewell-Loudon Local,OH,763
3904971,New Riegel Local,OH,403
3904976,Botkins Local,OH,584
3904977,Fairlawn Local,OH,553
3904978,Fort Loramie Local,OH,722
3904979,Hardin-Houston Local,OH,720
3904981,Russia Local,OH,444
3904983,Canton Local,OH,1922
3904984,Fairless Local,OH,1233
3904985,Jackson Local,OH,5741
3904986,Lake Local,OH,3301
3904987,Louisville City,OH,2768
3904988,Marlington Local,OH,1861
3904989,Minerva Local,OH,1626
3904990,Northwest Local,OH,1636
3904991,Osnaburg Local,OH,898
3904992,Perry Local,OH,4240
3904993,Plain Local,OH,5874
3904994,Sandy Valley Local,OH,1254
3904995,Tuslaw Local,OH,1282
3904997,Woodridge Local,OH,1983
3904998,Copley-Fairlawn City,OH,2726
3904999,Coventry Local,OH,1425
3905000,Manchester Local,OH,1196
3905001,Green Local,OH,3921
3905002,Hudson City,OH,4468
3905003,Mogadore Local,OH,649
3905004,Nordonia Hills City,OH,3405
3905005,Revere Local,OH,2898
3905006,Springfield Local,OH,1742
3905007,Twinsburg City,OH,3854
3905009,Bloomfield-Mespo Local,OH,198
3905011,Bristol Local,OH,418
3905012,Brookfield Local,OH,964
3905013,Champion Local,OH,1147
3905015,Mathews Local,OH,581
3905016,Howland Local,OH,2283
3905017,Joseph Badger Local,OH,562
3905018,Lakeview Local,OH,1501
3905019,Liberty Local,OH,1097
3905020,Lordstown Local,OH,383
3905021,Maplewood Local,OH,601
3905022,McDonald Local,OH,721
3905023,Southington Local,OH,437
3905024,LaBrae Local,OH,999
3905025,Weathersfield Local,OH,887
3905027,Garaway Local,OH,1055
3905028,Indian Valley Local,OH,1589
3905029,Strasburg-Franklin Local,OH,484
3905030,Tuscarawas Valley Local,OH,1228
3905032,Fairbanks Local,OH,1079
3905033,North Union Local School District,OH,1364
3905035,Crestview Local,OH,939
3905039,Vinton County Local,OH,1656
3905041,Carlisle Local,OH,1546
3905042,Springboro Community City,OH,6194
3905043,Kings Local,OH,5073
3905044,Little Miami Local,OH,5672
3905045,Mason City,OH,10155
3905046,Wayne Local,OH,1576
3905048,Fort Frye Local,OH,866
3905049,Frontier Local,OH,540
3905051,Wolf Creek Local,OH,594
3905053,Chippewa Local,OH,1257
3905054,Dalton Local,OH,898
3905055,Green Local,OH,1073
3905056,Norwayne Local,OH,1264
3905058,Waynedale Local,OH,1035
3905059,Triway Local,OH,1388
3905061,Edgerton Local,OH,513
3905062,Edon Northwest Local,OH,527
3905063,Millcreek-West Unity Local,OH,501
3905064,North Central Local,OH,516
3905065,Stryker Local,OH,372
3905067,Eastwood Local,OH,1482
3905068,Elmwood Local,OH,1123
3905069,Lake Local,OH,1569
3905070,North Baltimore Local,OH,613
3905071,Northwood Local Schools,OH,818
3905072,Otsego Local,OH,1637
3905074,Mohawk Local,OH,874
3906190,Adams County Ohio Valley Local,OH,3435
3906496,College Corner Local,OH,121
3906568,Gallia County Local,OH,2103
3906968,East Guernsey Local,OH,1022
3910000,Findlay City,OH,5694
3910001,Van Buren Local,OH,1052
3910002,Arcadia Local,OH,578
3910003,Sidney City,OH,3149
3910004,Anna Local,OH,1064
3910005,Jackson Center Local,OH,576
3910006,Salem City,OH,1913
3910007,Leetonia Exempted Village School District,OH,487
3910008,Crestline Exempted Village,OH,563
3910009,Shelby City,OH,1794
3910010,Miami Trace Local,OH,2497
3910011,Washington Court House City,OH,1825
3910012,Mount Vernon City,OH,3374
3910013,East Knox Local,OH,883
3910014,Riverside Local,OH,4112
3910015,Painesville City Local,OH,2744
3910016,Orange City,OH,2029
3910017,Bedford City,OH,2887
3910018,Warren Local,OH,1994
3910019,Marietta City,OH,2078
3910020,Clyde-Green Springs Exempted Village,OH,1998
3910021,Old Fort Local,OH,644
3910022,Lincolnview Local,OH,792
3910023,Van Wert City,OH,1943
3910024,Upper Sandusky Exempted Village,OH,1560
3910025,Kenton City,OH,1851
3910026,Clay Local,OH,605
3910027,Portsmouth City,OH,1561
3910028,Rittman Exempted Village,OH,789
3910029,Wadsworth City,OH,4275
3910030,Celina City,OH,2815
3910031,Marion Local,OH,1016
3910032,Wooster City,OH,3222
3910033,Northwestern Local,OH,1243
3910046,Community STE(A)M Academy - Xenia,OH,230
4000013,TIMBERLAKE,OK,296
4000014,BURNS FLAT-DILL CITY,OK,487
4000015,THOMAS-FAY-CUSTER UNIFIED DIST,OK,459
4000020,FRONTIER,OK,329
4000021,OKLAHOMA UNION,OK,593
4000032,HYDRO-EAKLY,OK,447
4000033,KEYS,OK,769
4000782,GRAHAM-DUSTIN,OK,146
4000797,OLUSTEE-ELDORADO,OK,138
4000798,DAVIDSON,OK,21
4000802,NORTH ROCK CREEK,OK,1233
4002370,ACHILLE,OK,285
4002430,ADA,OK,2696
4002460,ADAIR,OK,988
4002520,AFTON,OK,407
4002550,AGRA,OK,305
4002580,ALBION,OK,26
4002670,ALEX,OK,320
4002720,ALINE-CLEO,OK,110
4002760,ALLEN,OK,462
4002790,ALLEN-BOWDEN,OK,294
4002850,ALTUS,OK,3593
4002880,ALVA,OK,1054
4002910,AMBER-POCASSET,OK,412
4003000,ANADARKO,OK,1309
4003010,ANDERSON,OK,280
4003060,ANTLERS,OK,966
4003120,ARAPAHO-BUTLER,OK,468
4003180,ARDMORE,OK,2546
4003210,ARKOMA,OK,346
4003240,ARNETT,OK,187
4003300,ASHER,OK,272
4003360,ATOKA,OK,823
4003450,AVANT,OK,47
4003510,BALKO,OK,148
4003540,BANNER,OK,324
4003570,BARNSDALL,OK,452
4003630,BARTLESVILLE,OK,6181
4003660,BATTIEST,OK,216
4003690,BEARDEN,OK,141
4003750,BEAVER,OK,250
4003810,BEGGS,OK,948
4003840,BELFONTE,OK,135
4003930,BENNINGTON,OK,252
4004020,BERRYHILL,OK,1130
4004110,BETHANY,OK,1762
4004230,BETHEL,OK,1160
4004350,BIG PASTURE,OK,217
4004360,BILLINGS,OK,71
4004470,BISHOP,OK,647
4004500,BIXBY,OK,8374
4004630,BLACKWELL,OK,1087
4004650,BLAIR,OK,180
4004680,BLANCHARD,OK,2230
4004830,BLUEJACKET,OK,197
4004860,BOISE CITY,OK,281
4004950,BOKOSHE,OK,136
4005010,BOONE-APACHE,OK,504
4005040,BOSWELL,OK,278
4005130,BOWLEGS,OK,254
4005160,BOWRING,OK,52
4005280,BRAGGS,OK,144
4005340,BRAY-DOYLE,OK,256
4005400,BRIDGE CREEK,OK,1929
4005430,BRIGGS,OK,390
4005460,BRISTOW,OK,1685
4005490,BROKEN ARROW,OK,19882
4005520,BROKEN BOW,OK,1605
4005580,BRUSHY,OK,379
4005760,BUFFALO,OK,239
4005820,BUFFALO VALLEY,OK,203
4005910,BURLINGTON,OK,134
4006000,BUTNER,OK,212
4006060,BYNG,OK,1753
4006120,CACHE,OK,2029
4006150,CADDO,OK,503
4006180,CALERA,OK,981
4006240,CALUMET,OK,279
4006270,CALVIN,OK,168
4006330,CAMERON,OK,286
4006390,CANADIAN,OK,439
4006420,CANEY,OK,240
4006480,CANTON,OK,318
4006510,CANUTE,OK,414
4006630,CARNEGIE,OK,501
4006690,CARNEY,OK,212
4006810,CASHION,OK,751
4006850,OKEMAH,OK,736
4006870,CATOOSA,OK,1792
4006930,CAVE SPRINGS,OK,166
4006960,CEMENT,OK,165
4007140,CENTRAL,OK,495
4007170,CENTRAL HIGH,OK,414
4007290,CHANDLER,OK,1054
4007320,CHATTANOOGA,OK,207
4007350,CHECOTAH,OK,1428
4007380,CHELSEA,OK,813
4007410,CHEROKEE,OK,384
4007500,CHEYENNE,OK,274
4007560,CHICKASHA,OK,2225
4007620,CHOCTAW-NICOMA PARK,OK,5828
4007670,CHOUTEAU-MAZIE,OK,854
4007710,CIMARRON,OK,192
4007740,CLAREMORE,OK,3925
4007800,CLAYTON,OK,216
4008010,CLEORA,OK,167
4008040,CLEVELAND,OK,1538
4008070,CLINTON,OK,2023
4008130,COALGATE,OK,717
4008220,COLBERT,OK,837
4008250,COLCORD,OK,724
4008310,COLEMAN,OK,263
4008370,COLLINSVILLE,OK,3201
4008460,COMANCHE,OK,858
4008490,COMMERCE,OK,837
4008610,COPAN,OK,269
4008640,CORDELL,OK,615
4008730,COTTONWOOD,OK,128
4008790,COVINGTON-DOUGLAS,OK,229
4008850,COWETA,OK,3668
4008940,COYLE,OK,347
4009000,CRESCENT,OK,564
4009060,CROOKED OAK,OK,1244
4009090,CROWDER,OK,327
4009150,CRUTCHO,OK,365
4009240,CUSHING,OK,1681
4009300,CYRIL,OK,348
4009360,DAHLONEGAH,OK,163
4009390,DALE,OK,864
4009420,DARLINGTON,OK,241
4009450,DAVENPORT,OK,363
4009510,DAVIS,OK,856
4009570,DEER CREEK,OK,8156
4009720,DENISON,OK,282
4009750,DEPEW,OK,364
4009780,DEWAR,OK,531
4009810,DEWEY,OK,1157
4009870,DIBBLE,OK,763
4009910,DICKSON,OK,1229
4010050,DOVER,OK,206
4010170,DRUMMOND,OK,351
4010200,DRUMRIGHT,OK,417
4010260,DUKE,OK,152
4010290,DUNCAN,OK,3278
4010350,DURANT,OK,3844
4010440,EAGLETOWN,OK,150
4010500,EARLSBORO,OK,239
4010560,PEAVINE,OK,105
4010590,EDMOND,OK,25746
4010650,EL RENO,OK,2937
4010710,ELGIN,OK,2534
4010740,ELK CITY,OK,2122
4010860,ELMORE CITY-PERNELL,OK,452
4010890,EMPIRE,OK,506
4010920,ENID,OK,7381
4011040,ERICK,OK,174
4011160,EUFAULA,OK,1148
4011250,FAIRLAND,OK,551
4011280,FAIRVIEW,OK,734
4011400,FANSHAWE,OK,94
4011430,FARGO,OK,226
4011580,FELT,OK,71
4011700,FLETCHER,OK,473
4011760,FLOWER MOUND,OK,353
4011850,FOREST GROVE,OK,146
4011880,FORGAN,OK,104
4011970,FORT GIBSON,OK,1714
4012000,FORT SUPPLY,OK,127
4012060,FOX,OK,143
4012090,FOYIL,OK,427
4012150,FREDERICK,OK,737
4012180,FREEDOM,OK,36
4012210,FRIEND,OK,219
4012240,FRINK-CHAMBERS,OK,388
4012300,FORT TOWSON,OK,316
4012390,GANS,OK,345
4012420,GARBER,OK,377
4012570,GEARY,OK,241
4012630,GERONIMO,OK,322
4012690,GLENCOE,OK,309
4012720,GLENPOOL,OK,2826
4012750,GLOVER,OK,57
4012870,GOODWELL,OK,194
4012900,GORE,OK,470
4013080,GRACEMONT,OK,153
4013200,GRANDFIELD,OK,218
4013230,GRAND VIEW,OK,521
4013260,GRANDVIEW,OK,72
4013290,GRANITE,OK,212
4013500,GROVE,OK,539
4013530,GROVE,OK,2425
4013560,GUTHRIE,OK,3483
4013590,GUYMON,OK,3009
4013600,GYPSY,OK,41
4013620,HAILEYVILLE,OK,288
4013650,HAMMON,OK,257
4013680,HANNA,OK,56
4013740,HARDESTY,OK,43
4013830,HARMONY,OK,246
4013890,HARRAH,OK,2077
4013920,HARTSHORNE,OK,708
4013950,HASKELL,OK,747
4014080,HAWORTH,OK,429
4014100,HAYWOOD,OK,102
4014130,HEALDTON,OK,483
4014160,HEAVENER,OK,842
4014340,HENNESSEY,OK,812
4014370,HENRYETTA,OK,1063
4014520,HILLDALE,OK,2008
4014610,HINTON,OK,710
4014670,MIDWAY,OK,204
4014700,HOBART,OK,631
4014730,HODGEN,OK,220
4014790,HOLDENVILLE,OK,940
4014850,HOLLIS,OK,456
4014890,HOLLY CREEK,OK,209
4014970,HOMINY,OK,522
4015090,HOOKER,OK,610
4015120,HOWE,OK,666
4015210,HUGO,OK,1074
4015240,HULBERT,OK,534
4015370,IDABEL,OK,1277
4015420,INDIAHOMA,OK,172
4015450,INDIANOLA,OK,273
4015480,INOLA,OK,1358
4015690,JAY,OK,1559
4015720,JENKS,OK,12527
4015750,JENNINGS,OK,303
4015840,JONES,OK,1170
4015900,JUSTICE,OK,148
4015930,JUSTUS-TIAWAH,OK,460
4015990,KANSAS,OK,815
4016170,KELLYVILLE,OK,835
4016320,KENWOOD,OK,90
4016350,KEOTA,OK,355
4016380,KETCHUM,OK,543
4016470,KEYSTONE,OK,276
4016500,KIEFER,OK,1000
4016530,KILDARE,OK,109
4016560,KINGFISHER,OK,1306
4016590,KINGSTON,OK,1234
4016620,KINTA,OK,172
4016650,KIOWA,OK,277
4016710,KONAWA,OK,536
4016720,KREBS,OK,435
4016740,KREMLIN-HILLSDALE,OK,270
4017020,DEER CREEK-LAMONT,OK,138
4017040,LANE,OK,229
4017190,LATTA,OK,934
4017220,LAVERNE,OK,440
4017250,LAWTON,OK,13642
4017280,LE FLORE,OK,219
4017310,LEACH,OK,145
4017370,LEEDEY,OK,209
4017580,LEXINGTON,OK,983
4017700,LIBERTY,OK,349
4017760,LIBERTY,OK,457
4017850,LINDSAY,OK,1130
4017880,LITTLE AXE,OK,1138
4018000,LOCUST GROVE,OK,1177
4018090,LONE GROVE,OK,1454
4018240,LONE STAR,OK,876
4018270,LONE WOLF,OK,94
4018390,LOOKEBA SICKLES,OK,217
4018480,LOWREY,OK,100
4018570,LUKFATA,OK,363
4018630,LUTHER,OK,815
4018660,MACOMB,OK,298
4018700,MADILL,OK,1716
4018780,MANGUM,OK,606
4018840,MANNFORD,OK,1503
4018870,MANNSVILLE,OK,95
4018900,MAPLE,OK,192
4018960,MARBLE CITY,OK,80
4018990,MARIETTA,OK,1071
4019080,MARLOW,OK,1355
4019200,MARYETTA,OK,640
4019260,MASON,OK,235
4019290,MAUD,OK,220
4019380,MAYSVILLE,OK,281
4019410,MCCURTAIN,OK,240
4019440,MCALESTER,OK,3008
4019500,MCCORD,OK,294
4019560,MCLOUD,OK,1551
4019620,MEDFORD,OK,324
4019680,MEEKER,OK,774
4019800,MERRITT,OK,786
4019860,MIAMI,OK,1997
4019890,MIDDLEBERG,OK,309
4019950,MIDWEST CITY-DEL CITY,OK,12087
4019980,MILBURN,OK,196
4020040,MILL CREEK,OK,200
4020080,MILLWOOD,OK,1038
4020100,MINCO,OK,625
4020160,MOFFETT,OK,319
4020190,MONROE,OK,99
4020250,MOORE,OK,23567
4020280,MOORELAND,OK,545
4020310,MORRIS,OK,895
4020340,MORRISON,OK,617
4020430,MOSELEY,OK,183
4020460,MOSS,OK,245
4020550,MOUNDS,OK,510
4020640,MOYERS,OK,173
4020880,MULDROW,OK,1307
4020910,MULHALL-ORLANDO,OK,233
4020970,MUSKOGEE,OK,4770
4021000,MUSTANG,OK,13426
4021030,SHARON-MUTUAL,OK,218
4021120,NASHOBA,OK,52
4021180,NAVAJO,OK,473
4021360,NEW LIMA,OK,264
4021510,NEWCASTLE,OK,2618
4021540,NEWKIRK,OK,743
4021600,NINNEKAH,OK,428
4021630,NOBLE,OK,2998
4021720,NORMAN,OK,16048
4021780,CHISHOLM,OK,1095
4021900,NORWOOD,OK,118
4021930,NOWATA,OK,703
4022160,OAK GROVE,OK,154
4022350,OAKDALE,OK,687
4022410,OAKS-MISSION,OK,138
4022560,OILTON,OK,240
4022590,OKARCHE,OK,450
4022620,OKAY,OK,365
4022650,OKEENE,OK,330
4022770,OKLAHOMA CITY,OK,32750
4022800,OKMULGEE,OK,1077
4022830,OKTAHA,OK,646
4022860,OLIVE,OK,208
4022950,LOMEGA,OK,209
4023040,OOLOGAH-TALALA,OK,1709
4023070,OPTIMA,OK,47
4023190,OSAGE,OK,94
4023220,OSAGE HILLS,OK,159
4023280,OWASSO,OK,9761
4023340,PADEN,OK,207
4023370,PANAMA,OK,744
4023400,PANOLA,OK,70
4023430,PAOLI,OK,153
4023550,PAULS VALLEY,OK,1434
4023580,PAWHUSKA,OK,679
4023610,PAWNEE,OK,615
4023700,PECKHAM,OK,99
4023730,PEGGS,OK,163
4023800,PERKINS-TRYON,OK,1591
4023850,PERRY,OK,1031
4023970,PIEDMONT,OK,5407
4024150,PIONEER,OK,384
4024180,PITTSBURG,OK,163
4024240,PLAINVIEW,OK,1568
4024330,PLEASANT GROVE,OK,198
4024510,PIONEER-PLEASANT VALE,OK,456
4024630,POCOLA,OK,731
4024690,PONCA CITY,OK,4466
4024720,POND CREEK-HUNTER,OK,309
4024840,PORUM,OK,387
4024870,POTEAU,OK,2146
4024930,PRAGUE,OK,1007
4025050,PRESTON,OK,590
4025080,PRETTY WATER,OK,265
4025170,PRUE,OK,275
4025200,PRYOR,OK,2910
4025230,PURCELL,OK,1463
4025290,PUTNAM CITY,OK,18836
4025320,QUAPAW,OK,594
4025410,QUINTON,OK,375
4025470,CANEY VALLEY,OK,685
4025500,RATTAN,OK,410
4025530,RAVIA,OK,64
4025590,RED OAK,OK,264
4025800,REYDON,OK,108
4025860,RINGLING,OK,314
4025920,RINGWOOD,OK,300
4025950,RIPLEY,OK,460
4026010,RIVERSIDE,OK,170
4026100,ROBIN HILL,OK,391
4026250,ROCKY MOUNTAIN,OK,193
4026280,ROFF,OK,263
4026310,ROLAND,OK,931
4026550,RUSH SPRINGS,OK,473
4026580,RYAL,OK,54
4026610,RYAN,OK,251
4026640,SOUTH COFFEYVILLE,OK,244
4026730,SALINA,OK,723
4026790,SALLISAW,OK,1919
4026880,SAND SPRINGS,OK,4983
4026910,SAPULPA,OK,3714
4026940,SASAKWA,OK,183
4027000,SAVANNA,OK,313
4027060,SAYRE,OK,687
4027090,SCHULTER,OK,220
4027240,SEILING,OK,435
4027300,SEMINOLE,OK,1401
4027330,SENTINEL,OK,290
4027390,SEQUOYAH,OK,1287
4027420,SHADY GROVE,OK,134
4027450,SHADY POINT,OK,158
4027540,SHATTUCK,OK,339
4027570,SHAWNEE,OK,3329
4027630,SHIDLER,OK,187
4027640,SILO,OK,1249
4027750,SKIATOOK,OK,2312
4027840,SMITHVILLE,OK,261
4027930,SNYDER,OK,445
4027960,SOPER,OK,321
4027990,SOUTH ROCK CREEK,OK,418
4028170,SPERRY,OK,1008
4028200,SPIRO,OK,1087
4028350,SPRINGER,OK,209
4028590,STERLING,OK,312
4028620,STIDHAM,OK,93
4028650,STIGLER,OK,1150
4028680,STILLWATER,OK,6049
4028710,STILWELL,OK,1355
4028800,STONEWALL,OK,422
4028920,STRAIGHT,OK,30
4028980,STRATFORD,OK,657
4029010,STRINGTOWN,OK,252
4029040,STROTHER,OK,371
4029070,STROUD,OK,852
4029100,STUART,OK,205
4029160,SULPHUR,OK,1435
4029310,SWEETWATER,OK,115
4029380,TAHLEQUAH,OK,3712
4029400,TALIHINA,OK,455
4029430,TALOGA,OK,126
4029520,TANNEHILL,OK,128
4029610,TECUMSEH,OK,1946
4029640,TEMPLE,OK,164
4029670,TENKILLER,OK,157
4029820,TEXHOMA,OK,190
4029850,THACKERVILLE,OK,305
4029886,MOUNTAIN VIEW-GOTEBO,OK,258
4030030,TIPTON,OK,213
4030048,WOODLAND,OK,351
4030060,TISHOMINGO,OK,871
4030120,TONKAWA,OK,791
4030197,PORTER CONSOLIDATED,OK,582
4030240,TULSA,OK,33617
4030270,TUPELO,OK,235
4030290,TURKEY FORD,OK,104
4030300,TURNER,OK,342
4030330,TURPIN,OK,384
4030360,TUSHKA,OK,514
4030390,TUSKAHOMA,OK,89
4030420,TUTTLE,OK,1979
4030450,TWIN HILLS,OK,314
4030480,TYRONE,OK,210
4030600,UNION,OK,14950
4030630,UNION CITY,OK,310
4030870,VALLIANT,OK,903
4030960,VANOSS,OK,574
4030990,VARNUM,OK,330
4031020,VELMA-ALMA,OK,447
4031080,VERDEN,OK,366
4031110,VERDIGRIS,OK,1352
4031140,VIAN,OK,780
4031170,VICI,OK,263
4031290,VINITA,OK,1285
4031350,WAGONER,OK,2007
4031380,WAINWRIGHT,OK,80
4031470,WALTERS,OK,588
4031500,WANETTE,OK,80
4031590,WAPANUCKA,OK,172
4031650,WARNER,OK,833
4031710,WASHINGTON,OK,1208
4031770,WATONGA,OK,731
4031860,WATTS,OK,206
4031950,WAUKOMIS,OK,373
4031980,WAURIKA,OK,425
4032010,WAYNE,OK,454
4032040,WAYNOKA,OK,232
4032070,WEATHERFORD,OK,2404
4032130,WEBBERS FALLS,OK,299
4032190,WELCH,OK,297
4032220,WELEETKA,OK,398
4032280,WELLSTON,OK,445
4032370,WESTERN HEIGHTS,OK,2828
4032400,WESTVILLE,OK,1000
4032430,WETUMKA,OK,364
4032460,WEWOKA,OK,571
4032610,WHITE OAK,OK,43
4032640,WHITE ROCK,OK,165
4032670,WHITEBEAD,OK,294
4032700,WHITEFIELD,OK,231
4032730,WHITESBORO,OK,229
4032760,WICKLIFFE,OK,114
4032790,WILBURTON,OK,866
4032880,WILSON,OK,274
4032940,WILSON,OK,464
4032970,WISTER,OK,480
4033090,WOODALL,OK,373
4033180,WOODWARD,OK,2395
4033210,WRIGHT CITY,OK,472
4033240,WYANDOTTE,OK,866
4033300,WYNNEWOOD,OK,664
4033330,WYNONA,OK,76
4033360,YALE,OK,365
4033390,YARBROUGH,OK,108
4033480,YUKON,OK,9597
4033540,ZANEIS,OK,287
4033600,ZION,OK,263
4033601,ROCK CREEK,OK,492
4033602,FORT COBB-BROXTON,OK,259
4033603,BINGER-ONEY,OK,302
4100003,Falls City SD 57,OR,178
4100014,Vale SD 84,OR,912
4100015,Gervais SD 1,OR,1249
4100016,Yamhill Carlton SD 1,OR,1090
4100019,Harrisburg SD 7J,OR,863
4100020,North Santiam SD 29J,OR,2114
4100021,South Wasco County SD 1,OR,218
4100023,Hillsboro SD 1J,OR,18781
4100040,Knappa SD 4,OR,424
4100042,Malheur County SD 51,OR,0
4100048,North Wasco County SD 21,OR,2835
4100640,Myrtle Point SD 41,OR,571
4100990,Adel SD 21,OR,15
4101020,Adrian SD 61,OR,287
4101120,Greater Albany Public SD 8J,OR,8763
4101230,Amity SD 4J,OR,748
4101500,Arock SD 81,OR,12
4101560,Ashland SD 5,OR,2547
4101590,Ashwood SD 8,OR,3
4101620,Astoria SD 1,OR,1745
4101660,Athena-Weston SD 29RJ,OR,491
4101710,Baker SD 5J,OR,5201
4101800,Bandon SD 54,OR,646
4101830,Banks SD 13,OR,1083
4101920,Beaverton SD 48J,OR,37891
4101980,Bend-LaPine Administrative SD 1,OR,16878
4102040,Bethel SD 52,OR,5027
4102190,Black Butte SD 41,OR,24
4102310,Brookings-Harbor SD 17C,OR,1275
4102490,Harney County SD 3,OR,683
4102640,Canby SD 86,OR,4160
4102780,Cascade SD 5,OR,2736
4102800,Centennial SD 28J,OR,5451
4102840,Central SD 13J,OR,3054
4102910,Central Linn SD 552,OR,484
4102940,Central Point SD 6,OR,4773
4103260,Clatskanie SD 6J,OR,696
4103265,Rainier SD 13,OR,789
4103270,Colton SD 53,OR,597
4103330,Condon SD 25J,OR,131
4103390,Coquille SD 8,OR,1216
4103480,Corvallis SD 509J,OR,5917
4103600,Harney County SD 4,OR,1105
4103630,Harney County Union High SD 1J,OR,1315
4103660,Coos Bay SD 9,OR,2982
4103690,Creswell SD 40,OR,1099
4103720,Crook County SD,OR,3352
4103780,Crow-Applegate-Lorane SD 66,OR,295
4103840,Culver SD 4,OR,650
4103860,Dallas SD 2,OR,2956
4103940,David Douglas SD 40,OR,8774
4103990,Dayton SD 8,OR,834
4104020,Dayville SD 16J,OR,48
4104170,Diamond SD 7,OR,14
4104290,Double O SD 28,OR,5
4104350,North Douglas SD 22,OR,366
4104380,Drewsey SD 13,OR,7
4104410,Dufur SD 29,OR,352
4104500,Eagle Point SD 9,OR,4071
4104530,Echo SD 5,OR,328
4104590,Elgin SD 23,OR,386
4104700,Estacada SD 108,OR,3316
4104740,Eugene SD 4J,OR,15943
4104950,Fern Ridge SD 28J,OR,1401
4105020,South Harney SD 33,OR,7
4105080,Enterprise SD 21,OR,417
4105100,Siuslaw SD 97J,OR,1205
4105160,Forest Grove SD 15,OR,5712
4105310,Frenchglen SD 16,OR,1
4105430,Gaston SD 511J,OR,477
4105610,Gladstone SD 115,OR,1618
4105670,Glide SD 12,OR,746
4105760,Central Curry SD 1,OR,408
4105910,Grants Pass SD 7,OR,5727
4106000,Gresham-Barlow SD 10J,OR,11452
4106300,Hermiston SD 8,OR,5321
4106510,Hood River County SD,OR,3799
4106710,Jefferson SD 14J,OR,695
4106740,Jefferson County SD 509J,OR,2713
4106750,Jewell SD 8,OR,107
4106780,John Day SD 3,OR,465
4106820,Jordan Valley SD 3,OR,63
4106870,Joseph SD 6,OR,274
4106900,Three Rivers/Josephine County SD,OR,4442
4106930,Junction City SD 69,OR,1580
4106960,Juntura SD 12,OR,7
4107020,Klamath County SD,OR,6993
4107080,Klamath Falls City Schools,OR,2711
4107200,La Grande SD 1,OR,2061
4107230,Lake Oswego SD 7J,OR,6882
4107280,Lake County SD 7,OR,658
4107380,Lebanon Community SD 9,OR,3918
4107500,Lincoln County SD,OR,4809
4107530,Long Creek SD 17,OR,28
4107590,Lowell SD 71,OR,1046
4107710,Mapleton SD 32,OR,141
4107740,Marcola SD 79J,OR,930
4108010,McMinnville SD 40,OR,6301
4108040,Medford SD 549C,OR,13800
4108100,Santiam Canyon SD 129J,OR,2912
4108160,Milton-Freewater Unified SD 7,OR,1570
4108280,Mitchell SD 55,OR,1563
4108310,Molalla River SD 35,OR,2598
4108430,Monroe SD 1J,OR,351
4108460,Monument SD 8,OR,53
4108520,Morrow SD 1,OR,2234
4108550,Mt Angel SD 91,OR,689
4108650,Neah-Kah-Nie SD 56,OR,693
4108700,Nestucca Valley SD 101J,OR,500
4108720,Newberg SD 29J,OR,4033
4108820,North Bend SD 13,OR,2764
4108830,North Clackamas SD 12,OR,16982
4108880,North Marion SD 15,OR,1604
4109000,Nyssa SD 26,OR,2117
4109120,Oakland SD 1,OR,645
4109150,Oakridge SD 76,OR,516
4109270,Ontario SD 8C,OR,2170
4109330,Oregon City SD 62,OR,7247
4109480,Parkrose SD 3,OR,2780
4109510,Pendleton SD 16,OR,2929
4109530,Perrydale SD 21,OR,319
4109600,Philomath SD 17J,OR,1636
4109630,Phoenix-Talent SD 4,OR,2231
4109660,Pilot Rock SD 2,OR,287
4109690,Pine Creek SD 5,OR,2
4109750,Pinehurst SD 94,OR,11
4109870,Pleasant Hill SD 1,OR,957
4109960,Plush SD 18,OR,4
4110020,Port Orford-Langlois SD 2CJ,OR,236
4110040,Portland SD 1J,OR,43357
4110080,Powers SD 31,OR,115
4110110,Prairie City SD 4,OR,1211
4110350,Redmond SD 2J,OR,7141
4110520,Reynolds SD 7,OR,9762
4110530,Riddle SD 70,OR,346
4110560,Riverdale SD 51J,OR,565
4110680,Rogue River SD 35,OR,1071
4110710,Douglas County SD 4,OR,5550
4110820,Salem-Keizer SD 24J,OR,37982
4110890,Oregon Trail SD 46,OR,4222
4110980,Scappoose SD 1J,OR,2282
4111040,Scio SD 95,OR,1998
4111100,Seaside SD 10,OR,1439
4111220,Sheridan SD 48J,OR,1086
4111250,Sherman County SD,OR,288
4111290,Sherwood SD 88J,OR,4803
4111400,North Lake SD 14,OR,228
4111450,Silver Falls SD 4J,OR,3652
4111490,Sisters SD 6,OR,1163
4111580,South Lane SD 45J3,OR,2715
4111610,South Umpqua SD 19,OR,1412
4111640,Spray SD 1,OR,58
4111670,Springfield SD 19,OR,9250
4111720,St Helens SD 502,OR,2863
4111760,St Paul SD 45,OR,297
4111790,Stanfield SD 61,OR,499
4111910,Suntex SD 10,OR,5
4111940,Sutherlin SD 130,OR,1285
4111970,Sweet Home SD 55,OR,2249
4112240,Tigard-Tualatin SD 23J,OR,11433
4112320,Tillamook SD 9,OR,2012
4112360,Troy SD 54,OR,4
4112600,Umatilla SD 6R,OR,1454
4112690,Union SD 5,OR,382
4112930,Vernonia SD 47J,OR,566
4112990,Wallowa SD 12,OR,208
4113080,Warrenton-Hammond SD 30,OR,924
4113170,West Linn-Wilsonville SD 3J,OR,8880
4113350,Willamina SD 30J,OR,819
4113490,Winston-Dillard SD 116,OR,1292
4113530,Woodburn SD 103,OR,5272
4113650,Yoncalla SD 32,OR,251
4200824,Central Valley SD,PA,2214
4202010,Abington Heights SD,PA,3403
4202040,Abington SD,PA,8400
4202100,Albert Gallatin Area SD,PA,2894
4202130,Aliquippa SD,PA,989
4202190,Allegheny Valley SD,PA,903
4202280,Allentown City SD,PA,16769
4202310,Allegheny-Clarion Valley SD,PA,574
4202340,Altoona Area SD,PA,6852
4202400,Wissahickon SD,PA,5210
4202440,Ambridge Area SD,PA,2189
4202480,Antietam SD,PA,1156
4202490,Annville-Cleona SD,PA,1435
4202550,Apollo-Ridge SD,PA,1153
4202590,Armstrong SD,PA,4293
4202670,Athens Area SD,PA,2023
4202700,Austin Area SD,PA,123
4202760,Avella Area SD,PA,473
4202790,Avon Grove SD,PA,4896
4202820,Avonworth SD,PA,1942
4202850,Pine-Richland SD,PA,4600
4202910,Bald Eagle Area SD,PA,1489
4202970,Baldwin-Whitehall SD,PA,4481
4203000,Bangor Area SD,PA,2672
4203120,Beaver Area SD,PA,1986
4203180,Bedford Area SD,PA,1686
4203210,Belle Vernon Area SD,PA,2426
4203240,Bellefonte Area SD,PA,2579
4203300,Bellwood-Antis SD,PA,1114
4203330,Bensalem Township SD,PA,6416
4203360,Bentworth SD,PA,1074
4203390,Benton Area SD,PA,611
4203420,Berlin Brothersvalley SD,PA,775
4203450,Bermudian Springs SD,PA,1716
4203480,Berwick Area SD,PA,2559
4203510,Bethel Park SD,PA,4019
4203570,Bethlehem Area SD,PA,12769
4203600,Bethlehem-Center SD,PA,939
4203630,Big Beaver Falls Area SD,PA,1638
4203660,Big Spring SD,PA,2379
4203688,Blackhawk SD,PA,2326
4203690,Blacklick Valley SD,PA,590
4203750,River Valley SD,PA,1433
4203840,Bloomsburg Area SD,PA,1496
4203870,Blue Mountain SD,PA,2424
4203900,Blue Ridge SD,PA,1028
4203960,Boyertown Area SD,PA,6375
4204020,Bradford Area SD,PA,2240
4204050,Brandywine Heights Area SD,PA,1250
4204080,Brownsville Area SD,PA,1403
4204140,Brentwood Borough SD,PA,1111
4204200,Bristol Borough SD,PA,1137
4204230,Bristol Township SD,PA,5985
4204260,Brockway Area SD,PA,840
4204320,Brookville Area SD,PA,1288
4204500,Burgettstown Area SD,PA,929
4204530,Burrell SD,PA,1692
4204590,Butler Area SD,PA,5901
4204710,California Area SD,PA,939
4204740,Cambria Heights SD,PA,1228
4204830,Cameron County SD,PA,436
4204860,Camp Hill SD,PA,1218
4204890,Canon-McMillan SD,PA,5480
4204920,Canton Area SD,PA,803
4204980,Carbondale Area SD,PA,1498
4205010,Carlisle Area SD,PA,5180
4205040,Carlynton SD,PA,1357
4205070,Carmichaels Area SD,PA,940
4205160,Catasauqua Area SD,PA,1537
4205190,Centennial SD,PA,5319
4205310,Central Bucks SD,PA,16941
4205340,Central Cambria SD,PA,1504
4205370,Central Columbia SD,PA,1897
4205400,Central Dauphin SD,PA,12517
4205430,Central Greene SD,PA,1433
4205460,Crestwood SD,PA,2742
4205490,Central York SD,PA,5535
4205550,Chambersburg Area SD,PA,9429
4205640,Charleroi SD,PA,1384
4205700,Chartiers Valley SD,PA,3501
4205730,Chartiers-Houston SD,PA,1238
4205760,Cheltenham SD,PA,4176
4205860,Chester-Upland SD,PA,3143
4205880,Chestnut Ridge SD,PA,1200
4205910,Chichester SD,PA,2923
4206030,Clairton City SD,PA,782
4206060,Clarion Area SD,PA,818
4206090,Clarion-Limestone Area SD,PA,783
4206120,Claysburg-Kimmel SD,PA,715
4206150,Clearfield Area SD,PA,2094
4206240,Coatesville Area SD,PA,5253
4206270,Cocalico SD,PA,2869
4206360,Columbia Borough SD,PA,1326
4206390,Commodore Perry SD,PA,427
4206420,Conemaugh Township Area SD,PA,872
4206430,Conemaugh Valley SD,PA,682
4206480,Conestoga Valley SD,PA,3848
4206550,Conewago Valley SD,PA,3703
4206590,Conneaut SD,PA,1746
4206660,Connellsville Area SD,PA,3328
4206780,Conrad Weiser Area SD,PA,2523
4206810,Cornell SD,PA,559
4206840,Cornwall-Lebanon SD,PA,4915
4206860,Corry Area SD,PA,1807
4206930,Coudersport Area SD,PA,511
4206960,Council Rock SD,PA,10403
4207050,Cranberry Area SD,PA,1146
4207080,Crawford Central SD,PA,3003
4207110,Cumberland Valley SD,PA,10401
4207140,Curwensville Area SD,PA,962
4207200,Dallas SD,PA,2407
4207230,Dallastown Area SD,PA,6365
4207290,Daniel Boone Area SD,PA,2896
4207320,Danville Area SD,PA,2138
4207530,Delaware Valley SD,PA,4251
4207540,Deer Lakes SD,PA,1713
4207560,Derry Area SD,PA,1809
4207590,Derry Township SD,PA,3131
4207650,Donegal SD,PA,2750
4207680,Dover Area SD,PA,3184
4207710,Downingtown Area SD,PA,13074
4207830,DuBois Area SD,PA,3222
4207980,Dunmore SD,PA,1506
4208010,Duquesne City SD,PA,460
4208060,East Allegheny SD,PA,1425
4208280,Forest Area SD,PA,326
4208460,Eastern Lebanon County SD,PA,2323
4208490,East Lycoming SD,PA,1602
4208550,East Penn SD,PA,7851
4208580,East Pennsboro Area SD,PA,2593
4208670,East Stroudsburg Area SD,PA,6353
4208790,Eastern York SD,PA,2200
4208820,Eastern Lancaster County SD,PA,2578
4208850,Easton Area SD,PA,7928
4209090,Elizabeth Forward SD,PA,2317
4209120,Elizabethtown Area SD,PA,3527
4209150,Elk Lake SD,PA,1057
4209240,Ellwood City Area SD,PA,1520
4209270,Ephrata Area SD,PA,3918
4209300,Erie City SD,PA,10593
4209360,Everett Area SD,PA,1126
4209480,Exeter Township SD,PA,3858
4209540,Fairfield Area SD,PA,886
4209570,Fairview SD,PA,1938
4209600,Karns City Area SD,PA,1297
4209660,Fannett-Metal SD,PA,369
4209690,Farrell Area SD,PA,695
4209750,Ferndale Area SD,PA,618
4209780,Fleetwood Area SD,PA,2247
4209870,Forbes Road SD,PA,377
4209930,Forest City Regional SD,PA,783
4209940,Forest Hills SD,PA,1792
4209960,Fort Cherry SD,PA,928
4209990,Fort LeBoeuf SD,PA,1932
4210070,Fox Chapel Area SD,PA,4296
4210110,North Schuylkill SD,PA,2074
4210115,North Star SD,PA,998
4210200,Franklin Area SD,PA,1768
4210230,Franklin Regional SD,PA,3303
4210350,Frazier SD,PA,970
4210380,Freedom Area SD,PA,1167
4210440,Freeport Area SD,PA,1755
4210530,Galeton Area SD,PA,289
4210590,Garnet Valley SD,PA,4449
4210620,Gateway SD,PA,3485
4210650,General McLane SD,PA,2080
4210710,Gettysburg Area SD,PA,2783
4210740,Girard SD,PA,1448
4210830,Glendale SD,PA,652
4210860,Governor Mifflin SD,PA,4158
4210870,Great Valley SD,PA,4846
4210920,Greensburg Salem SD,PA,2457
4210950,Greater Johnstown SD,PA,2840
4210980,Greater Latrobe SD,PA,3357
4211010,Greencastle-Antrim SD,PA,2911
4211160,Greenville Area SD,PA,1236
4211190,Greenwood SD,PA,711
4211220,Grove City Area SD,PA,1867
4211310,Halifax Area SD,PA,858
4211340,Hamburg Area SD,PA,2072
4211400,Hampton Township SD,PA,2589
4211420,Hanover Area SD,PA,2233
4211450,Hanover Public SD,PA,1953
4211490,Harbor Creek SD,PA,2090
4211520,Harmony Area SD,PA,234
4211580,Harrisburg City SD,PA,6578
4211610,Hatboro-Horsham SD,PA,4215
4211670,Haverford Township SD,PA,6511
4211700,Hazleton Area SD,PA,13141
4211730,Saucon Valley SD,PA,1862
4211760,Hempfield Area SD,PA,5062
4211790,Hempfield SD,PA,6918
4211820,Hermitage SD,PA,1993
4211880,Highlands SD,PA,2047
4211940,Hollidaysburg Area SD,PA,3079
4212030,Hopewell Area SD,PA,2044
4212090,Huntingdon Area SD,PA,1702
4212150,Indiana Area SD,PA,2824
4212170,Interboro SD,PA,3366
4212210,Iroquois SD,PA,1118
4212300,Jamestown Area SD,PA,343
4212330,Jeannette City SD,PA,932
4212390,Jefferson-Morgan SD,PA,774
4212420,Jenkintown SD,PA,734
4212480,Jersey Shore Area SD,PA,2089
4212540,Jim Thorpe Area SD,PA,1683
4212570,Johnsonburg Area SD,PA,519
4212600,Juniata County SD,PA,2234
4212630,Juniata Valley SD,PA,659
4212660,Kane Area SD,PA,915
4212690,Kennett Consolidated SD,PA,3831
4212720,Keystone SD,PA,805
4212725,Keystone Central SD,PA,3325
4212750,Keystone Oaks SD,PA,1931
4212840,Kiski Area SD,PA,3297
4212930,Kutztown Area SD,PA,1357
4212990,Lackawanna Trail SD,PA,932
4213020,Lake-Lehman SD,PA,1568
4213050,Lakeland School District,PA,1323
4213080,Lakeview SD,PA,802
4213110,Lampeter-Strasburg SD,PA,2761
4213140,Lancaster SD,PA,9959
4213290,Homer-Center SD,PA,770
4213320,Laurel Highlands SD,PA,2690
4213380,Laurel SD,PA,977
4213440,Lebanon SD,PA,4773
4213470,Leechburg Area SD,PA,617
4213500,Lehighton Area SD,PA,2114
4213590,Lewisburg Area SD,PA,1810
4213710,Ligonier Valley SD,PA,1352
4213770,Penn Cambria SD,PA,1449
4213980,Littlestown Area SD,PA,1697
4214100,Lower Dauphin SD,PA,3352
4214160,Lower Merion SD,PA,8533
4214190,Lower Moreland Township SD,PA,2584
4214250,Methacton SD,PA,4595
4214310,Loyalsock Township SD,PA,1510
4214430,Mahanoy Area SD,PA,1140
4214460,Line Mountain SD,PA,987
4214550,Manheim Central SD,PA,2780
4214580,Manheim Township SD,PA,6004
4214730,Marion Center Area SD,PA,1201
4214760,Marple Newtown SD,PA,3942
4214790,Mars Area SD,PA,3636
4214850,Central Fulton SD,PA,911
4214880,McGuffey SD,PA,1530
4214940,McKeesport Area SD,PA,2883
4215030,Mechanicsburg Area SD,PA,4717
4215120,Mercer Area SD,PA,995
4215150,Meyersdale Area SD,PA,750
4215170,Mid Valley SD,PA,1934
4215210,Midd-West SD,PA,1918
4215240,Middletown Area SD,PA,2284
4215270,Midland Borough SD,PA,227
4215290,Mifflin County SD,PA,4507
4215330,Millcreek Township SD,PA,6413
4215360,Millersburg Area SD,PA,708
4215450,Millville Area SD,PA,527
4215480,Milton Area SD,PA,1911
4215510,Minersville Area SD,PA,1050
4215540,Mohawk Area SD,PA,1444
4215600,Monessen City SD,PA,653
4215660,Montgomery Area SD,PA,921
4215720,Montour SD,PA,3256
4215750,Montoursville Area SD,PA,1679
4215810,Montrose Area SD,PA,1225
4215830,Moon Area SD,PA,4140
4215900,Morrisville Borough SD,PA,838
4215960,Moshannon Valley SD,PA,763
4215990,Mount Carmel Area SD,PA,1558
4216020,Mount Union Area SD,PA,1112
4216050,Mountain View SD,PA,905
4216110,Mt Lebanon SD,PA,5504
4216170,Mount Pleasant Area SD,PA,1853
4216200,Muhlenberg SD,PA,4424
4216230,Muncy SD,PA,924
4216290,Greater Nanticoke Area SD,PA,2293
4216380,Nazareth Area SD,PA,4885
4216410,Neshaminy SD,PA,9419
4216440,Neshannock Township SD,PA,1242
4216500,Woodland Hills SD,PA,3228
4216530,New Brighton Area SD,PA,1249
4216620,New Castle Area SD,PA,2920
4216740,New Kensington-Arnold SD,PA,1991
4216860,New Hope-Solebury SD,PA,1245
4216890,Newport SD,PA,942
4216980,Norristown Area SD,PA,7677
4217010,North Allegheny SD,PA,8613
4217100,Moniteau SD,PA,1105
4217130,North Clarion County SD,PA,627
4217160,North East SD,PA,1435
4217220,North Hills SD,PA,4627
4217280,North Penn SD,PA,12911
4217310,North Pocono SD,PA,2879
4217370,Northampton Area SD,PA,5124
4217430,Riverside Beaver County SD,PA,1442
4217460,Northeast Bradford SD,PA,643
4217520,Northeastern York SD,PA,3971
4217580,Northern Bedford County SD,PA,860
4217610,Northern Cambria SD,PA,767
4217640,Northern Lebanon SD,PA,2031
4217670,Northern Lehigh SD,PA,1627
4217700,Northern Potter SD,PA,512
4217730,Northern Tioga SD,PA,1989
4217760,Northern York County SD,PA,3236
4217770,Northgate SD,PA,1105
4217790,Northwest Area SD,PA,897
4217850,Northwestern Lehigh SD,PA,1924
4217880,Northwestern SD,PA,1178
4217940,Norwin SD,PA,4986
4218030,Octorara Area SD,PA,1968
4218090,Oil City Area SD,PA,1932
4218120,Old Forge SD,PA,986
4218150,Oley Valley SD,PA,1443
4218210,Oswayo Valley SD,PA,272
4218240,Otto-Eldred SD,PA,545
4218270,Owen J Roberts SD,PA,5323
4218300,Oxford Area SD,PA,3129
4218330,Palisades SD,PA,1377
4218360,Palmerton Area SD,PA,1637
4218390,Palmyra Area SD,PA,3414
4218450,Panther Valley SD,PA,1773
4218510,Parkland SD,PA,9996
4218570,Pen Argyl Area SD,PA,1419
4218580,Penn-Delco SD,PA,3209
4218590,Penn Hills SD,PA,2953
4218630,Penn Manor SD,PA,5458
4218660,Penn-Trafford SD,PA,3789
4218740,Penncrest SD,PA,2408
4218750,Pennridge SD,PA,5987
4218780,Penns Manor Area SD,PA,703
4218810,Penns Valley Area SD,PA,1271
4218840,Pennsbury SD,PA,9475
4218900,Pequea Valley SD,PA,1307
4218930,Perkiomen Valley SD,PA,4701
4218960,Peters Township SD,PA,4013
4218990,Philadelphia City SD,PA,120057
4219020,Philipsburg-Osceola Area SD,PA,1606
4219050,Phoenixville Area SD,PA,3983
4219140,Pine Grove Area SD,PA,1469
4219170,Pittsburgh SD,PA,19571
4219200,Pittston Area SD,PA,3272
4219290,Pleasant Valley SD,PA,3989
4219350,Plum Borough SD,PA,3556
4219470,Colonial SD,PA,5713
4219500,Pocono Mountain SD,PA,7818
4219530,Port Allegany SD,PA,889
4219560,Portage Area SD,PA,743
4219650,Pottsgrove SD,PA,2957
4219680,Pottstown SD,PA,3264
4219710,Pottsville Area SD,PA,2589
4219800,Punxsutawney Area SD,PA,1928
4219830,Purchase Line SD,PA,726
4219860,Quaker Valley SD,PA,1800
4219890,Quakertown Community SD,PA,4587
4219920,Radnor Township SD,PA,3598
4220040,Reading SD,PA,16664
4220100,Red Lion Area SD,PA,4567
4220130,Redbank Valley SD,PA,959
4220220,Reynolds SD,PA,960
4220250,Richland SD,PA,1531
4220310,Ridgway Area SD,PA,781
4220370,Ridley SD,PA,5628
4220400,Ringgold SD,PA,2455
4220430,Riverview SD,PA,1010
4220460,Rochester Area SD,PA,756
4220520,Rockwood Area SD,PA,566
4220550,Rose Tree Media SD,PA,4267
4220580,South Fayette Township SD,PA,3551
4220640,Saint Marys Area SD,PA,1848
4220730,Salisbury Township SD,PA,1457
4220760,Salisbury-Elk Lick SD,PA,255
4220850,Sayre Area SD,PA,824
4220910,Schuylkill Haven Area SD,PA,1172
4220970,Schuylkill Valley SD,PA,2130
4221090,Scranton SD,PA,9237
4221120,Selinsgrove Area SD,PA,2284
4221150,Yough SD,PA,1838
4221180,Shade-Central City SD,PA,303
4221200,Shaler Area SD,PA,3840
4221240,Shamokin Area SD,PA,2164
4221270,Shanksville-Stonycreek SD,PA,284
4221330,Sharon City SD,PA,1839
4221420,Sharpsville Area SD,PA,989
4221490,Shenandoah Valley SD,PA,1283
4221510,Shenango Area SD,PA,940
4221540,Shikellamy SD,PA,2688
4221570,Shippensburg Area SD,PA,3638
4221660,Slippery Rock Area SD,PA,1858
4221690,Smethport Area SD,PA,708
4221810,Solanco SD,PA,3013
4221840,Somerset Area SD,PA,1977
4221870,Souderton Area SD,PA,6061
4221910,South Allegheny SD,PA,1447
4221930,Knoch SD,PA,2028
4222050,South Middleton SD,PA,2160
4222060,South Park SD,PA,1888
4222140,South Williamsport Area SD,PA,1068
4222170,South Eastern SD,PA,2504
4222200,Southeastern Greene SD,PA,563
4222230,South Side Area SD,PA,863
4222260,Southern Columbia Area SD,PA,1198
4222290,Southern Fulton SD,PA,669
4222320,Southern Huntingdon County SD,PA,1007
4222350,Southern Lehigh SD,PA,3063
4222370,Southern Tioga SD,PA,1694
4222380,Southern York County SD,PA,2724
4222400,Southeast Delco SD,PA,3855
4222410,Southmoreland SD,PA,1817
4222440,Seneca Valley SD,PA,7491
4222470,South Western SD,PA,4406
4222530,Spring Cove SD,PA,1577
4222560,Spring-Ford Area SD,PA,8101
4222590,Spring Grove Area SD,PA,3872
4222600,Springfield SD,PA,4432
4222620,Springfield Township SD,PA,2518
4222710,Saint Clair Area SD,PA,551
4222740,Tuscarora SD,PA,2182
4222770,State College Area SD,PA,6799
4222790,Steel Valley SD,PA,1429
4222800,Steelton-Highspire SD,PA,1474
4222830,Sto-Rox SD,PA,933
4222860,Stroudsburg Area SD,PA,4361
4222920,Sullivan County SD,PA,620
4222980,Susquehanna Community SD,PA,772
4223010,Susquehanna Township SD,PA,3153
4223040,Susquenita SD,PA,1705
4223220,Tamaqua Area SD,PA,2048
4223250,Riverside SD,PA,1504
4223490,Titusville Area SD,PA,1809
4223550,Towanda Area SD,PA,1488
4223640,Tredyffrin-Easttown SD,PA,6856
4223700,Tri-Valley SD,PA,882
4223760,Trinity Area SD,PA,3316
4223790,Troy Area SD,PA,1395
4223820,Tulpehocken Area SD,PA,1248
4223850,Tunkhannock Area SD,PA,1989
4223880,Turkeyfoot Valley Area SD,PA,253
4223970,Tussey Mountain SD,PA,925
4224000,Twin Valley SD,PA,2912
4224030,Tyrone Area SD,PA,1676
4224060,Union Area SD,PA,693
4224090,Union City Area SD,PA,949
4224120,Union SD,PA,503
4224150,Uniontown Area SD,PA,2536
4224210,Unionville-Chadds Ford SD,PA,3665
4224240,United SD,PA,868
4224300,Upper Adams SD,PA,1568
4224320,Upper Darby SD,PA,12356
4224360,Upper Dauphin Area SD,PA,1018
4224390,Upper Dublin SD,PA,4108
4224480,Upper Merion Area SD,PA,4427
4224510,Upper Moreland Township SD,PA,3550
4224540,Upper Perkiomen SD,PA,3082
4224570,Upper St. Clair SD,PA,4028
4224630,Valley Grove SD,PA,821
4224650,Valley View SD,PA,2383
4224750,Wallenpaupack Area SD,PA,2766
4224790,Wallingford-Swarthmore SD,PA,3699
4224820,Warren County SD,PA,3796
4224870,Warrior Run SD,PA,1376
4224960,Warwick SD,PA,3705
4224970,Wayne Highlands SD,PA,2369
4224990,Washington SD,PA,1471
4225080,Wattsburg Area SD,PA,1260
4225110,Waynesboro Area SD,PA,4090
4225140,Weatherly Area SD,PA,605
4225170,Wellsboro Area SD,PA,1372
4225200,West Allegheny SD,PA,3469
4225230,West Branch Area SD,PA,848
4225290,West Chester Area SD,PA,12042
4225440,West Greene SD,PA,640
4225590,West Jefferson Hills SD,PA,3501
4225650,West Middlesex Area SD,PA,700
4225680,West Mifflin Area SD,PA,2437
4225740,West Perry SD,PA,2161
4225830,West Shore SD,PA,7467
4225950,Wyoming Valley West SD,PA,4959
4225980,West York Area SD,PA,2750
4226010,Mifflinburg Area SD,PA,1706
4226040,Western Beaver County SD,PA,666
4226070,Western Wayne SD,PA,1803
4226130,Westmont Hilltop SD,PA,1449
4226250,Whitehall-Coplay SD,PA,4185
4226300,Wilkes-Barre Area SD,PA,8228
4226370,Wilkinsburg Borough SD,PA,476
4226390,William Penn SD,PA,4499
4226400,Williams Valley SD,PA,931
4226430,Williamsburg Community SD,PA,460
4226460,Williamsport Area SD,PA,4750
4226520,Wilmington Area SD,PA,950
4226550,Wilson Area SD,PA,2092
4226580,Wilson SD,PA,6575
4226610,Windber Area SD,PA,1261
4226700,Wyalusing Area SD,PA,1224
4226730,Wyoming Area SD,PA,1960
4226760,Wyomissing Area SD,PA,1898
4226820,York City SD,PA,6341
4226850,York Suburban SD,PA,2925
4400030,Barrington,RI,3294
4400065,Bristol Warren,RI,2693
4400090,Burrillville,RI,1993
4400120,Central Falls,RI,2560
4400150,Chariho,RI,2966
4400210,Coventry,RI,4056
4400240,Cranston,RI,10037
4400270,Cumberland,RI,4881
4400300,East Greenwich,RI,2490
4400330,East Providence,RI,5225
4400360,Exeter-West Greenwich,RI,1544
4400390,Foster,RI,241
4400420,Foster-Glocester,RI,1273
4400450,Glocester,RI,563
4400510,Jamestown,RI,406
4400540,Johnston,RI,3191
4400570,Lincoln,RI,3278
4400600,Little Compton,RI,218
4400630,Middletown,RI,1860
4400660,Narragansett,RI,977
4400690,New Shoreham,RI,126
4400720,Newport,RI,1795
4400750,North Kingstown,RI,3786
4400780,North Providence,RI,3488
4400810,North Smithfield,RI,1637
4400840,Pawtucket,RI,7816
4400870,Portsmouth,RI,2134
4400900,Providence,RI,20250
4400960,Scituate,RI,1194
4400990,Smithfield,RI,2361
4401020,South Kingstown,RI,2253
4401050,Tiverton,RI,1520
4401110,Warwick,RI,7853
4401140,West Warwick,RI,3469
4401170,Westerly,RI,2139
4401200,Woonsocket,RI,5541
4500002,Dorchester 04,SC,2110
4500690,Abbeville 60,SC,2746
4500720,Aiken 01,SC,22916
4500750,Allendale 01,SC,855
4500780,Anderson 01,SC,10886
4500810,Anderson 02,SC,3404
4500840,Anderson 03,SC,2772
4500870,Anderson 04,SC,3076
4500900,Anderson 05,SC,12131
4501080,Barnwell,SC,3123
4501110,Beaufort 01,SC,21050
4501170,Berkeley 01,SC,39423
4501250,Calhoun 01,SC,1465
4501440,Charleston 01,SC,50856
4501500,Cherokee 01,SC,7525
4501530,Chester 01,SC,4523
4501560,Chesterfield 01,SC,6872
4501830,Colleton 01,SC,4539
4501860,Darlington 01,SC,8793
4501920,Dillon 04,SC,3659
4501950,Dillon 03,SC,1492
4502010,Dorchester 02,SC,25928
4502070,Edgefield 01,SC,3069
4502100,Fairfield 01,SC,2103
4502130,Florence 01,SC,15861
4502160,Florence 02,SC,1114
4502190,Florence 03,SC,2767
4502250,Florence 05,SC,1143
4502280,Georgetown 01,SC,8208
4502310,Greenville 01,SC,77774
4502340,Greenwood 50,SC,8477
4502370,Greenwood 51,SC,888
4502400,Greenwood 52,SC,1359
4502490,Horry 01,SC,48662
4502520,Jasper 01,SC,2901
4502550,Kershaw 01,SC,11135
4502580,Lancaster 01,SC,15417
4502610,Laurens 55,SC,4984
4502640,Laurens 56,SC,2707
4502670,Lee 01,SC,1275
4502700,Lexington 01,SC,27074
4502730,Lexington 02,SC,8465
4502760,Lexington 03,SC,1961
4502790,Lexington 04,SC,3474
4502820,Lexington 05,SC,17053
4502970,Marlboro 01,SC,3380
4503000,McCormick 01,SC,523
4503030,Newberry 01,SC,5714
4503060,Oconee 01,SC,9978
4503330,Pickens 01,SC,16313
4503360,Richland 01,SC,21814
4503390,Richland 02,SC,28841
4503460,Saluda 01,SC,2525
4503480,Spartanburg 01,SC,5364
4503510,Spartanburg 02,SC,11806
4503540,Spartanburg 03,SC,2748
4503570,Spartanburg 04,SC,2961
4503600,Spartanburg 05,SC,11066
4503630,Spartanburg 06,SC,11714
4503660,Spartanburg 07,SC,7255
4503750,Union 01,SC,3542
4503780,Williamsburg 01,SC,2716
4503810,York 01,SC,4946
4503840,York 02,SC,9038
4503870,York 03,SC,16034
4503900,York 04,SC,18445
4503902,Sumter 01,SC,13871
4503903,SC Governor's School for Agriculture at John de la Howe Scho,SC,81
4503904,Governor's School for the Arts and Humanities,SC,235
4503907,Governor's School for Science and Mathematics,SC,296
4503908,Marion 10,SC,3633
4503910,Orangeburg,SC,10089
4503912,Hampton,SC,2272
4503915,Clarendon 06,SC,4216
4503916,Bamberg 03,SC,1817
4600002,Milbank School District 25-4,SD,973
4600003,Wilmot School District 54-7,SD,234
4600025,Howard School District 48-3,SD,356
4600028,Alcester-Hudson School District 61-1,SD,351
4600036,Deuel School District 19-4,SD,550
4600041,Britton-Hecla School District 45-4,SD,468
4600042,Agar-Blunt-Onida School District 58-3,SD,216
4600045,Groton Area School District 06-6,SD,578
4600046,Hitchcock Tulare School District 56-6,SD,236
4600052,Tea Area School District 41-5,SD,2509
4600053,Sisseton School District 54-2,SD,965
4601026,McCook Central School District 43-7,SD,455
4601028,Selby Area School District 62-5,SD,188
4602070,Aberdeen School District 06-1,SD,4233
4602640,Hanson School District 30-1,SD,384
4603720,Arlington School District 38-1,SD,292
4603780,Armour School District 21-1,SD,226
4603932,Sanborn Central School District 55-5,SD,212
4604270,Avon School District 04-1,SD,227
4604680,Baltic School District 49-1,SD,568
4605610,Belle Fourche School District 09-1,SD,1239
4606240,Bennett County School District 03-1,SD,442
4606360,Beresford School District 61-2,SD,648
4606960,Big Stone City School District 25-1,SD,79
4607050,Bison School District 52-1,SD,135
4607400,Bon Homme School District 04-2,SD,582
4607670,South Central School District 26-5,SD,84
4607800,Bowdle School District 22-1,SD,90
4607950,Brandon Valley School District 49-2,SD,5115
4608520,Brookings School District 05-1,SD,3546
4609300,Harding County School District 31-1,SD,227
4609512,Burke School District 26-2,SD,229
4610320,Canistota School District 43-1,SD,308
4610560,Canton School District 41-1,SD,888
4611280,Castlewood School District 28-1,SD,345
4611760,Centerville School District 60-1,SD,263
4612000,Chamberlain School District 07-1,SD,858
4612300,Chester Area School District 39-1,SD,582
4612940,Clark School District 12-2,SD,497
4614100,Colman-Egan School District 50-5,SD,329
4614130,Colome School District 59-3,SD,135
4616950,Custer School District 16-1,SD,887
4617850,De Smet School District 38-2,SD,362
4618120,Dell Rapids School District 49-3,SD,965
4619170,Doland School District 56-2,SD,141
4619410,Douglas School District 51-1,SD,2808
4619450,Dupree School District 64-2,SD,366
4619580,Jones County School District 37-3,SD,180
4620100,Eagle Butte School District 20-1,SD,380
4620850,Edgemont School District 23-1,SD,119
4621300,Elk Mountain School District 16-2,SD,16
4621340,Elk Point-Jefferson School District 61-7,SD,697
4621390,Elkton School District 05-3,SD,429
4621400,Frederick Area School District 06-2,SD,187
4621420,Bridgewater-Emery 30-3,SD,328
4622410,Estelline School District 28-2,SD,292
4622500,Ethan School District 17-1,SD,287
4622560,Eureka School District 44-1,SD,163
4622940,Faith School District 46-2,SD,181
4624030,Faulkton Area Schools 24-4,SD,404
4624390,Flandreau School District 50-3,SD,715
4624540,Florence School District 14-1,SD,352
4624850,Stanley County School District 57-1,SD,432
4625500,Freeman School District 33-1,SD,435
4626370,Garretson School District 49-4,SD,493
4626490,Gayville-Volin School District 63-1,SD,281
4626970,Gettysburg School District 53-1,SD,214
4629880,Gregory School District 26-4,SD,442
4630490,Haakon School District 27-1,SD,326
4630800,Hamlin School District 28-3,SD,896
4631350,Harrisburg School District 41-2,SD,6222
4631710,West Central School District 49-7,SD,1418
4632340,Henry School District 14-2,SD,192
4632430,Herreid School District 10-1,SD,147
4633360,Hill City School District 51-2,SD,520
4634440,Edmunds Central School District 22-5,SD,144
4634480,Hot Springs School District 23-2,SD,710
4634600,Hoven School District 53-2,SD,112
4635480,Huron School District 02-2,SD,3068
4636060,Ipswich Public School District 22-6,SD,462
4636150,Iroquois School District 02-3,SD,220
4636990,Dakota Valley School District 61-8,SD,1341
4638220,Kimball School District 07-2,SD,347
4639540,Andes Central School District 11-1,SD,323
4639600,Madison Central School District 39-2,SD,1169
4639990,Lake Preston School District 38-3,SD,170
4640860,Langford Area School District 45-5,SD,258
4641300,Lead-Deadwood School District 40-1,SD,647
4641520,Lemmon School District 52-4,SD,289
4641550,Lennox School District 41-4,SD,1192
4641640,Leola School District 44-2,SD,205
4644770,Lyman School District 42-1,SD,335
4644940,Tri-Valley School District 49-6,SD,952
4645450,Marion School District 60-3,SD,208
4646260,McIntosh School District 15-1,SD,129
4646380,McLaughlin School District 15-2,SD,443
4647100,Menno School District 33-2,SD,260
4647942,Miller School District 29-4,SD,483
4648390,Mitchell School District 17-2,SD,2619
4648780,Montrose School District 43-2,SD,266
4649650,Mount Vernon School District 17-3,SD,255
4650670,New Underwood School District 51-3,SD,280
4650850,Newell School District 09-2,SD,230
4651750,Northwestern Area School District 56-7,SD,387
4652770,Oelrichs School District 23-3,SD,124
4654270,Parker School District 60-4,SD,453
4654300,Parkston School District 33-3,SD,546
4655260,Pierre School District 32-2,SD,2749
4655710,Plankinton School District 01-1,SD,286
4659820,Rapid City Area School District 51-4,SD,12308
4660450,Redfield School District 56-4,SD,523
4663360,Rosholt School District 54-4,SD,235
4665180,Scotland School District 04-3,SD,262
4665460,Oglala Lakota County School District 65-1,SD,1696
4666270,Sioux Falls School District 49-5,SD,25051
4666300,Sioux Valley School District 05-5,SD,742
4666930,Spearfish School District 40-2,SD,2385
4669930,Meade School District 46-1,SD,3047
4670140,Summit School District 54-6,SD,182
4671880,Timber Lake School District 20-3,SD,372
4672090,Todd County School District 66-1,SD,1980
4672450,Tripp-Delmont School District 33-5,SD,168
4674370,Vermillion School District 13-1,SD,1381
4674520,Viborg-Hurley School District 60-6,SD,403
4675420,Wagner Community School District 11-4,SD,919
4675600,Smee School District 15-3,SD,174
4675660,Wall School District 51-5,SD,273
4676020,Warner School District 06-5,SD,313
4676620,Watertown School District 14-4,SD,3606
4676680,Waubay School District 18-3,SD,177
4676740,Waverly School District 14-5,SD,283
4676990,Webster Area School District 18-5,SD,546
4677460,Wessington Springs School District 36-2,SD,461
4678300,Deubrook Area School District 05-6,SD,429
4678510,White Lake School District 01-3,SD,125
4678570,White River School District 47-1,SD,420
4679350,Willow Lake School District 12-3,SD,344
4679710,Winner School District 59-2,SD,827
4680100,Wolsey Wessington School District 02-6,SD,316
4680190,Woonsocket School District 55-4,SD,272
4680430,Yankton School District 63-3,SD,3021
4680437,Kadoka Area School District 35-2,SD,283
4680438,Platte - Geddes School District 11-5,SD,522
4680439,Irene - Wakonda School District 13-3,SD,293
4680440,Highmore-Harrold School District 34-2,SD,229
4680441,Mobridge-Pollock School District 62-6,SD,596
4680445,Corsica-Stickney 21-3,SD,274
4680447,Oldham-Ramona-Rutland School District 39-6,SD,288
4700001,Hamblen County,TN,10300
4700030,Alamo,TN,600
4700060,Alcoa,TN,2270
4700090,Anderson County,TN,6018
4700120,Athens,TN,1748
4700148,Memphis-Shelby County Schools,TN,111124
4700149,Collierville,TN,9263
4700150,Millington Municipal Schools,TN,2587
4700151,Germantown,TN,6053
4700152,Arlington,TN,4403
4700153,Bartlett,TN,8834
4700154,Lakeland,TN,2538
4700180,Bedford County,TN,9042
4700210,Bells,TN,407
4700240,Benton County,TN,2150
4700270,Bledsoe County,TN,1570
4700300,Blount County,TN,10270
4700330,Bradley County,TN,10202
4700360,Bristol,TN,4044
4700420,Campbell County,TN,5118
4700450,Cannon County,TN,1813
4700510,Carter County,TN,4450
4700570,Cheatham County,TN,5451
4700600,Chester County,TN,2801
4700630,Claiborne County,TN,3967
4700660,Clay County,TN,1054
4700690,Cleveland,TN,5890
4700720,Clinton,TN,963
4700750,Cocke County,TN,4202
4700780,Coffee County,TN,4313
4700850,Crockett County,TN,1969
4700900,Cumberland County,TN,6970
4700930,Dayton,TN,891
4700960,Decatur County,TN,1492
4700990,DeKalb County,TN,3644
4701020,Dickson County,TN,7777
4701050,Dyer County,TN,3600
4701080,Dyersburg,TN,2585
4701110,Elizabethton,TN,2678
4701140,Etowah,TN,332
4701170,Fayette County Public Schools,TN,2908
4701200,Fayetteville,TN,1080
4701230,Fentress County,TN,2229
4701260,Franklin SSD,TN,3161
4701290,Franklin County,TN,4972
4701390,Bradford,TN,630
4701400,Gibson Co Sp Dist,TN,3828
4701410,Giles County,TN,3595
4701440,Grainger County,TN,2975
4701470,Greene County,TN,6088
4701500,Greeneville,TN,2977
4701530,Grundy County,TN,1711
4701590,Hamilton County,TN,45981
4701620,Hancock County,TN,903
4701650,Hardeman County Schools,TN,3157
4701680,Hardin County,TN,3294
4701740,Hawkins County,TN,6037
4701770,Haywood County,TN,2422
4701800,Henderson County,TN,3900
4701830,Henry County,TN,2924
4701860,Hickman County,TN,3001
4701890,Hollow Rock - Bruceton,TN,626
4701920,Houston County,TN,1265
4701950,Humboldt City Schools,TN,1044
4701980,Humphreys County,TN,2641
4702010,Huntingdon Special School District,TN,1364
4702070,Jackson County,TN,1389
4702100,Jefferson County,TN,6937
4702130,Johnson City,TN,7818
4702160,Johnson County,TN,4952
4702190,Kingsport,TN,7658
4702220,Knox County,TN,60185
4702280,Lake County,TN,743
4702310,Lauderdale County,TN,3277
4702340,Lawrence County,TN,6867
4702370,Lebanon,TN,4628
4702400,Lenoir City,TN,2638
4702430,Lewis County,TN,3731
4702460,Lexington,TN,893
4702490,Lincoln County,TN,3899
4702520,Loudon County,TN,5085
4702550,Macon County,TN,4216
4702580,Madison County,TN,13017
4702610,Manchester,TN,1628
4702640,Marion County,TN,3844
4702670,Marshall County,TN,5322
4702700,Maryville,TN,5717
4702760,Maury County,TN,13098
4702790,McKenzie,TN,1296
4702820,McMinn County,TN,5051
4702880,McNairy County,TN,3733
4702910,Meigs County,TN,1797
4702970,Milan,TN,2026
4703000,Monroe County,TN,5006
4703030,Montgomery County,TN,39385
4703060,Moore County,TN,882
4703090,Morgan County,TN,2800
4703150,Murfreesboro,TN,9342
4703180,Davidson County,TN,81021
4703210,Newport,TN,730
4703240,Oak Ridge,TN,5078
4703270,Obion County,TN,2959
4703300,Oneida,TN,1401
4703330,Overton County,TN,2924
4703360,Paris,TN,1538
4703390,Perry County,TN,1100
4703420,Pickett County,TN,605
4703450,Polk County,TN,2160
4703480,Putnam County,TN,11776
4703510,Rhea County,TN,3890
4703540,Richard City,TN,183
4703590,Roane County,TN,6178
4703600,Robertson County,TN,11267
4703660,Rogersville,TN,644
4703690,Rutherford County,TN,52127
4703720,Scott County,TN,2423
4703750,Sequatchie County,TN,1924
4703780,Sevier County,TN,14408
4703870,Smith County,TN,3056
4703900,South Carroll,TN,343
4703960,Stewart County,TN,1972
4703990,Sullivan County,TN,7878
4704020,Sumner County,TN,30719
4704050,Sweetwater,TN,1532
4704080,Tipton County,TN,9975
4704100,Trenton,TN,1372
4704170,Trousdale County,TN,1411
4704200,Tullahoma,TN,3632
4704230,Unicoi County,TN,2074
4704260,Union City,TN,1647
4704290,Union County,TN,5514
4704320,Van Buren County,TN,756
4704350,Warren County,TN,6241
4704380,Washington County,TN,7969
4704440,Wayne County,TN,2079
4704470,Weakley County,TN,3993
4704490,West Carroll Sp Dist,TN,734
4704500,White County,TN,3736
4704530,Williamson County,TN,41593
4704550,Wilson County,TN,20703
4704551,University Schools,TN,957
4800001,CROSBYTON CISD,TX,316
4800002,SPUR ISD,TX,192
4800003,ROCKSPRINGS ISD,TX,200
4800005,BLACKWELL CISD,TX,186
4800006,ASPERMONT ISD,TX,181
4800007,PANTHER CREEK CISD,TX,163
4800008,DRIPPING SPRINGS ISD,TX,8712
4800009,WIMBERLEY ISD,TX,2661
4800010,HAYS CISD,TX,24330
4800011,ALVARADO ISD,TX,3788
4800012,CHISUM ISD,TX,1184
4801473,UNIVERSITY OF TEXAS AT AUSTIN H S,TX,1056
4801480,TEXAS TECH UNIVERSITY K-12,TX,729
4807350,COLLEGE STATION ISD,TX,14314
4807380,ABBOTT ISD,TX,284
4807410,ABERNATHY ISD,TX,808
4807440,ABILENE ISD,TX,14536
4807470,ACADEMY ISD,TX,1832
4807500,ADRIAN ISD,TX,141
4807530,AGUA DULCE ISD,TX,421
4807590,ALAMO HEIGHTS ISD,TX,4749
4807650,ALBA-GOLDEN ISD,TX,818
4807680,ALBANY ISD,TX,474
4807710,ALDINE ISD,TX,56419
4807780,ALEDO ISD,TX,8430
4807800,ALICE ISD,TX,4297
4807830,ALIEF ISD,TX,38610
4807890,ALLEN ISD,TX,20838
4807950,ALPINE ISD,TX,905
4807980,ALTO ISD,TX,505
4808090,ALVIN ISD,TX,30038
4808100,ALVORD ISD,TX,844
4808130,AMARILLO ISD,TX,29321
4808160,AMHERST ISD,TX,102
4808190,ANAHUAC ISD,TX,1552
4808230,ANDERSON-SHIRO CISD,TX,979
4808280,ANDREWS ISD,TX,4209
4808310,ANGLETON ISD,TX,7105
4808340,ANNA ISD,TX,6038
4808400,ANSON ISD,TX,723
4808430,ANTHONY ISD,TX,725
4808460,ANTON ISD,TX,175
4808490,APPLE SPRINGS ISD,TX,179
4808520,AQUILLA ISD,TX,332
4808550,ROCKPORT-FULTON ISD,TX,2913
4808580,ARANSAS PASS ISD,TX,1624
4808610,ARCHER CITY ISD,TX,484
4808670,ARGYLE ISD,TX,6166
4808700,ARLINGTON ISD,TX,53339
4808730,ARP ISD,TX,1008
4808870,ATHENS ISD,TX,3029
4808880,ATLANTA ISD,TX,1929
4808910,AUBREY ISD,TX,4480
4808940,AUSTIN ISD,TX,72272
4809000,AUSTWELL-TIVOLI ISD,TX,141
4809030,AVALON ISD,TX,347
4809060,AVERY ISD,TX,304
4809090,AVINGER ISD,TX,112
4809150,AXTELL ISD,TX,834
4809200,AZLE ISD,TX,7304
4809280,BAIRD ISD,TX,348
4809300,BALLINGER ISD,TX,775
4809330,BALMORHEA ISD,TX,146
4809360,BANDERA ISD,TX,2218
4809390,BANGS ISD,TX,793
4809410,BANQUETE ISD,TX,744
4809450,BARBERS HILL ISD,TX,7875
4809540,BARTLETT ISD,TX,393
4809570,BASTROP ISD,TX,13370
4809630,BAY CITY ISD,TX,3473
4809670,BEAUMONT ISD,TX,16336
4809690,BECKVILLE ISD,TX,684
4809720,BEEVILLE ISD,TX,3033
4809750,BELLEVUE ISD,TX,234
4809780,BELLS ISD,TX,1007
4809810,BELLVILLE ISD,TX,2315
4809860,BELTON ISD,TX,13697
4809870,BEN BOLT-PALITO BLANCO ISD,TX,444
4809980,BENJAMIN ISD,TX,94
4810140,BIG SANDY ISD,TX,649
4810170,BIG SANDY ISD,TX,506
4810200,BIG SPRING ISD,TX,3376
4810230,BIRDVILLE ISD,TX,22267
4810260,BISHOP CISD,TX,1463
4810320,BLANCO ISD,TX,1102
4810350,BLAND ISD,TX,777
4810380,BLANKET ISD,TX,166
4810440,BLOOMBURG ISD,TX,229
4810470,BLOOMING GROVE ISD,TX,935
4810500,BLOOMINGTON ISD,TX,795
4810590,BLUE RIDGE ISD,TX,1048
4810620,BLUFF DALE ISD,TX,219
4810650,BLUM ISD,TX,334
4810710,BOERNE ISD,TX,11101
4810740,BOLES ISD,TX,543
4810780,BOLING ISD,TX,1151
4810800,BONHAM ISD,TX,2029
4810830,BOOKER ISD,TX,343
4810860,BORDEN COUNTY ISD,TX,249
4810890,BORGER ISD,TX,2325
4810910,BOSQUEVILLE ISD,TX,729
4810950,BOVINA ISD,TX,422
4810990,BOWIE ISD,TX,1503
4811010,BOYD ISD,TX,1386
4811040,BOYS RANCH ISD,TX,148
4811070,BRACKETT ISD,TX,521
4811110,BRADY ISD,TX,935
4811190,BRAZOSPORT ISD,TX,11169
4811220,BRECKENRIDGE ISD,TX,1374
4811250,BREMOND ISD,TX,485
4811280,BRENHAM ISD,TX,4872
4811310,BRIDGE CITY ISD,TX,3157
4811340,BRIDGEPORT ISD,TX,2133
4811400,FORT ELLIOTT CISD,TX,141
4811430,BROADDUS ISD,TX,377
4811460,BROCK ISD,TX,2169
4811490,BRONTE ISD,TX,232
4811520,BROOKELAND ISD,TX,381
4811550,BROOKESMITH ISD,TX,227
4811580,BROOKS COUNTY ISD,TX,1180
4811610,BROWNFIELD ISD,TX,1608
4811640,BROWNSBORO ISD,TX,2560
4811680,BROWNSVILLE ISD,TX,36140
4811700,BROWNWOOD ISD,TX,3393
4811730,BRUCEVILLE-EDDY ISD,TX,565
4811790,BRYAN ISD,TX,16044
4811820,BRYSON ISD,TX,267
4811850,BUCKHOLTS ISD,TX,112
4811910,BUENA VISTA ISD,TX,220
4811990,BUFFALO ISD,TX,988
4812060,BULLARD ISD,TX,2921
4812090,BUNA ISD,TX,1474
4812120,BURKBURNETT ISD,TX,3213
4812150,BURKEVILLE ISD,TX,252
4812180,BURLESON ISD,TX,12759
4812220,BURNET CISD,TX,3209
4812240,BURTON ISD,TX,623
4812360,BYNUM ISD,TX,187
4812390,CADDO MILLS ISD,TX,3073
4812420,CALALLEN ISD,TX,3745
4812460,CALDWELL ISD,TX,1952
4812480,CALHOUN COUNTY ISD,TX,3514
4812510,CALLISBURG ISD,TX,1151
4812540,CALVERT ISD,TX,145
4812640,CAMERON ISD,TX,1488
4812660,CAMPBELL ISD,TX,269
4812700,CANADIAN ISD,TX,758
4812750,CANTON ISD,TX,2309
4812780,CANUTILLO ISD,TX,5747
4812810,CANYON ISD,TX,11565
4812870,CARLISLE ISD,TX,646
4812990,CARRIZO SPRINGS CISD,TX,1852
4813020,CARROLL ISD,TX,8105
4813050,CARROLLTON-FARMERS BRANCH ISD,TX,24165
4813110,CARTHAGE ISD,TX,2637
4813170,CASTLEBERRY ISD,TX,3851
4813200,CAYUGA ISD,TX,577
4813230,CEDAR HILL ISD,TX,6253
4813260,CELESTE ISD,TX,489
4813290,CELINA ISD,TX,5324
4813320,CENTER ISD,TX,2307
4813350,CENTER POINT ISD,TX,534
4813380,CENTERVILLE ISD,TX,145
4813410,CENTERVILLE ISD,TX,676
4813440,CENTRAL HEIGHTS ISD,TX,1096
4813500,CENTRAL ISD,TX,1497
4813530,LUMBERTON ISD,TX,4108
4813590,CHANNELVIEW ISD,TX,9335
4813620,CHANNING ISD,TX,121
4813650,CHAPEL HILL ISD,TX,3072
4813680,CHAPEL HILL ISD,TX,928
4813710,CHARLOTTE ISD,TX,424
4813740,CHEROKEE ISD,TX,123
4813770,CHESTER ISD,TX,195
4813800,CHICO ISD,TX,572
4813860,CHILDRESS ISD,TX,978
4813890,CHILLICOTHE ISD,TX,189
4813920,CHILTON ISD,TX,566
4813960,CHINA SPRING ISD,TX,3013
4813980,CHIRENO ISD,TX,365
4814010,CHRISTOVAL ISD,TX,617
4814070,CISCO ISD,TX,835
4814130,CITY VIEW ISD,TX,1152
4814160,CLARENDON ISD,TX,401
4814190,CLARKSVILLE ISD,TX,500
4814250,CLAUDE ISD,TX,297
4814280,CLEAR CREEK ISD,TX,39684
4814310,CLEBURNE ISD,TX,6877
4814370,CLEVELAND ISD,TX,12513
4814400,CLIFTON ISD,TX,1001
4814430,CLINT ISD,TX,10077
4814450,CLYDE CISD,TX,1392
4814490,COAHOMA ISD,TX,1084
4814520,COLDSPRING-OAKHURST CISD,TX,1585
4814550,COLEMAN ISD,TX,796
4814580,COLLINSVILLE ISD,TX,600
4814600,COLMESNEIL ISD,TX,414
4814640,COLORADO ISD,TX,927
4814670,COLUMBIA-BRAZORIA ISD,TX,2871
4814700,COLUMBUS ISD,TX,1659
4814730,COMAL ISD,TX,29839
4814760,COMANCHE ISD,TX,1378
4814790,COMFORT ISD,TX,1072
4814820,COMMERCE ISD,TX,1542
4814850,COMMUNITY ISD,TX,5271
4814880,COMO-PICKTON CISD,TX,770
4814920,COMSTOCK ISD,TX,176
4814970,CONNALLY ISD,TX,2269
4815000,CONROE ISD,TX,72914
4815120,COOLIDGE ISD,TX,287
4815150,COOPER ISD,TX,903
4815180,LUBBOCK-COOPER ISD,TX,8030
4815210,COPPELL ISD,TX,13233
4815240,COPPERAS COVE ISD,TX,7761
4815270,CORPUS CHRISTI ISD,TX,33103
4815300,CORRIGAN-CAMDEN ISD,TX,834
4815330,CORSICANA ISD,TX,5998
4815360,COTTON CENTER ISD,TX,100
4815400,COTULLA ISD,TX,1157
4815420,COUPLAND ISD,TX,323
4815480,COVINGTON ISD,TX,353
4815510,CRANDALL ISD,TX,6922
4815540,CRANE ISD,TX,1233
4815570,CRANFILLS GAP ISD,TX,116
4815600,CRAWFORD ISD,TX,596
4815690,CROCKETT COUNTY CONSOLIDATED CSD,TX,621
4815720,CROCKETT ISD,TX,1124
4815750,CROSBY ISD,TX,7046
4815810,CROSS PLAINS ISD,TX,365
4815840,CROSS ROADS ISD,TX,558
4815870,CROWELL ISD,TX,189
4815910,CROWLEY ISD,TX,17011
4815930,CRYSTAL CITY ISD,TX,1643
4815960,CUERO ISD,TX,1888
4815990,CULBERSON COUNTY-ALLAMOORE ISD,TX,381
4816020,CUMBY COLLEGIATE ISD,TX,463
4816080,CUSHING ISD,TX,558
4816110,CYPRESS-FAIRBANKS ISD,TX,117927
4816140,D'HANIS ISD,TX,290
4816180,DAINGERFIELD-LONE STAR ISD,TX,1026
4816200,DALHART ISD,TX,1846
4816230,DALLAS ISD,TX,139802
4816260,DAMON ISD,TX,107
4816290,DANBURY ISD,TX,674
4816320,DARROUZETT ISD,TX,86
4816350,DAWSON ISD,TX,140
4816380,DAWSON ISD,TX,628
4816410,DAYTON ISD,TX,5675
4816440,DE LEON ISD,TX,654
4816500,DECATUR ISD,TX,3786
4816530,DEER PARK ISD,TX,12165
4816570,DEKALB ISD,TX,898
4816620,DEL VALLE ISD,TX,11715
4816650,DELL CITY ISD,TX,76
4816710,DENISON ISD,TX,4977
4816740,DENTON ISD,TX,33329
4816770,DENVER CITY ISD,TX,1474
4816860,DESOTO ISD,TX,5708
4816890,DETROIT ISD,TX,488
4816920,DEVERS ISD,TX,191
4816950,DEVINE ISD,TX,1972
4816980,DEW ISD,TX,171
4817010,DEWEYVILLE ISD,TX,564
4817040,DIBOLL ISD,TX,1582
4817070,DICKINSON ISD,TX,12554
4817100,DILLEY ISD,TX,841
4817130,DIME BOX ISD,TX,156
4817160,DIMMITT ISD,TX,1077
4817190,DIVIDE ISD,TX,35
4817280,DODD CITY ISD,TX,308
4817390,DONNA ISD,TX,12937
4817400,DOSS CONSOLIDATED CSD,TX,20
4817460,DOUGLASS ISD,TX,424
4817550,DRISCOLL ISD,TX,398
4817580,DUBLIN ISD,TX,1125
4817610,DUMAS ISD,TX,4381
4817640,DUNCANVILLE ISD,TX,11562
4817700,EAGLE MT-SAGINAW ISD,TX,23982
4817730,EAGLE PASS ISD,TX,13820
4817760,EANES ISD,TX,7604
4817790,EARLY ISD,TX,1067
4817830,EAST BERNARD ISD,TX,997
4817850,EAST CENTRAL ISD,TX,11497
4817880,EAST CHAMBERS ISD,TX,1562
4817960,EASTLAND ISD,TX,969
4818000,ECTOR COUNTY ISD,TX,33663
4818030,ECTOR ISD,TX,234
4818060,EDCOUCH-ELSA ISD,TX,4349
4818070,EDEN CISD,TX,222
4818120,EDGEWOOD ISD,TX,1022
4818150,EDGEWOOD ISD,TX,7849
4818180,EDINBURG CISD,TX,33343
4818210,EDNA ISD,TX,1531
4818280,EL CAMPO ISD,TX,3279
4818300,EL PASO ISD,TX,48118
4818330,ELECTRA ISD,TX,442
4818360,ELGIN ISD,TX,5959
4818390,ELKHART ISD,TX,1187
4818480,ELYSIAN FIELDS ISD,TX,775
4818540,ENNIS ISD,TX,6646
4818600,ERA ISD,TX,499
4818690,EULA ISD,TX,503
4818720,EUSTACE ISD,TX,1711
4818750,EVADALE ISD,TX,428
4818780,EVANT ISD,TX,198
4818810,EVERMAN ISD,TX,5018
4818840,EXCELSIOR ISD,TX,86
4818890,EZZELL ISD,TX,128
4818900,FABENS ISD,TX,1865
4818940,FAIRFIELD ISD,TX,1602
4819020,FALLS CITY ISD,TX,442
4819050,FANNINDEL ISD,TX,141
4819080,FARMERSVILLE ISD,TX,2397
4819110,FARWELL ISD,TX,599
4819140,FAYETTEVILLE ISD,TX,290
4819170,FERRIS ISD,TX,3010
4819280,FLATONIA ISD,TX,676
4819320,FLORENCE ISD,TX,1142
4819350,FLORESVILLE ISD,TX,4062
4819380,FLOUR BLUFF ISD,TX,5559
4819440,FLOYDADA COLLEGIATE ISD,TX,671
4819500,FOLLETT ISD,TX,182
4819530,FORESTBURG ISD,TX,180
4819560,FORNEY ISD,TX,18565
4819620,FORSAN ISD,TX,695
4819650,FORT BEND ISD,TX,79663
4819700,FORT WORTH ISD,TX,70405
4819740,FRANKLIN ISD,TX,1462
4819770,FRANKSTON ISD,TX,811
4819820,FREER ISD,TX,709
4819830,FRENSHIP ISD,TX,11770
4819840,FREDERICKSBURG ISD,TX,3030
4819950,FRIENDSWOOD ISD,TX,6194
4819980,FRIONA ISD,TX,1016
4820010,FRISCO ISD,TX,65289
4820040,FROST ISD,TX,462
4820070,FRUITVALE ISD,TX,385
4820100,FT DAVIS ISD,TX,682
4820130,FT HANCOCK ISD,TX,390
4820160,FT SAM HOUSTON ISD,TX,1617
4820190,FORT STOCKTON ISD,TX,13480
4820220,GAINESVILLE ISD,TX,3111
4820250,GALENA PARK ISD,TX,20862
4820280,GALVESTON ISD,TX,6383
4820310,GANADO ISD,TX,712
4820340,GARLAND ISD,TX,51021
4820370,GARNER ISD,TX,357
4820400,GARRISON ISD,TX,736
4820460,GARY ISD,TX,476
4820500,GATESVILLE ISD,TX,2668
4820520,GAUSE ISD,TX,134
4820550,GEORGE WEST ISD,TX,1063
4820600,GEORGETOWN ISD,TX,13881
4820610,GHOLSON ISD,TX,265
4820640,GIDDINGS ISD,TX,1900
4820700,GILMER ISD,TX,2946
4820760,GLADEWATER ISD,TX,1636
4820790,GLASSCOCK COUNTY ISD,TX,293
4820850,GLEN ROSE ISD,TX,2119
4820960,GODLEY ISD,TX,3195
4820970,GOLD BURG ISD,TX,148
4821000,GOLDTHWAITE ISD,TX,516
4821030,GOLIAD ISD,TX,1244
4821060,GONZALES ISD,TX,2557
4821090,GOODRICH ISD,TX,266
4821150,GOOSE CREEK CISD,TX,24032
4821180,GORDON ISD,TX,227
4821270,GORMAN ISD,TX,242
4821300,GRADY ISD,TX,241
4821330,GRAFORD ISD,TX,339
4821360,GRAHAM ISD,TX,2148
4821390,GRANBURY ISD,TX,7962
4821420,GRAND PRAIRIE ISD,TX,26129
4821450,GRAND SALINE ISD,TX,1211
4821480,GRANDFALLS-ROYALTY ISD,TX,157
4821540,GRANDVIEW ISD,TX,1373
4821560,GRANDVIEW-HOPKINS ISD,TX,49
4821590,GRANGER ISD,TX,580
4821600,GRAPE CREEK ISD,TX,1196
4821630,GRAPELAND ISD,TX,574
4821660,GRAPEVINE-COLLEYVILLE ISD,TX,13541
4821720,GREENVILLE ISD,TX,5583
4821750,GREENWOOD ISD,TX,3373
4821780,GREGORY-PORTLAND ISD,TX,5024
4821810,GROESBECK ISD,TX,1495
4821840,GROOM ISD,TX,130
4821900,GROVETON ISD,TX,754
4821930,GRUVER ISD,TX,409
4821960,GUNTER ISD,TX,1156
4821990,GUSTINE ISD,TX,136
4822020,GUTHRIE CSD,TX,93
4822050,HALE CENTER ISD,TX,561
4822120,HALLETTSVILLE ISD,TX,1176
4822140,HALLSBURG ISD,TX,131
4822170,HALLSVILLE ISD,TX,24602
4822230,HAMILTON ISD,TX,823
4822260,HAMLIN COLLEGIATE ISD,TX,402
4822320,HAMSHIRE-FANNETT ISD,TX,2006
4822350,HAPPY ISD,TX,253
4822380,HARDIN ISD,TX,1257
4822410,HARDIN-JEFFERSON ISD,TX,2762
4822470,HARLANDALE ISD,TX,11546
4822500,HARLETON ISD,TX,705
4822530,HARLINGEN CISD,TX,16471
4822560,HARMONY ISD,TX,895
4822590,HARPER ISD,TX,591
4822620,HARROLD ISD,TX,154
4822650,HART ISD,TX,206
4822680,HARTLEY ISD,TX,236
4822710,HARTS BLUFF ISD,TX,891
4822740,HASKELL CISD,TX,544
4822770,HAWKINS ISD,TX,811
4822800,HAWLEY ISD,TX,773
4822830,HEARNE ISD,TX,718
4822850,HEDLEY ISD,TX,95
4822890,HEMPHILL ISD,TX,788
4822920,HEMPSTEAD ISD,TX,1585
4822970,HENDERSON ISD,TX,3245
4822980,HENRIETTA ISD,TX,886
4823010,HEREFORD ISD,TX,3964
4823040,HERMLEIGH ISD,TX,258
4823070,HICO ISD,TX,627
4823100,HIDALGO ISD,TX,2918
4823160,HIGH ISLAND ISD,TX,132
4823190,HIGHLAND ISD,TX,207
4823250,HIGHLAND PARK ISD,TX,6350
4823280,HILLSBORO ISD,TX,1984
4823310,HITCHCOCK ISD,TX,2012
4823370,HOLLAND ISD,TX,646
4823400,HOLLIDAY ISD,TX,1120
4823430,HONDO ISD,TX,1727
4823460,HONEY GROVE ISD,TX,651
4823490,HOOKS ISD,TX,914
4823640,HOUSTON ISD,TX,176727
4823670,HOWE ISD,TX,1265
4823700,HUBBARD ISD,TX,64
4823730,HUBBARD ISD,TX,417
4823760,HUCKABAY ISD,TX,327
4823790,HUDSON ISD,TX,2777
4823820,HUFFMAN ISD,TX,3646
4823850,HUGHES SPRINGS ISD,TX,1090
4823880,HULL-DAISETTA ISD,TX,429
4823910,HUMBLE ISD,TX,48502
4823970,HUNT ISD,TX,196
4824000,HUNTINGTON ISD,TX,1564
4824030,HUNTSVILLE ISD,TX,10960
4824060,HURST-EULESS-BEDFORD ISD,TX,23262
4824100,HUTTO ISD,TX,10688
4824120,IDALOU ISD,TX,995
4824150,INDUSTRIAL ISD,TX,1156
4824180,INGLESIDE ISD,TX,2071
4824210,INGRAM ISD,TX,1351
4824240,IOLA ISD,TX,626
4824260,IOWA PARK CISD,TX,1904
4824300,IRA ISD,TX,284
4824330,IRAAN-SHEFFIELD COLLEGIATE ISD,TX,333
4824360,IREDELL ISD,TX,144
4824420,IRVING ISD,TX,30767
4824450,ITALY ISD,TX,597
4824480,ITASCA ISD,TX,638
4824530,JACKSBORO ISD,TX,1022
4824590,JACKSONVILLE ISD,TX,4700
4824600,JARRELL ISD,TX,4157
4824630,JASPER ISD,TX,2070
4824660,JAYTON-GIRARD ISD,TX,169
4824730,JEFFERSON ISD,TX,1125
4824750,JIM HOGG COUNTY ISD,TX,967
4824780,JIM NED CISD,TX,1639
4824810,JOAQUIN ISD,TX,720
4824840,JOHNSON CITY ISD,TX,707
4824900,JONESBORO ISD,TX,337
4824930,JOSHUA ISD,TX,6026
4824960,JOURDANTON ISD,TX,1554
4824990,JUDSON ISD,TX,23539
4825020,JUNCTION ISD,TX,589
4825110,KARNACK ISD,TX,119
4825140,KARNES CITY ISD,TX,1021
4825170,KATY ISD,TX,96111
4825200,KAUFMAN ISD,TX,4356
4825230,KEENE ISD,TX,1119
4825260,KELLER ISD,TX,32042
4825290,KELTON ISD,TX,129
4825320,KEMP ISD,TX,1987
4825410,KENEDY COUNTY WIDE CSD,TX,126
4825440,KENEDY ISD,TX,758
4825470,KENNARD ISD,TX,275
4825500,KENNEDALE ISD,TX,2754
4825530,KERENS ISD,TX,657
4825560,KERMIT ISD,TX,1339
4825590,KERRVILLE ISD,TX,4600
4825620,KILGORE ISD,TX,3660
4825660,KILLEEN ISD,TX,42883
4825680,KINGSVILLE ISD,TX,2534
4825710,KIRBYVILLE CISD,TX,1439
4825740,KLEIN ISD,TX,52437
4825790,KLONDIKE ISD,TX,261
4825800,KNIPPA ISD,TX,408
4825870,KNOX CITY-O'BRIEN CISD,TX,195
4825890,KOPPERL ISD,TX,191
4825920,KOUNTZE ISD,TX,1151
4825950,KRESS ISD,TX,262
4825980,KRUM ISD,TX,2542
4826040,LA FERIA ISD,TX,2842
4826070,LA GLORIA ISD,TX,119
4826100,LA GRANGE ISD,TX,1870
4826130,LA JOYA ISD,TX,22942
4826190,LA PORTE ISD,TX,7099
4826220,LAPOYNOR ISD,TX,479
4826250,LA PRYOR ISD,TX,439
4826280,LA VEGA ISD,TX,3093
4826310,LA VERNIA ISD,TX,3563
4826340,LA VILLA ISD,TX,512
4826370,LACKLAND ISD,TX,1010
4826400,LAGO VISTA ISD,TX,1887
4826430,LAKE DALLAS ISD,TX,3717
4826470,LAKE TRAVIS ISD,TX,11008
4826490,LAKE WORTH ISD,TX,3249
4826580,LAMAR CISD,TX,46786
4826610,LAMESA ISD,TX,1484
4826640,LAMPASAS ISD,TX,3640
4826670,LANCASTER ISD,TX,6822
4826700,LANEVILLE ISD,TX,139
4826790,LAREDO ISD,TX,20271
4826850,LASARA ISD,TX,343
4826910,LATEXO ISD,TX,550
4826970,LAZBUDDIE ISD,TX,127
4827000,LEAKEY ISD,TX,343
4827030,LEANDER ISD,TX,42608
4827060,LEARY ISD,TX,119
4827090,LEFORS ISD,TX,173
4827120,LEGGETT ISD,TX,227
4827180,LEON ISD,TX,758
4827210,LEONARD ISD,TX,815
4827240,LEVELLAND ISD,TX,2575
4827270,LEVERETTS CHAPEL ISD,TX,242
4827300,LEWISVILLE ISD,TX,47876
4827330,LEXINGTON ISD,TX,1052
4827390,LIBERTY-EYLAU ISD,TX,1937
4827420,LIBERTY HILL ISD,TX,9836
4827450,LIBERTY ISD,TX,2438
4827510,LINDALE ISD,TX,4606
4827540,LINDEN-KILDARE CISD,TX,617
4827570,LINDSAY ISD,TX,507
4827600,LINGLEVILLE ISD,TX,270
4827630,LIPAN ISD,TX,478
4827690,LITTLE CYPRESS-MAURICEVILLE CISD,TX,3320
4827720,LITTLE ELM ISD,TX,8036
4827750,LITTLEFIELD ISD,TX,1233
4827780,LIVINGSTON ISD,TX,4016
4827810,LLANO ISD,TX,1968
4827870,LOCKHART ISD,TX,6753
4827890,LOCKNEY ISD,TX,391
4827930,LOHN ISD,TX,123
4827960,LOMETA ISD,TX,316
4827990,LONDON ISD,TX,1808
4828020,LONE OAK ISD,TX,1137
4828110,LONGVIEW ISD,TX,8138
4828140,LOOP ISD,TX,150
4828170,LORAINE ISD,TX,141
4828200,LORENA ISD,TX,1817
4828230,LORENZO ISD,TX,207
4828290,LOS FRESNOS CISD,TX,10357
4828350,LOUISE ISD,TX,535
4828380,LOVEJOY ISD,TX,4019
4828410,LOVELADY ISD,TX,515
4828500,LUBBOCK ISD,TX,24133
4828530,LUEDERS-AVOCA ISD,TX,88
4828550,LUFKIN ISD,TX,6865
4828590,LULING ISD,TX,1443
4828620,LYFORD CISD,TX,1396
4828650,LYTLE ISD,TX,1825
4828680,MABANK ISD,TX,4118
4828710,MADISONVILLE CISD,TX,2377
4828740,MAGNOLIA ISD,TX,14916
4828780,MALAKOFF ISD,TX,1511
4828800,MALONE ISD,TX,63
4828830,MALTA ISD,TX,223
4828890,MANOR ISD,TX,9961
4828920,MANSFIELD ISD,TX,35354
4828980,MARATHON ISD,TX,58
4829010,MARBLE FALLS ISD,TX,4001
4829040,MARFA ISD,TX,194
4829100,MARION ISD,TX,1709
4829130,MARLIN ISD,TX,843
4829160,MARSHALL ISD,TX,4957
4829190,MART ISD,TX,605
4829220,MARTINS MILL ISD,TX,496
4829250,MARTINSVILLE ISD,TX,313
4829280,MASON ISD,TX,700
4829370,MATAGORDA ISD,TX,109
4829400,MATHIS ISD,TX,1429
4829460,MAUD ISD,TX,450
4829520,MAY ISD,TX,243
4829580,MAYPEARL ISD,TX,1209
4829670,MCALLEN ISD,TX,19890
4829700,MCCAMEY ISD,TX,484
4829760,MCDADE ISD,TX,377
4829820,MCGREGOR ISD,TX,1495
4829850,MCKINNEY ISD,TX,23296
4829880,MCLEAN ISD,TX,182
4829910,MCLEOD ISD,TX,424
4829940,MCMULLEN COUNTY ISD,TX,280
4830000,MEADOW ISD,TX,230
4830030,MEDINA ISD,TX,243
4830060,MEDINA VALLEY ISD,TX,9638
4830120,MELISSA ISD,TX,7735
4830180,MEMPHIS ISD,TX,345
4830210,MENARD ISD,TX,264
4830250,MERCEDES ISD,TX,4207
4830300,MERIDIAN ISD,TX,382
4830340,MERKEL ISD,TX,1090
4830360,IRION COUNTY ISD,TX,334
4830390,MESQUITE ISD,TX,37930
4830420,MEXIA ISD,TX,1846
4830450,MEYERSVILLE ISD,TX,176
4830480,MIAMI ISD,TX,177
4830570,MIDLAND ISD,TX,29651
4830600,MIDLOTHIAN ISD,TX,11356
4830640,MIDWAY ISD,TX,8824
4830660,MIDWAY ISD,TX,137
4830690,MILANO ISD,TX,423
4830720,MILDRED ISD,TX,838
4830750,MILES ISD,TX,488
4830780,MILFORD ISD,TX,258
4830810,MILLER GROVE ISD,TX,310
4830870,MILLSAP ISD,TX,1083
4830930,MINEOLA ISD,TX,1753
4830950,MINERAL WELLS ISD,TX,3303
4831040,MISSION CISD,TX,13765
4831170,MONAHANS-WICKETT-PYOTE ISD,TX,2181
4831200,MONTAGUE ISD,TX,163
4831230,MONTE ALTO ISD,TX,819
4831260,MONTGOMERY ISD,TX,9889
4831290,MOODY ISD,TX,751
4831320,MORAN ISD,TX,115
4831380,MORGAN ISD,TX,137
4831410,MORGAN MILL ISD,TX,127
4831470,MORTON ISD,TX,368
4831500,MOTLEY COUNTY ISD,TX,179
4831560,MOULTON ISD,TX,293
4831620,MOUNT CALM ISD,TX,168
4831650,MOUNT ENTERPRISE ISD,TX,501
4831760,MOUNT PLEASANT ISD,TX,5153
4831770,MOUNT VERNON ISD,TX,1608
4831860,MUENSTER ISD,TX,570
4831890,MULESHOE ISD,TX,1330
4831920,MULLIN ISD,TX,132
4831950,MUMFORD ISD,TX,598
4831970,MUNDAY CISD,TX,421
4832010,MURCHISON ISD,TX,169
4832090,NACOGDOCHES ISD,TX,5766
4832130,NATALIA ISD,TX,1315
4832160,NAVARRO ISD,TX,2702
4832190,NAVASOTA ISD,TX,3117
4832220,NAZARETH ISD,TX,243
4832250,NECHES ISD,TX,337
4832280,NEDERLAND ISD,TX,5317
4832310,NEEDVILLE ISD,TX,3650
4832340,NEW BOSTON ISD,TX,1108
4832370,NEW BRAUNFELS ISD,TX,9893
4832400,NEW CANEY ISD,TX,19420
4832430,NEW DEAL ISD,TX,731
4832460,NEW DIANA ISD,TX,1136
4832490,NEW HOME ISD,TX,708
4832610,NEW SUMMERFIELD ISD,TX,526
4832640,NEW WAVERLY ISD,TX,1074
4832700,NEWCASTLE ISD,TX,227
4832730,NEWTON ISD,TX,934
4832740,NIXON-SMILEY CISD,TX,1016
4832790,NOCONA ISD,TX,785
4832880,NORDHEIM ISD,TX,116
4832910,NORMANGEE ISD,TX,661
4832940,NORTH EAST ISD,TX,56420
4832970,NORTH HOPKINS ISD,TX,495
4833010,NORTH LAMAR ISD,TX,2395
4833030,NORTH ZULCH ISD,TX,333
4833090,NORTHSIDE ISD,TX,227
4833120,NORTHSIDE ISD,TX,100208
4833180,NORTHWEST ISD,TX,32098
4833240,NUECES CANYON CISD,TX,240
4833270,NURSERY ISD,TX,156
4833340,OAKWOOD ISD,TX,203
4833360,ODEM-EDROY ISD,TX,927
4833390,O'DONNELL ISD,TX,253
4833420,OGLESBY ISD,TX,237
4833570,OLFEN ISD,TX,145
4833630,OLNEY ISD,TX,691
4833660,OLTON ISD,TX,612
4833690,ONALASKA ISD,TX,1196
4833720,ORANGE GROVE ISD,TX,1648
4833780,ORANGEFIELD ISD,TX,1781
4833840,ORE CITY ISD,TX,788
4833870,OVERTON ISD,TX,523
4833900,PADUCAH ISD,TX,156
4833960,PAINT CREEK ISD,TX,111
4833980,PAINT ROCK ISD,TX,299
4834020,PALACIOS ISD,TX,1265
4834050,PALESTINE ISD,TX,3186
4834110,PALMER ISD,TX,1352
4834140,PALO PINTO ISD,TX,94
4834170,PAMPA ISD,TX,3141
4834230,PANHANDLE ISD,TX,620
4834260,PARADISE ISD,TX,1331
4834290,PARIS ISD,TX,3832
4834320,PASADENA ISD,TX,46491
4834380,PATTON SPRINGS ISD,TX,88
4834410,PAWNEE ISD,TX,630
4834440,PEARLAND ISD,TX,20862
4834470,PEARSALL ISD,TX,1953
4834500,PEASTER ISD,TX,1776
4834550,PECOS-BARSTOW-TOYAH ISD,TX,2919
4834560,PENELOPE ISD,TX,216
4834630,PERRIN-WHITT CISD,TX,324
4834650,PERRYTON ISD,TX,1802
4834680,PETERSBURG ISD,TX,243
4834710,PETROLIA CISD,TX,510
4834770,PETTUS ISD,TX,377
4834800,PEWITT CISD,TX,853
4834830,PFLUGERVILLE ISD,TX,25477
4834860,PHARR-SAN JUAN-ALAMO ISD,TX,29613
4834920,PILOT POINT ISD,TX,1619
4834980,PINE TREE ISD,TX,4439
4835010,PITTSBURG ISD,TX,2245
4835040,PLAINS ISD,TX,423
4835070,PLAINVIEW ISD,TX,4077
4835100,PLANO ISD,TX,46612
4835130,PLEASANT GROVE ISD,TX,2366
4835190,PLEASANTON ISD,TX,3406
4835250,POINT ISABEL ISD,TX,1786
4835310,PONDER ISD,TX,1719
4835340,POOLVILLE ISD,TX,797
4835370,PORT ARANSAS ISD,TX,585
4835400,PORT ARTHUR ISD,TX,8041
4835430,PORT NECHES-GROVES ISD,TX,5349
4835490,POST ISD,TX,686
4835520,POTEET ISD,TX,1837
4835550,POTH ISD,TX,962
4835560,HIGHLAND PARK ISD,TX,749
4835570,BUSHLAND ISD,TX,1434
4835580,POTTSBORO ISD,TX,1453
4835700,PRAIRIE LEA ISD,TX,267
4835730,PRAIRIE VALLEY ISD,TX,135
4835740,PRAIRILAND ISD,TX,1105
4835760,PREMONT ISD,TX,794
4835800,PRESIDIO ISD,TX,1085
4835820,PRIDDY ISD,TX,119
4835850,PRINCETON ISD,TX,9956
4835890,PRINGLE-MORSE CISD,TX,128
4835910,PROGRESO ISD,TX,1339
4836000,PROSPER ISD,TX,31651
4836180,QUANAH ISD,TX,434
4836210,QUEEN CITY ISD,TX,867
4836240,QUINLAN ISD,TX,2936
4836300,QUITMAN ISD,TX,1208
4836360,RAINS ISD,TX,1712
4836390,RALLS ISD,TX,370
4836420,RAMIREZ CSD,TX,36
4836450,RANDOLPH FIELD ISD,TX,1427
4836480,RANGER ISD,TX,288
4836510,RANKIN ISD,TX,301
4836540,RAYMONDVILLE ISD,TX,1963
4836570,REAGAN COUNTY ISD,TX,855
4836630,RED LICK ISD,TX,504
4836660,RED OAK ISD,TX,6696
4836750,REDWATER ISD,TX,1103
4836780,REFUGIO ISD,TX,656
4836930,RICARDO ISD,TX,659
4836960,RICE ISD,TX,1105
4836970,RICE CISD,TX,1306
4836990,RICHARDS ISD,TX,249
4837020,RICHARDSON ISD,TX,36971
4837080,RICHLAND SPRINGS ISD,TX,120
4837110,RIESEL ISD,TX,689
4837140,RIO GRANDE CITY GRULLA ISD,TX,9316
4837150,SOUTH TEXAS ISD,TX,4639
4837170,RIO HONDO ISD,TX,1437
4837200,RIO VISTA ISD,TX,1032
4837230,RISING STAR ISD,TX,181
4837260,RIVER ROAD ISD,TX,1221
4837320,RIVIERA ISD,TX,425
4837380,ROBERT LEE ISD,TX,269
4837410,ROBINSON ISD,TX,2378
4837440,ROBSTOWN ISD,TX,2570
4837470,ROBY CISD,TX,297
4837500,ROCHELLE ISD,TX,160
4837590,ROCKDALE ISD,TX,1482
4837650,ROCKWALL ISD,TX,19235
4837710,ROGERS ISD,TX,893
4837740,ROMA ISD,TX,6019
4837800,ROOSEVELT ISD,TX,1138
4837830,ROPES ISD,TX,622
4837860,ROSCOE COLLEGIATE ISD,TX,12256
4837900,ROSEBUD-LOTT ISD,TX,790
4838040,ROTAN ISD,TX,273
4838080,ROUND ROCK ISD,TX,46954
4838100,ROUND TOP-CARMINE ISD,TX,235
4838190,ROYAL ISD,TX,2884
4838220,ROYSE CITY ISD,TX,10034
4838280,RULE ISD,TX,138
4838310,RUNGE ISD,TX,162
4838360,RUSK ISD,TX,2057
4838400,S AND S CISD,TX,944
4838430,SABINAL ISD,TX,462
4838460,SABINE ISD,TX,1583
4838490,SABINE PASS ISD,TX,372
4838520,SAINT JO ISD,TX,326
4838580,SALADO ISD,TX,2429
4838610,SALTILLO ISD,TX,250
4838640,SAM RAYBURN ISD,TX,469
4838700,SAN ANGELO ISD,TX,13004
4838730,SAN ANTONIO ISD,TX,44047
4838760,SAN AUGUSTINE ISD,TX,597
4838790,SAN BENITO CISD,TX,9073
4838820,SAN DIEGO ISD,TX,1453
4838850,SAN ELIZARIO ISD,TX,2927
4838900,SAN FELIPE-DEL RIO CISD,TX,9767
4838910,SAN ISIDRO ISD,TX,153
4838970,SAN MARCOS CISD,TX,8222
4839000,SAN PERLITA ISD,TX,187
4839030,SAN SABA ISD,TX,738
4839060,SAN VICENTE ISD,TX,9
4839120,SANDS CISD,TX,232
4839150,SANFORD-FRITCH ISD,TX,745
4839180,SANGER ISD,TX,2880
4839210,SANTA ANNA ISD,TX,259
4839270,SANTA FE ISD,TX,4310
4839300,SANTA GERTRUDIS ISD,TX,826
4839330,SANTA MARIA ISD,TX,512
4839360,SANTA ROSA ISD,TX,874
4839390,SANTO ISD,TX,582
4839450,SAVOY ISD,TX,305
4839480,SCHERTZ-CIBOLO-U CITY ISD,TX,14947
4839510,SCHLEICHER ISD,TX,415
4839540,SCHULENBURG ISD,TX,684
4839570,SCURRY-ROSSER ISD,TX,1032
4839600,SEAGRAVES ISD,TX,525
4839630,SEALY ISD,TX,3109
4839690,SEGUIN ISD,TX,7290
4839750,SEMINOLE ISD,TX,3089
4839780,SEYMOUR ISD,TX,594
4839870,SHALLOWATER ISD,TX,1731
4839900,SHAMROCK ISD,TX,343
4839930,SHARYLAND ISD,TX,9844
4839960,SHELBYVILLE ISD,TX,891
4839990,SHELDON ISD,TX,10946
4840020,SHEPHERD ISD,TX,1968
4840080,SHERMAN ISD,TX,7788
4840110,SHINER ISD,TX,721
4840170,SIDNEY ISD,TX,106
4840200,SIERRA BLANCA ISD,TX,100
4840230,SILSBEE ISD,TX,2588
4840290,SILVERTON ISD,TX,204
4840320,SIMMS ISD,TX,480
4840350,SINTON ISD,TX,1961
4840380,SIVELLS BEND ISD,TX,62
4840410,SKIDMORE-TYNAN ISD,TX,775
4840440,SLATON ISD,TX,1271
4840470,SLIDELL ISD,TX,497
4840500,SLOCUM ISD,TX,323
4840550,SMITHVILLE ISD,TX,1849
4840590,SMYER ISD,TX,431
4840620,SNOOK ISD,TX,609
4840650,SNYDER ISD,TX,2317
4840680,SOUTH SAN ANTONIO ISD,TX,7468
4840710,SOCORRO ISD,TX,46668
4840740,SOMERSET ISD,TX,4259
4840770,SOMERVILLE ISD,TX,567
4840800,SONORA ISD,TX,643
4840890,SOUTHLAND ISD,TX,132
4840920,SOUTHSIDE ISD,TX,6091
4840950,SOUTHWEST ISD,TX,14833
4841010,SPEARMAN ISD,TX,692
4841070,SPLENDORA ISD,TX,5687
4841100,SPRING BRANCH ISD,TX,32668
4841190,SPRING HILL ISD,TX,1901
4841220,SPRING ISD,TX,33590
4841250,SPRINGLAKE-EARTH ISD,TX,231
4841280,SPRINGTOWN ISD,TX,4188
4841340,SPURGER ISD,TX,396
4841350,STAFFORD MSD,TX,3492
4841400,STAMFORD ISD,TX,586
4841430,STANTON ISD,TX,1062
4841520,STEPHENVILLE ISD,TX,3578
4841550,STERLING CITY ISD,TX,355
4841580,PLEMONS-STINNETT-PHILLIPS CISD,TX,565
4841610,STOCKDALE ISD,TX,861
4841670,STRATFORD ISD,TX,527
4841700,STRAWN ISD,TX,172
4841760,SUDAN ISD,TX,452
4841790,SULPHUR BLUFF ISD,TX,209
4841820,SULPHUR SPRINGS ISD,TX,4216
4841850,SUNDOWN ISD,TX,552
4841880,SUNNYVALE ISD,TX,2306
4841910,SUNRAY COLLEGIATE ISD,TX,593
4841970,SWEENY ISD,TX,1919
4842000,SWEET HOME ISD,TX,155
4842030,SWEETWATER ISD,TX,1806
4842060,TAFT ISD,TX,812
4842090,TAHOKA ISD,TX,612
4842120,RIVERCREST ISD,TX,684
4842210,TARKINGTON ISD,TX,1907
4842240,TATUM ISD,TX,1392
4842280,TAYLOR ISD,TX,2930
4842300,TEAGUE ISD,TX,1212
4842330,TEMPLE ISD,TX,8764
4842360,TENAHA ISD,TX,414
4842390,TERLINGUA CSD,TX,121
4842420,TERRELL COUNTY ISD,TX,114
4842450,TERRELL ISD,TX,5283
4842480,TEXARKANA ISD,TX,7269
4842510,TEXAS CITY ISD,TX,7711
4842540,TEXHOMA ISD,TX,142
4842570,TEXLINE ISD,TX,225
4842630,THORNDALE ISD,TX,637
4842660,THRALL ISD,TX,873
4842690,THREE RIVERS ISD,TX,566
4842720,THREE WAY ISD,TX,212
4842780,THROCKMORTON COLLEGIATE ISD,TX,144
4842810,TIDEHAVEN ISD,TX,1065
4842840,TIMPSON ISD,TX,756
4842870,TIOGA ISD,TX,664
4842900,TOLAR ISD,TX,884
4842930,TOM BEAN ISD,TX,741
4842960,TOMBALL ISD,TX,22913
4842990,TORNILLO ISD,TX,726
4843110,TRENT ISD,TX,144
4843140,TRENTON ISD,TX,712
4843170,TRINIDAD ISD,TX,173
4843200,TRINITY ISD,TX,1179
4843230,TROUP ISD,TX,1063
4843260,TROY ISD,TX,1732
4843290,WESTWOOD ISD,TX,1387
4843320,TULIA ISD,TX,801
4843350,TULOSO-MIDWAY ISD,TX,3671
4843400,TURKEY-QUITAQUE ISD,TX,180
4843470,TYLER ISD,TX,18708
4843530,UNION GROVE ISD,TX,720
4843560,UNION HILL ISD,TX,282
4843650,UNITED ISD,TX,40742
4843680,UTOPIA ISD,TX,196
4843720,UVALDE CISD,TX,4019
4843740,VALENTINE ISD,TX,32
4843760,VALLEY MILLS ISD,TX,669
4843800,VALLEY VIEW ISD,TX,3444
4843860,VALLEY VIEW ISD,TX,851
4843890,VAN ALSTYNE ISD,TX,2612
4843920,VAN ISD,TX,2358
4843950,VAN VLECK ISD,TX,1039
4843980,VEGA ISD,TX,340
4844010,VENUS ISD,TX,2283
4844040,VERIBEST ISD,TX,263
4844110,VERNON ISD,TX,1729
4844150,VICTORIA ISD,TX,12919
4844160,VIDOR ISD,TX,4165
4844250,VYSEHRAD ISD,TX,74
4844280,WACO ISD,TX,13376
4844310,WAELDER ISD,TX,302
4844370,WALCOTT ISD,TX,146
4844410,WALL ISD,TX,1313
4844430,WALLER ISD,TX,9905
4844470,BRAZOS ISD,TX,866
4844490,WALNUT BEND ISD,TX,73
4844520,WALNUT SPRINGS ISD,TX,165
4844580,WARREN ISD,TX,1181
4844670,WASKOM ISD,TX,806
4844710,WATER VALLEY ISD,TX,310
4844730,WAXAHACHIE ISD,TX,11196
4844800,WEATHERFORD ISD,TX,8023
4844810,WEBB CISD,TX,240
4844820,WEIMAR ISD,TX,732
4844890,WELLINGTON ISD,TX,534
4844910,WELLMAN-UNION CISD,TX,248
4844940,WELLS ISD,TX,239
4844960,WESLACO ISD,TX,16300
4845000,WEST HARDIN COUNTY CISD,TX,535
4845040,WEST ISD,TX,1300
4845090,WEST ORANGE-COVE CISD,TX,2592
4845120,WEST OSO ISD,TX,1778
4845150,WEST RUSK COUNTY CONSOLIDATED ISD,TX,1029
4845180,WEST SABINE ISD,TX,638
4845210,WESTBROOK ISD,TX,220
4845240,WESTHOFF ISD,TX,85
4845330,WESTPHALIA ISD,TX,159
4845380,WHARTON ISD,TX,1767
4845420,WHEELER ISD,TX,372
4845450,WHITE DEER ISD,TX,322
4845480,WHITE OAK ISD,TX,1428
4845540,WHITE SETTLEMENT ISD,TX,6831
4845570,WHITEFACE CISD,TX,298
4845600,WHITEHOUSE ISD,TX,4676
4845630,WHITESBORO ISD,TX,1802
4845670,WHITEWRIGHT ISD,TX,801
4845690,WHITHARRAL ISD,TX,229
4845720,WHITNEY ISD,TX,1454
4845780,WICHITA FALLS ISD,TX,12644
4845840,WILDORADO ISD,TX,215
4845900,WILLIS ISD,TX,9313
4845950,WILLS POINT ISD,TX,2893
4845990,WILSON ISD,TX,133
4846080,WINDTHORST ISD,TX,506
4846170,WINK-LOVING ISD,TX,438
4846200,WINNSBORO ISD,TX,1454
4846230,WINONA ISD,TX,1166
4846260,WINTERS ISD,TX,552
4846320,WODEN ISD,TX,885
4846350,WOLFE CITY ISD,TX,713
4846380,WOODSBORO ISD,TX,400
4846410,WOODSON ISD,TX,178
4846440,WOODVILLE ISD,TX,1196
4846470,WORTHAM ISD,TX,535
4846500,WYLIE ISD,TX,5606
4846530,WYLIE ISD,TX,19401
4846590,YANTIS ISD,TX,305
4846620,YOAKUM ISD,TX,1458
4846650,YORKTOWN ISD,TX,574
4846680,YSLETA ISD,TX,34062
4846710,ZAPATA COUNTY ISD,TX,3290
4846740,ZAVALLA ISD,TX,303
4846770,ZEPHYR ISD,TX,220
4899130,BENAVIDES ISD,TX,148
4900030,Alpine District,UT,86645
4900060,Beaver District,UT,1471
4900090,Box Elder District,UT,12554
4900120,Cache District,UT,20286
4900142,Canyons District,UT,32688
4900150,Carbon District,UT,3334
4900180,Daggett District,UT,200
4900210,Davis District,UT,71428
4900240,Duchesne District,UT,5309
4900270,Emery District,UT,2091
4900300,Garfield District,UT,1628
4900330,Grand District,UT,1436
4900360,Granite District,UT,59106
4900390,Iron District,UT,14125
4900420,Jordan District,UT,58788
4900450,Juab District,UT,2758
4900480,Kane District,UT,1484
4900510,Logan City District,UT,5328
4900540,Millard District,UT,3198
4900570,Morgan District,UT,3185
4900600,Murray District,UT,5678
4900630,Nebo District,UT,43696
4900660,North Sanpete District,UT,2706
4900690,North Summit District,UT,1073
4900720,Ogden City District,UT,10244
4900750,Park City District,UT,4269
4900780,Piute District,UT,453
4900810,Provo District,UT,13897
4900840,Rich District,UT,507
4900870,Salt Lake District,UT,19049
4900900,San Juan District,UT,2897
4900930,Sevier District,UT,4658
4900960,South Sanpete District,UT,3305
4900990,South Summit District,UT,1616
4901020,Tintic District,UT,276
4901050,Tooele District,UT,16088
4901080,Uintah District,UT,6687
4901110,Wasatch District,UT,8780
4901140,Washington District,UT,36961
4901170,Wayne District,UT,468
4901200,Weber District,UT,32054
5000011,Buels Gore School District,VT,0
5000012,Ferdinand School District,VT,0
5000013,Glastenbury School District,VT,0
5000014,Somerset School District,VT,0
5000015,Averill School District,VT,0
5000016,Averys Gore School District,VT,0
5000017,Lewis School District,VT,0
5000018,Warners Grant School District,VT,0
5000019,Warrens Grant School District,VT,0
5000024,Rivendell Interstate School District,NH,399
5000390,Barstow Unified Union School District #49,VT,168
5000392,Otter Valley Unified Union School District #53,VT,1158
5000393,Mill River Unified Union School District #52,VT,782
5000395,Essex Westford Educational Community Unified Union SD #51,VT,3656
5000396,Champlain Valley Unified Union School District #56,VT,4044
5000397,Lamoille North Modified Union School District #058B,VT,750
5000398,Addison Northwest Unified Union School District #54,VT,910
5000399,Maple Run Unified Union School District #57,VT,2611
5000400,Orange Southwest Unified Union School District #59,VT,811
5000401,Lamoille North Modified Union School District #058A,VT,606
5000402,Addison Central Unified Union School District #55,VT,1747
5000403,Harwood Unified Union School District #60,VT,1792
5000408,Paine Mountain Union School District #68,VT,1032
5000409,Wells Spring Unified Union School District #69,VT,197
5000410,Montpelier Roxbury Unified Union School District #71,VT,1190
5000411,Quarry Valley Unified Union School District #70,VT,1054
5000412,Caledonia Cooperative Unified School District #78,VT,545
5000414,Granville Hancock Unified School District,VT,6
5000415,Northeast Kingdom Choice School District,VT,234
5000417,Taconic and Green Regional School District #63,VT,1647
5000418,Twin Valley Unified School District #75,VT,375
5000419,Mettawee School District #84,VT,260
5000421,Kingdom East Unified Union School District #64,VT,1723
5000422,Ludlow Mt. Holly Unified Union School District #83,VT,226
5000423,Rochester Stockbridge Unified School District #81,VT,140
5000425,Mt. Abraham Unified School District #61,VT,1228
5000426,White River Unified School District #79,VT,653
5000427,Green Mountain Unified School District #77,VT,629
5000429,First Branch Unified School District #82,VT,296
5000430,Echo Valley Community Union School District #67,VT,200
5000431,Windham Southeast Unified Union School District #96,VT,2281
5000432,West River Valley Union Education District #72B,VT,261
5000433,Missisquoi Valley School District #89,VT,1852
5000434,Southwest Vermont Union Elementary School District #87,VT,1353
5000435,Champlain Islands Unified Union School District #66,VT,231
5000436,Lake Region Union Elementary Middle School District,VT,652
5000437,Oxbow Unified Union School District #91,VT,657
5000438,Mountain View Union Elementary School District #94,VT,306
5000439,Washington Central Unified Union School District #92,VT,1312
5000440,Slate Valley Unified Union School District #62,VT,1181
5000441,Northern Mountain Valley Unified Union School District #85,VT,839
5000442,Mount Ascutney School District #86,VT,640
5000443,Mount Mansfield Unified Union School District #401,VT,2574
5000444,Enosburgh-Richford Unified Union School District #88,VT,1102
5000445,Barre Unified Union School District #97,VT,2174
5000446,Athens Grafton School District,VT,39
5000447,River Valleys Unified School District #73,VT,189
5000448,Elmore-Morristown Unified Union School District #90,VT,817
5000449,West River Valley Union Education District #72A,VT,220
5000450,Mountain Views Unified Union School District #76,VT,1006
5001770,Alburgh School District,VT,212
5001830,Arlington School District,VT,408
5002610,Brighton School District,VT,130
5002820,Burlington School District,VT,3429
5002850,Cabot School District,VT,154
5002910,Cambridge School District,VT,324
5002940,Canaan School District,VT,184
5003060,Charleston School District,VT,118
5003240,Colchester School District,VT,2463
5003360,Coventry School District,VT,124
5003390,Craftsbury Town School District,VT,207
5003450,Danville School District,VT,330
5003480,Derby School District,VT,486
5003930,Fairfax School District,VT,990
5004080,Fletcher School District,VT,117
5004140,Georgia School District,VT,588
5004500,Halifax School District,VT,85
5004590,Hartford School District,VT,1418
5004620,Hartland School District,VT,285
5004710,Holland School District,VT,0
5004830,Ira School District,VT,4
5004950,Jay School District,VT,0
5004960,Jay/Westfield Joint Elementary School District,VT,81
5005050,Lake Region Union High School District #24,VT,356
5005160,Lincoln Town School District,VT,113
5005220,Lowell School District,VT,79
5005400,Marlboro School District,VT,93
5005610,Milton School District,VT,1468
5005760,Morgan School District,VT,0
5005810,Mount Anthony Union High School District #14,VT,1340
5006000,Newport City School District,VT,324
5006030,Newport Town School District,VT,123
5006060,North Bennington Incorporated School District,VT,114
5006180,Norwich School District,VT,345
5006390,Peacham School District,VT,93
5006450,Pittsfield School District,VT,6
5006780,Readsboro School District,VT,48
5006930,Rockingham School District,VT,506
5007050,Rutland City School District,VT,1912
5007080,Rutland Town School District,VT,430
5007170,Sandgate School District,VT,30
5007200,Searsburg School District,VT,4
5007260,Sharon School District,VT,240
5007470,South Burlington School District,VT,2646
5007500,South Hero School District,VT,171
5007530,Springfield School District,VT,1171
5007650,Saint Johnsbury School District,VT,1030
5007680,Stamford School District,VT,105
5007710,Stannard School District,VT,0
5007800,Stowe Town School District,VT,756
5007830,Strafford School District,VT,162
5007860,Stratton School District,VT,31
5008010,Thetford School District,VT,360
5008130,Troy School District,VT,197
5008224,Blue Mountain Union School District #21,VT,399
5008225,Twinfield Union School District #33,VT,316
5008242,Waits River Union High District #36,VT,333
5008243,Hazen Union High School District #26,VT,267
5008246,Bellows Falls Union High School District #27,VT,303
5008310,Vernon School District,VT,223
5008700,Weathersfield School District,VT,266
5008910,Westfield School District,VT,1
5008970,Westminster School District,VT,169
5009000,Westmore School District,VT,0
5009270,Windham School District,VT,9
5009330,Winhall School District,VT,174
5009360,Winooski Incorporated School District,VT,762
5009390,Wolcott School District,VT,109
5009570,North Country Union Junior High School District,VT,237
5009600,North Country Union High School District,VT,698
5100060,Accomack County Public Schools,VA,4623
5100090,Albemarle County Public Schools,VA,14149
5100120,Alexandria City Public Schools,VA,16575
5100152,Alleghany Highlands Public Schools,VA,2804
5100180,Amelia County Public Schools,VA,1600
5100210,Amherst County Public Schools,VA,3900
5100240,Appomattox County Public Schools,VA,2421
5100270,Arlington County Public Schools,VA,27950
5100300,Augusta County Public Schools,VA,10130
5100330,Bath County Public Schools,VA,509
5100360,Bedford County Public Schools,VA,8930
5100390,Bland County Public Schools,VA,818
5100420,Botetourt County Public Schools,VA,4424
5100450,Bristol City Public Schools,VA,2167
5100480,Brunswick County Public Schools,VA,1369
5100510,Buchanan County Public Schools,VA,2316
5100540,Buckingham County Public Schools,VA,1868
5100560,Buena Vista City Public Schools,VA,886
5100600,Campbell County Public Schools,VA,7777
5100660,Caroline County Public Schools,VA,4600
5100690,Carroll County Public Schools,VA,3437
5100720,Charles City County Public Schools,VA,523
5100750,Charlotte County Public Schools,VA,1707
5100780,Charlottesville City Public Schools,VA,4439
5100810,Chesapeake City Public Schools,VA,40607
5100840,Chesterfield County Public Schools,VA,64194
5100870,Clarke County Public Schools,VA,1883
5100930,Colonial Beach Public Schools,VA,593
5100960,Colonial Heights City Public Schools,VA,2971
5101020,Craig County Public Schools,VA,507
5101050,Culpeper County Public Schools,VA,8381
5101080,Cumberland County Public Schools,VA,1278
5101110,Danville City Public Schools,VA,5564
5101140,Dickenson County Public Schools,VA,1801
5101170,Dinwiddie County Public Schools,VA,4147
5101200,Essex County Public Schools,VA,1092
5101260,Fairfax County Public Schools,VA,179323
5101290,Falls Church City Public Schools,VA,2671
5101320,Fauquier County Public Schools,VA,10861
5101350,Floyd County Public Schools,VA,1666
5101380,Fluvanna County Public Schools,VA,3315
5101410,Franklin City Public Schools,VA,1124
5101440,Franklin County Public Schools,VA,6109
5101470,Frederick County Public Schools,VA,14447
5101510,Fredericksburg City Public Schools,VA,3629
5101560,Galax City Public Schools,VA,1434
5101590,Giles County Public Schools,VA,3575
5101620,Gloucester County Public Schools,VA,4917
5101650,Goochland County Public Schools,VA,2643
5101690,Grayson County Public Schools,VA,1561
5101710,Greene County Public Schools,VA,2781
5101740,Greensville County Public Schools,VA,2017
5101770,Halifax County Public Schools,VA,4496
5101800,Hampton City Public Schools,VA,19472
5101830,Hanover County Public Schools,VA,16768
5101860,Harrisonburg City Public Schools,VA,6652
5101890,Henrico County Public Schools,VA,50915
5101920,Henry County Public Schools,VA,6916
5101950,Highland County Public Schools,VA,208
5101980,Hopewell City Public Schools,VA,3949
5102010,Isle of Wight County Public Schools,VA,5519
5102070,King and Queen County Public Schools,VA,611
5102100,King George County Public Schools,VA,4591
5102120,King William County Public Schools,VA,2114
5102160,Lancaster County Public Schools,VA,1018
5102190,Lee County Public Schools,VA,2966
5102220,Lexington City Public Schools,VA,537
5102250,Loudoun County Public Schools,VA,81486
5102280,Louisa County Public Schools,VA,5334
5102310,Lunenburg County Public Schools,VA,1577
5102340,Lynchburg City Public Schools,VA,7657
5102360,Manassas City Public Schools,VA,7345
5102370,Madison County Public Schools,VA,1585
5102390,Manassas Park City Public Schools,VA,3392
5102400,Martinsville City Public Schools,VA,1793
5102430,Mathews County Public Schools,VA,790
5102460,Mecklenburg County Public Schools,VA,3907
5102490,Middlesex County Public Schools,VA,1249
5102520,Montgomery County Public Schools,VA,9461
5102580,Nelson County Public Schools,VA,1492
5102610,New Kent County Public Schools,VA,3572
5102640,Newport News City Public Schools,VA,25882
5102670,Norfolk City Public Schools,VA,26807
5102710,Northampton County Public Schools,VA,1300
5102730,Northumberland County Public Schools,VA,1162
5102760,Norton City Public Schools,VA,855
5102790,Nottoway County Public Schools,VA,1792
5102820,Orange County Public Schools,VA,5074
5102850,Page County Public Schools,VA,2928
5102880,Patrick County Public Schools,VA,2276
5102910,Petersburg City Public Schools,VA,4582
5102940,Pittsylvania County Public Schools,VA,7830
5102980,Poquoson City Public Schools,VA,2030
5103000,Portsmouth City Public Schools,VA,12905
5103030,Powhatan County Public Schools,VA,4077
5103060,Prince Edward County Public Schools,VA,1845
5103090,Prince George County Public Schools,VA,6220
5103130,Prince William County Public Schools,VA,90242
5103150,Pulaski County Public Schools,VA,4385
5103180,Radford City Public Schools,VA,3321
5103210,Rappahannock County Public Schools,VA,773
5103240,Richmond City Public Schools,VA,20962
5103270,Richmond County Public Schools,VA,1398
5103300,Roanoke City Public Schools,VA,13811
5103330,Roanoke County Public Schools,VA,13735
5103370,Rockbridge County Public Schools,VA,2488
5103390,Rockingham County Public Schools,VA,11679
5103420,Russell County Public Schools,VA,3345
5103460,Salem City Public Schools,VA,3984
5103480,Scott County Public Schools,VA,4166
5103510,Shenandoah County Public Schools,VA,5703
5103520,Smyth County Public Schools,VA,4132
5103600,Southampton County Public Schools,VA,2363
5103640,Spotsylvania County Public Schools,VA,24036
5103660,Stafford County Public Schools,VA,31812
5103690,Staunton City Public Schools,VA,2692
5103710,Suffolk City Public Schools,VA,14565
5103750,Surry County Public Schools,VA,691
5103780,Sussex County Public Schools,VA,1047
5103810,Tazewell County Public Schools,VA,5134
5103840,Virginia Beach City Public Schools,VA,64731
5103870,Warren County Public Schools,VA,5024
5103900,Washington County Public Schools,VA,7270
5103930,Waynesboro City Public Schools,VA,3043
5103950,West Point Public Schools,VA,843
5103980,Westmoreland County Public Schools,VA,1574
5104020,Williamsburg-James City County Public Schools,VA,11371
5104050,Winchester City Public Schools,VA,4362
5104080,Wise County Public Schools,VA,5779
5104110,Wythe County Public Schools,VA,3734
5104150,York County Public Schools,VA,13105
5300001,Enumclaw School District,WA,4542
5300002,Inchelium School District,WA,188
5300003,Kelso School District,WA,4960
5300015,Washington Center for Deaf and Hard of Hearing Youth,WA,127
5300030,Aberdeen School District,WA,3183
5300060,Adna School District,WA,634
5300090,Almira School District,WA,129
5300150,Anacortes School District,WA,2595
5300240,Arlington School District,WA,5588
5300280,Asotin-Anatone School District,WA,657
5300300,Auburn School District,WA,18174
5300318,Office of the Governor (Sch for Blind),WA,50
5300328,Suquamish Tribal Education Department,WA,74
5300330,Bainbridge Island School District,WA,3514
5300380,Battle Ground School District,WA,12754
5300390,Bellevue School District,WA,20339
5300420,Bellingham School District,WA,11337
5300450,Benge School District,WA,14
5300480,Bethel School District,WA,21450
5300510,Bickleton School District,WA,91
5300570,Blaine School District,WA,1983
5300630,Boistfort School District,WA,284
5300660,Bremerton School District,WA,4383
5300690,Brewster School District,WA,1001
5300720,Bridgeport School District,WA,772
5300750,Brinnon School District,WA,72
5300780,Burlington-Edison School District,WA,3276
5300810,Camas School District,WA,7239
5300840,Cape Flattery School District,WA,490
5300870,Carbonado School District,WA,176
5300950,Cascade School District,WA,1258
5300960,CASHMERE SCHOOL DISTRICT,WA,1677
5300990,Castle Rock School District,WA,1484
5301050,Centerville School District,WA,91
5301080,Central Kitsap School District,WA,11100
5301110,Central Valley School District,WA,15025
5301140,Centralia School District,WA,3313
5301170,Chehalis School District,WA,3142
5301200,Lake Chelan School District,WA,1299
5301230,Cheney School District,WA,5662
5301260,Chewelah School District,WA,799
5301290,Chimacum School District,WA,704
5301320,Clarkston School District,WA,2495
5301350,Cle Elum-Roslyn School District,WA,1026
5301380,Queets-Clearwater School District,WA,37
5301410,Clover Park School District,WA,12345
5301440,Colfax School District,WA,533
5301470,College Place School District,WA,1531
5301500,Colton School District,WA,166
5301560,Columbia (Stevens) School District,WA,121
5301590,Columbia (Walla Walla) School District,WA,776
5301630,Colville School District,WA,1737
5301660,Concrete School District,WA,528
5301680,Conway School District,WA,421
5301710,Cosmopolis School District,WA,175
5301800,Coupeville School District,WA,952
5301830,Crescent School District,WA,372
5301860,Creston School District,WA,73
5301890,Curlew School District,WA,292
5301920,Cusick School District,WA,392
5301950,Damman School District,WA,48
5301980,Darrington School District,WA,464
5302010,Davenport School District,WA,687
5302040,Dayton School District,WA,379
5302070,Deer Park School District,WA,2783
5302130,Dieringer School District,WA,1424
5302160,Dixie School District,WA,14
5302280,East Valley School District (Spokane),WA,3601
5302310,Eastmont School District,WA,5930
5302340,Easton School District,WA,81
5302370,Eatonville School District,WA,1995
5302400,Edmonds School District,WA,20955
5302460,Ellensburg School District,WA,3408
5302490,Elma School District,WA,1677
5302520,Endicott School District,WA,83
5302550,Entiat School District,WA,436
5302610,Ephrata School District,WA,2833
5302640,Evaline School District,WA,55
5302670,Everett School District,WA,20489
5302700,Evergreen School District (Clark),WA,21603
5302730,Evergreen School District (Stevens),WA,39
5302820,Federal Way School District,WA,22250
5302850,Ferndale School District,WA,4746
5302880,Fife School District,WA,3983
5302910,Finley School District,WA,892
5302940,Franklin Pierce School District,WA,7187
5302970,Freeman School District,WA,887
5303000,Garfield School District,WA,127
5303030,Glenwood School District,WA,59
5303090,Goldendale School District,WA,3013
5303130,Grand Coulee Dam School District,WA,695
5303150,Grandview School District,WA,3583
5303180,Granger School District,WA,1438
5303210,Granite Falls School District,WA,2355
5303240,Grapeview School District,WA,224
5303270,Great Northern School District,WA,44
5303300,Green Mountain School District,WA,163
5303330,Griffin School District,WA,585
5303360,Harrington School District,WA,114
5303440,Coulee-Hartline School District,WA,170
5303510,Highland School District,WA,1060
5303540,Highline School District,WA,18072
5303570,Hockinson School District,WA,2061
5303600,Hood Canal School District,WA,337
5303660,Hoquiam School District,WA,1566
5303720,Index Elementary School District 63,WA,36
5303750,Issaquah School District,WA,19098
5303780,Kahlotus School District,WA,59
5303810,Kalama School District,WA,1138
5303870,Keller School District,WA,40
5303930,Kennewick School District,WA,18826
5303960,Kent School District,WA,25358
5303990,Kettle Falls School District,WA,1116
5304020,Kiona-Benton City School District,WA,1395
5304050,Kittitas School District,WA,577
5304080,Klickitat School District,WA,71
5304110,La Conner School District,WA,485
5304150,LaCrosse School District,WA,61
5304170,La Center School District,WA,1823
5304200,Lake Stevens School District,WA,10117
5304230,Lake Washington School District,WA,30986
5304260,Lakewood School District,WA,2713
5304290,Lamont School District,WA,29
5304380,Liberty School District,WA,605
5304410,Lind School District,WA,170
5304470,Longview School District,WA,6382
5304500,Loon Lake School District,WA,251
5304530,Lopez School District,WA,205
5304560,Riverview School District,WA,2996
5304590,Lyle School District,WA,196
5304620,Lynden School District,WA,3646
5304650,Mabton School District,WA,735
5304710,Mansfield School District,WA,107
5304740,Manson School District,WA,637
5304800,Mary M Knight School District,WA,784
5304830,Mary Walker School District,WA,558
5304860,Marysville School District,WA,9760
5304890,McCleary School District,WA,332
5304920,Mead School District,WA,10657
5304950,Medical Lake School District,WA,1842
5304980,Mercer Island School District,WA,3993
5305010,Meridian School District,WA,1904
5305020,Methow Valley School District,WA,785
5305040,Mill A School District,WA,68
5305130,Monroe School District,WA,5874
5305160,Montesano School District,WA,1433
5305190,Morton School District,WA,399
5305220,Moses Lake School District,WA,8430
5305250,Mossyrock School District,WA,644
5305280,Mount Adams School District,WA,839
5305310,Mount Baker School District,WA,1580
5305340,Mount Pleasant School District,WA,69
5305370,East Valley School District (Yakima),WA,3387
5305400,Mount Vernon School District,WA,6326
5305430,Mukilteo School District,WA,15175
5305460,Naches Valley School District,WA,1308
5305490,Napavine School District,WA,821
5305520,Naselle-Grays River Valley School District,WA,316
5305550,Nespelem School District,WA,150
5305610,Newport School District,WA,1181
5305640,Nine Mile Falls School District,WA,1440
5305670,Nooksack Valley School District,WA,2033
5305700,North Beach School District No. 64,WA,638
5305730,North Franklin School District,WA,2078
5305760,North Kitsap School District,WA,5330
5305790,North Mason School District,WA,2337
5305820,North River School District,WA,54
5305850,North Thurston Public Schools,WA,15167
5305880,Northport School District,WA,185
5305910,Northshore School District,WA,22735
5305940,Oak Harbor School District,WA,5635
5305970,Oakesdale School District,WA,153
5306000,Oakville School District,WA,320
5306060,Ocean Beach School District,WA,942
5306090,Ocosta School District,WA,600
5306120,Odessa School District,WA,224
5306150,Okanogan School District,WA,1041
5306180,Olympia School District,WA,9386
5306220,Omak School District,WA,5873
5306240,Onalaska School District,WA,913
5306270,Onion Creek School District,WA,45
5306300,Orcas Island School District,WA,807
5306330,Orchard Prairie School District,WA,79
5306360,Orient School District,WA,42
5306390,Orondo School District,WA,124
5306420,Oroville School District,WA,541
5306450,Orting School District,WA,2809
5306480,Othello School District,WA,4654
5306510,Palisades School District,WA,32
5306540,Palouse School District,WA,191
5306570,Pasco School District,WA,18913
5306600,Pateros School District,WA,231
5306630,Paterson School District,WA,134
5306660,Pe Ell School District,WA,284
5306690,Peninsula School District,WA,9015
5306750,Pioneer School District,WA,732
5306780,Pomeroy School District,WA,343
5306820,Port Angeles School District,WA,3460
5306840,Port Townsend School District,WA,1277
5306870,Prescott School District,WA,225
5306900,Prosser School District,WA,2534
5306930,Pullman School District,WA,2731
5306960,Puyallup School District,WA,23026
5306990,Quilcene School District,WA,580
5307020,Quillayute Valley School District,WA,3760
5307050,Lake Quinault School District,WA,207
5307080,Quincy School District,WA,3162
5307110,Rainier School District,WA,1017
5307140,Raymond School District,WA,485
5307210,Reardan-Edwall School District,WA,725
5307230,Renton School District,WA,14873
5307260,Republic School District,WA,540
5307320,Richland School District,WA,14410
5307350,Ridgefield School District,WA,4297
5307380,Ritzville School District,WA,415
5307440,Riverside School District,WA,1570
5307470,Rochester School District,WA,2175
5307530,Roosevelt School District,WA,25
5307560,Rosalia School District,WA,163
5307620,Royal School District,WA,1769
5307650,San Juan Island School District,WA,797
5307680,Satsop School District,WA,63
5307710,Seattle School District No. 1,WA,50773
5307740,Sedro-Woolley School District,WA,4600
5307770,Selah School District,WA,3784
5307800,Selkirk School District,WA,252
5307830,Sequim School District,WA,2580
5307860,Shaw Island School District,WA,8
5307900,Shelton School District,WA,4517
5307920,Shoreline School District,WA,9717
5307950,Skamania School District,WA,108
5307980,Skykomish School District,WA,52
5308020,Snohomish School District,WA,9732
5308040,Snoqualmie Valley School District,WA,7145
5308070,Soap Lake School District,WA,591
5308100,South Bend School District,WA,1102
5308130,Tukwila School District,WA,2886
5308160,South Kitsap School District,WA,9326
5308190,South Whidbey School District,WA,1207
5308220,Southside School District,WA,208
5308250,Spokane School District,WA,28853
5308280,Sprague School District,WA,55
5308310,St. John School District,WA,145
5308340,Stanwood-Camano School District,WA,4880
5308370,Star School District No. 054,WA,0
5308400,Starbuck School District,WA,765
5308430,Stehekin School District,WA,12
5308460,Steilacoom Hist. School District,WA,3005
5308490,Steptoe School District,WA,47
5308520,Stevenson-Carson School District,WA,755
5308550,Sultan School District,WA,2139
5308580,Summit Valley School District,WA,108
5308610,Sumner-Bonney Lake School District,WA,10743
5308670,Sunnyside School District,WA,6151
5308700,Tacoma School District,WA,28847
5308730,Taholah School District,WA,192
5308760,Tahoma School District,WA,9234
5308790,Tekoa School District,WA,206
5308820,Tenino School District,WA,1283
5308850,Thorp School District,WA,247
5308910,Toledo School District,WA,906
5308940,Tonasket School District,WA,1104
5308970,Toppenish School District,WA,3646
5309000,Touchet School District,WA,251
5309030,Toutle Lake School District,WA,673
5309060,Trout Lake School District,WA,209
5309100,Tumwater School District,WA,6350
5309150,Union Gap School District,WA,558
5309180,University Place School District,WA,5635
5309240,Valley School District,WA,1099
5309270,Vancouver School District,WA,21783
5309300,Vashon Island School District,WA,1468
5309330,Wahkiakum School District,WA,399
5309360,Wahluke School District,WA,2455
5309390,Waitsburg School District,WA,309
5309450,Walla Walla Public Schools,WA,5410
5309480,Wapato School District,WA,3198
5309510,Warden School District,WA,933
5309540,Washougal School District,WA,2687
5309570,Washtucna School District,WA,71
5309600,Waterville School District,WA,256
5309630,Wellpinit School District #49,WA,415
5309660,Wenatchee School District,WA,7073
5309690,West Valley School District (Spokane),WA,3475
5309720,West Valley School District (Yakima),WA,5480
5309750,White Pass School District,WA,352
5309780,White River School District,WA,4475
5309810,White Salmon Valley School District,WA,1078
5309840,Wilbur School District,WA,226
5309870,Willapa Valley School District,WA,344
5309900,Wilson Creek School District,WA,118
5309930,Winlock School District,WA,801
5309990,Wishkah Valley School District,WA,178
5310020,Wishram School District,WA,91
5310050,Woodland School District,WA,2429
5310110,Yakima School District,WA,15488
5310140,Yelm School District,WA,5671
5310170,Zillah School District,WA,1330
5400030,Barbour County Schools,WV,1969
5400060,Berkeley County Schools,WV,20006
5400090,Boone County Schools,WV,3048
5400120,Braxton County Schools,WV,1596
5400150,Brooke County Schools,WV,2213
5400180,Cabell County Schools,WV,11188
5400210,Calhoun County Schools,WV,789
5400240,Clay County Schools,WV,1437
5400270,Doddridge County Schools,WV,1208
5400300,Fayette County Schools,WV,5294
5400330,Gilmer County Schools,WV,721
5400360,Grant County Schools,WV,1617
5400390,Greenbrier County Schools,WV,4429
5400420,Hampshire County Schools,WV,2650
5400450,Hancock County Schools,WV,3342
5400480,Hardy County Schools,WV,2184
5400510,Harrison County Schools,WV,9358
5400540,Jackson County Schools,WV,3977
5400570,Jefferson County Schools,WV,8386
5400600,Kanawha County Schools,WV,23085
5400630,Lewis County Schools,WV,2226
5400660,Lincoln County Schools,WV,2731
5400690,Logan County Schools,WV,4664
5400720,Marion County Schools,WV,7112
5400750,Marshall County Schools,WV,4134
5400780,Mason County Schools,WV,3554
5400810,McDowell County Schools,WV,2312
5400840,Mercer County Schools,WV,8310
5400870,Mineral County Schools,WV,3931
5400900,Mingo County Schools,WV,3473
5400930,Monongalia County Schools,WV,11193
5400960,Monroe County Schools,WV,1611
5400990,Morgan County Schools,WV,2123
5401020,Nicholas County Schools,WV,3215
5401050,Ohio County Schools,WV,4718
5401080,Pendleton County Schools,WV,850
5401110,Pleasants County Schools,WV,1045
5401140,Pocahontas County Schools,WV,897
5401170,Preston County Schools,WV,3765
5401200,Putnam County Schools,WV,8518
5401230,Raleigh County Schools,WV,10350
5401260,Randolph County Schools,WV,3494
5401290,Ritchie County Schools,WV,1131
5401320,Roane County Schools,WV,1630
5401350,Summers County Schools,WV,1138
5401380,Taylor County Schools,WV,2128
5401410,Tucker County Schools,WV,918
5401440,Tyler County Schools,WV,1185
5401470,Upshur County Schools,WV,3385
5401500,Wayne County Schools,WV,5953
5401530,Webster County Schools,WV,1048
5401560,Wetzel County Schools,WV,2189
5401590,Wirt County Schools,WV,866
5401620,Wood County Schools,WV,11098
5401650,Wyoming County Schools,WV,3346
5500013,Lake Country School District,WI,447
5500016,Blair-Taylor School District,WI,601
5500017,River Ridge School District,WI,481
5500030,Abbotsford School District,WI,799
5500052,Trevor-Wilmot Consolidated School District,WI,455
5500056,Gresham School District,WI,291
5500058,Chequamegon School District,WI,654
5500060,Adams-Friendship Area School District,WI,1270
5500061,Chetek-Weyerhaeuser Area School District,WI,931
5500075,Herman-Neosho-Rubicon School District,WI,314
5500080,Holy Hill Area School District,WI,485
5500120,Albany School District,WI,300
5500150,Algoma School District,WI,623
5500180,Alma School District,WI,264
5500210,Alma Center School District,WI,589
5500240,Almond-Bancroft School District,WI,351
5500270,Altoona School District,WI,1778
5500300,Amery School District,WI,1252
5500330,Tomorrow River School District,WI,1198
5500360,Antigo Unified School District,WI,1899
5500390,Appleton Area School District,WI,14994
5500420,Arcadia School District,WI,1303
5500450,Argyle School District,WI,297
5500510,Ashland School District,WI,1784
5500540,Ashwaubenon School District,WI,3201
5500570,Athens School District,WI,417
5500600,Auburndale School District,WI,840
5500630,Augusta School District,WI,540
5500720,Baldwin-Woodville Area School District,WI,1678
5500750,Unity School District,WI,915
5500780,Bangor School District,WI,665
5500810,Baraboo School District,WI,2598
5500840,Barneveld School District,WI,443
5500870,Barron Area School District,WI,1059
5500900,Bayfield School District,WI,415
5500960,Beaver Dam Unified School District,WI,3000
5500990,Belleville School District,WI,936
5501020,Belmont Community School District,WI,381
5501050,Beloit School District,WI,4958
5501080,Beloit Turner School District,WI,1669
5501110,Benton School District,WI,223
5501140,Berlin Area School District,WI,1197
5501170,Birchwood School District,WI,217
5501230,Wisconsin Heights School District,WI,788
5501260,Black River Falls School District,WI,1552
5501310,Pecatonica Area School District,WI,369
5501350,Bloomer School District,WI,1285
5501470,Bonduel School District,WI,782
5501500,Boscobel Area School District,WI,651
5501530,North Lakeland School District,WI,158
5501560,Bowler School District,WI,304
5501590,Boyceville Community School District,WI,693
5501650,Brighton #1 School District,WI,196
5501680,Brillion School District,WI,965
5501710,Bristol #1 School District,WI,830
5501740,Brodhead School District,WI,975
5501770,Elmbrook School District,WI,7845
5501800,Brown Deer School District,WI,1613
5501830,Bruce School District,WI,388
5501890,Burlington Area School District,WI,2876
5501920,Butternut School District,WI,176
5502040,Cadott Community School District,WI,800
5502070,Cambria-Friesland School District,WI,328
5502100,Cambridge School District,WI,912
5502130,Cameron School District,WI,1177
5502160,Campbellsport School District,WI,1299
5502340,Cashton School District,WI,605
5502400,Cassville School District,WI,171
5502430,Cedar Grove-Belgium Area School District,WI,850
5502460,Cedarburg School District,WI,3108
5502520,Chilton School District,WI,1048
5502550,Chippewa Falls Area Unified School District,WI,4574
5502580,Clayton School District,WI,256
5502610,Clear Lake School District,WI,527
5502640,Clinton Community School District,WI,1003
5502670,Clintonville School District,WI,1129
5502700,Cochrane-Fountain City School District,WI,521
5502730,Colby School District,WI,930
5502760,Coleman School District,WI,741
5502790,Colfax School District,WI,716
5502820,Columbus School District,WI,1123
5502880,Cornell School District,WI,392
5502910,Crandon School District,WI,808
5502970,Crivitz School District,WI,799
5503030,Cuba City School District,WI,679
5503060,Cudahy School District,WI,1985
5503090,Cumberland School District,WI,924
5503150,Darlington Community School District,WI,899
5503180,De Forest Area School District,WI,4246
5503210,De Pere School District,WI,4485
5503240,De Soto Area School District,WI,440
5503270,Deerfield Community School District,WI,730
5503510,Kettle Moraine School District,WI,3361
5503640,Delavan-Darien School District,WI,1674
5503660,Denmark School District,WI,1620
5503690,Dodgeville School District,WI,1035
5503750,Dover #1 School District,WI,81
5503810,Drummond Area School District,WI,301
5503840,Durand-Arkansaw School District,WI,994
5503860,Northland Pines School District,WI,1342
5504020,East Troy Community School District,WI,1355
5504050,Eau Claire Area School District,WI,10687
5504080,Edgar School District,WI,575
5504110,Edgerton School District,WI,1937
5504170,Elcho School District,WI,247
5504200,Eleva-Strum School District,WI,664
5504230,Elk Mound Area School District,WI,1172
5504260,Elkhart Lake-Glenbeulah School District,WI,514
5504290,Elkhorn Area School District,WI,3506
5504320,Ellsworth Community School District,WI,1597
5504350,Elmwood School District,WI,330
5504380,Royall School District,WI,455
5504410,Erin School District,WI,399
5504440,Evansville Community School District,WI,1628
5504500,Fall Creek School District,WI,949
5504530,Fall River School District,WI,484
5504590,Fennimore Community School District,WI,821
5504620,Lac du Flambeau #1 School District,WI,499
5504650,Florence County School District,WI,369
5504680,Fond du Lac School District,WI,6457
5504720,Fontana J8 School District,WI,197
5504740,Fort Atkinson School District,WI,2291
5504770,Maple Dale-Indian Hill School District,WI,447
5504800,Fox Point J2 School District,WI,813
5504830,Franklin Public School District,WI,4666
5504860,Frederic School District,WI,406
5504890,Northern Ozaukee School District,WI,1154
5504920,Freedom Area School District,WI,1540
5504960,Galesville-Ettrick-Trempealeau School District,WI,1393
5504980,North Crawford School District,WI,409
5505100,Geneva J4 School District,WI,148
5505130,Genoa City J2 School District,WI,413
5505160,Germantown School District,WI,3835
5505220,Gibraltar Area School District,WI,532
5505250,Gillett School District,WI,549
5505280,Gilman School District,WI,360
5505370,Gilmanton School District,WI,128
5505460,Glendale-River Hills School District,WI,973
5505490,Nicolet Union High School School District,WI,1043
5505520,Glenwood City School District,WI,636
5505580,Goodman-Armstrong Creek School District,WI,73
5505610,Grafton School District,WI,2192
5505640,Granton Area School District,WI,249
5505670,Grantsburg School District,WI,1831
5505730,Black Hawk School District,WI,335
5505820,Green Bay Area Public School District,WI,18379
5505880,Green Lake School District,WI,276
5505910,Greendale School District,WI,2546
5505940,Greenfield School District,WI,3380
5505970,Greenwood School District,WI,339
5506000,Whitnall School District,WI,2364
5506030,Hamilton School District,WI,5131
5506060,Saint Croix Central School District,WI,1866
5506090,Hartford J1 School District,WI,1301
5506120,Hartford UHS School District,WI,1324
5506140,Hartland-Lakeside J3 School District,WI,1091
5506180,Arrowhead UHS School District,WI,1950
5506270,Hayward Community School District,WI,1885
5506300,Southwestern Wisconsin School District,WI,528
5506420,Highland School District,WI,276
5506450,Hilbert School District,WI,481
5506480,Hillsboro School District,WI,472
5506540,Holmen School District,WI,3787
5506570,Horicon School District,WI,772
5506600,Hortonville Area School District,WI,4214
5506630,Howard-Suamico School District,WI,5678
5506660,Howards Grove School District,WI,874
5506690,Hudson School District,WI,5119
5506750,Hurley School District,WI,544
5506780,Hustisford School District,WI,277
5506810,Independence School District,WI,425
5506840,Iola-Scandinavia School District,WI,579
5506870,Iowa-Grant School District,WI,648
5506960,Ithaca School District,WI,319
5507020,Janesville School District,WI,9355
5507050,Jefferson School District,WI,1612
5507170,Johnson Creek School District,WI,634
5507230,Juda School District,WI,258
5507260,Dodgeland School District,WI,688
5507290,Kaukauna Area School District,WI,4044
5507320,Kenosha School District,WI,18315
5507380,Kewaskum School District,WI,1803
5507410,Kewaunee School District,WI,866
5507440,Kiel Area School District,WI,1246
5507470,Kimberly Area School District,WI,5070
5507500,Kohler School District,WI,747
5507530,La Crosse School District,WI,5717
5507560,La Farge School District,WI,262
5507590,Ladysmith School District,WI,727
5507620,Lake Geneva J1 School District,WI,1683
5507650,Lake Geneva-Genoa City UHS School District,WI,1271
5507680,Lake Holcombe School District,WI,244
5507710,Lake Mills Area School District,WI,1473
5507770,Lancaster Community School District,WI,991
5507830,Laona School District,WI,291
5507860,Lena School District,WI,419
5508040,Linn J4 School District,WI,75
5508070,Linn J6 School District,WI,176
5508130,Richmond School District,WI,410
5508160,Little Chute Area School District,WI,1586
5508190,Lodi School District,WI,1461
5508220,Lomira School District,WI,985
5508250,Loyal School District,WI,468
5508280,Luck School District,WI,358
5508340,Luxemburg-Casco School District,WI,2021
5508520,Madison Metropolitan School District,WI,25155
5508550,Manawa School District,WI,528
5508610,Manitowoc School District,WI,4452
5508640,Maple School District,WI,1271
5508670,Marathon City School District,WI,770
5508700,Marinette School District,WI,1914
5508730,Marion School District,WI,488
5508760,Markesan School District,WI,721
5508790,Marshall School District,WI,964
5508820,Marshfield Unified School District,WI,3626
5508850,Mauston School District,WI,1380
5508880,Mayville School District,WI,944
5508910,McFarland School District,WI,5921
5508940,Medford Area Public School District,WI,3220
5508970,Mellen School District,WI,252
5509000,Melrose-Mindoro School District,WI,726
5509030,Menasha Joint School District,WI,3121
5509060,Menomonee Falls School District,WI,3876
5509070,Menominee Indian School District,WI,994
5509090,Menomonie Area School District,WI,3199
5509130,Mequon-Thiensville School District,WI,3553
5509150,Mercer School District,WI,92
5509210,Merrill Area School District,WI,2686
5509240,Swallow School District,WI,432
5509300,North Lake School District,WI,365
5509360,Merton Community School District,WI,894
5509390,Stone Bank School District,WI,241
5509510,Middleton-Cross Plains Area School District,WI,7167
5509570,Milton School District,WI,3461
5509600,Milwaukee School District,WI,65599
5509630,Lakeland UHS School District,WI,717
5509660,Mineral Point Unified School District,WI,800
5509690,Minocqua J1 School District,WI,512
5509720,Northwood School District,WI,296
5509750,Mishicot School District,WI,945
5509780,Mondovi School District,WI,991
5509810,Monona Grove School District,WI,3672
5509840,Monroe School District,WI,2149
5509870,Montello School District,WI,571
5509900,Monticello School District,WI,289
5509960,Mosinee School District,WI,1902
5509990,Mount Horeb Area School District,WI,2298
5510060,Mukwonago School District,WI,4835
5510140,Riverdale School District,WI,631
5510170,Muskego-Norway School District,WI,4602
5510230,Necedah Area School District,WI,662
5510320,Neenah Joint School District,WI,6473
5510350,Neillsville School District,WI,847
5510380,Nekoosa School District,WI,1197
5510440,New Auburn School District,WI,280
5510470,New Berlin School District,WI,4334
5510500,New Glarus School District,WI,953
5510530,New Holstein School District,WI,994
5510560,New Lisbon School District,WI,548
5510590,New London School District,WI,2042
5510620,New Richmond School District,WI,3502
5510680,Niagara School District,WI,455
5510740,North Fond du Lac School District,WI,1571
5510770,Norwalk-Ontario-Wilton School District,WI,586
5510800,Norway J7 School District,WI,109
5510830,Oak Creek-Franklin Joint School District,WI,6554
5510860,Oakfield School District,WI,551
5510890,Oconomowoc Area School District,WI,4928
5510920,Oconto Unified School District,WI,922
5510950,Oconto Falls Public School District,WI,1673
5510980,Omro School District,WI,1030
5511010,Onalaska School District,WI,2920
5511070,Oostburg School District,WI,1011
5511100,Oregon School District,WI,4186
5511130,Parkview School District,WI,837
5511160,Osceola School District,WI,1421
5511190,Oshkosh Area School District,WI,9101
5511220,Osseo-Fairchild School District,WI,747
5511310,Owen-Withee School District,WI,481
5511350,Palmyra-Eagle Area School District,WI,521
5511370,Pardeeville Area School District,WI,863
5511400,Paris J1 School District,WI,251
5511550,Beecher-Dunbar-Pembine School District,WI,226
5511580,Pepin Area School District,WI,225
5511610,Peshtigo School District,WI,1083
5511640,Pewaukee School District,WI,2907
5511710,Phelps School District,WI,88
5511730,Phillips School District,WI,665
5511790,Pittsville School District,WI,541
5511820,Tri-County Area School District,WI,579
5511850,Platteville School District,WI,1544
5511880,Plum City School District,WI,215
5511940,Plymouth Joint School District,WI,2000
5511970,Port Edwards School District,WI,435
5512000,Port Washington-Saukville School District,WI,2415
5512030,South Shore School District,WI,193
5512060,Portage Community School District,WI,1975
5512090,Potosi School District,WI,339
5512120,Poynette School District,WI,990
5512150,Prairie du Chien Area School District,WI,917
5512180,Prairie Farm Public School District,WI,325
5512210,Prentice School District,WI,345
5512240,Prescott School District,WI,1184
5512300,Princeton School District,WI,285
5512330,Pulaski Community School District,WI,3848
5512360,Racine Unified School District,WI,15781
5512390,Randall J1 School District,WI,560
5512420,Randolph School District,WI,473
5512450,Random Lake School District,WI,648
5512480,Raymond #14 School District,WI,385
5512510,North Cape School District,WI,194
5512540,Kickapoo Area School District,WI,464
5512660,Reedsburg School District,WI,2591
5512690,Reedsville School District,WI,576
5512720,Rhinelander School District,WI,2295
5512780,Rib Lake School District,WI,523
5512810,Rice Lake Area School District,WI,2096
5512960,Richland School District,WI,1121
5512990,Rio Community School District,WI,352
5513020,Ripon Area School District,WI,1705
5513050,River Falls School District,WI,3442
5513100,Rosendale-Brandon School District,WI,904
5513140,Rosholt School District,WI,494
5513170,D C Everest Area School District,WI,5847
5513230,Saint Croix Falls School District,WI,991
5513260,Saint Francis School District,WI,1106
5513290,Westosha Central UHS School District,WI,1309
5513350,Salem School District,WI,936
5513410,Sauk Prairie School District,WI,2658
5513470,Seneca Area School District,WI,255
5513500,Sevastopol School District,WI,606
5513530,Seymour Community School District,WI,1772
5513560,Sharon J11 School District,WI,197
5513620,Shawano School District,WI,2079
5513650,Sheboygan Area School District,WI,9285
5513680,Sheboygan Falls School District,WI,1494
5513710,Shell Lake School District,WI,584
5513770,Shiocton School District,WI,725
5513800,Shorewood School District,WI,1916
5513830,Shullsburg School District,WI,325
5513860,Silver Lake J1 School District,WI,449
5513890,Siren School District,WI,365
5513950,Slinger School District,WI,3234
5513980,Solon Springs School District,WI,302
5514010,Somerset School District,WI,1445
5514040,South Milwaukee School District,WI,2686
5514130,Southern Door County School District,WI,1001
5514160,Sparta Area School District,WI,2749
5514190,Spencer School District,WI,631
5514220,Spooner Area School District,WI,1000
5514250,River Valley School District,WI,1055
5514340,Spring Valley School District,WI,651
5514430,Stanley-Boyd Area School District,WI,1069
5514490,Stevens Point Area Public School District,WI,6911
5514520,Stockbridge School District,WI,192
5514550,Stoughton Area School District,WI,2735
5514580,Stratford School District,WI,774
5514610,Sturgeon Bay School District,WI,1013
5514640,Sun Prairie Area School District,WI,8596
5514670,Superior School District,WI,3900
5514700,Suring Public School District,WI,320
5514820,Thorp School District,WI,516
5514850,Three Lakes School District,WI,507
5514880,Tigerton School District,WI,251
5514910,Tomah Area School District,WI,3046
5514940,Tomahawk School District,WI,1142
5514970,Flambeau School District,WI,436
5515060,Turtle Lake School District,WI,449
5515090,Twin Lakes #4 School District,WI,267
5515120,Two Rivers Public School District,WI,1740
5515150,Union Grove UHS School District,WI,1032
5515180,Union Grove J1 School District,WI,886
5515210,Valders Area School District,WI,961
5515330,Verona Area School District,WI,5796
5515360,Viroqua Area School District,WI,1031
5515390,Wabeno Area School District,WI,389
5515450,Walworth J1 School District,WI,409
5515480,Big Foot UHS School District,WI,437
5515540,Washburn School District,WI,547
5515570,Washington Island School District,WI,61
5515600,Waterford UHS School District,WI,889
5515660,Waterford Graded J1 School District,WI,1473
5515700,Washington-Caldwell School District,WI,192
5515720,Waterloo School District,WI,747
5515750,Watertown Unified School District,WI,3076
5515780,Waukesha School District,WI,10922
5515810,Waunakee Community School District,WI,4415
5515840,Waupaca School District,WI,2066
5515870,Waupun School District,WI,1869
5515900,Wausau School District,WI,7738
5515930,Wausaukee School District,WI,385
5515960,Wautoma Area School District,WI,1300
5515990,Wauwatosa School District,WI,6704
5516020,Wauzeka-Steuben School District,WI,248
5516230,Webster School District,WI,618
5516260,West Allis-West Milwaukee School District,WI,6615
5516290,West Bend School District,WI,5365
5516320,West De Pere School District,WI,3629
5516350,West Salem School District,WI,1814
5516410,Westby Area School District,WI,1007
5516440,Westfield School District,WI,1064
5516470,Weston School District,WI,227
5516500,Weyauwega-Fremont School District,WI,822
5516560,Wheatland J1 School District,WI,644
5516590,White Lake School District,WI,184
5516620,Whitefish Bay School District,WI,2861
5516650,Whitehall School District,WI,760
5516680,Whitewater Unified School District,WI,1893
5516710,Wild Rose School District,WI,563
5516740,Williams Bay School District,WI,606
5516770,Wilmot UHS School District,WI,840
5516830,Winneconne Community School District,WI,1740
5516860,Winter School District,WI,206
5517040,Wisconsin Dells School District,WI,1790
5517070,Wisconsin Rapids School District,WI,4578
5517100,Wittenberg-Birnamwood School District,WI,1175
5517130,Wonewoc-Union Center School District,WI,362
5517160,Woodruff J1 School District,WI,515
5517190,Wrightstown Community School District,WI,1352
5517220,Yorkville J2 School District,WI,465
5600730,Albany County School District #1,WY,3752
5600960,Fremont County School District #38,WY,446
5601030,Carbon County School District #1,WY,1633
5601090,Big Horn County School District #4,WY,251
5601260,Sublette County School District #9,WY,431
5601420,Big Horn County School District #1,WY,1251
5601460,Big Horn County School District #2,WY,708
5601470,Campbell County School District #1,WY,8459
5601700,Carbon County School District #2,WY,573
5601980,Laramie County School District #1,WY,13426
5602070,Park County School District # 6,WY,2008
5602140,Converse County School District #1,WY,1639
5602150,Converse County School District #2,WY,634
5602370,Crook County School District #1,WY,1203
5602670,Fremont County School District # 2,WY,182
5602760,Uinta County School District #1,WY,2612
5602820,Fremont County School District #21,WY,413
5602830,Fremont County School District # 6,WY,342
5602870,Fremont County School District # 1,WY,1566
5602990,Goshen County School District #1,WY,1617
5603170,Big Horn County School District #3,WY,447
5603180,Platte County School District #2,WY,190
5603310,Hot Springs County School District #1,WY,584
5603770,Johnson County School District #1,WY,1137
5604030,Lincoln County School District #1,WY,637
5604060,Lincoln County School District #2,WY,2924
5604120,Laramie County School District #2,WY,1030
5604230,Niobrara County School District #1,WY,935
5604260,Uinta County School District #6,WY,724
5604380,Park County School District #16,WY,98
5604450,Fremont County School District #14,WY,573
5604500,Uinta County School District #4,WY,684
5604510,Natrona County School District #1,WY,12352
5604830,Weston County School District #1,WY,745
5604860,Sublette County School District #1,WY,1032
5605090,Platte County School District #1,WY,882
5605160,Park County School District # 1,WY,1778
5605220,Fremont County School District #25,WY,2354
5605302,Sweetwater County School District #1,WY,4789
5605680,Sheridan County School District #3,WY,86
5605690,Sheridan County School District #1,WY,1241
5605695,Sheridan County School District #2,WY,3454
5605700,Fremont County School District #24,WY,387
5605762,Sweetwater County School District #2,WY,2286
5605820,Washakie County School District #2,WY,104
5605830,Teton County School District #1,WY,2827
5606090,Weston County School District #7,WY,859
5606240,Washakie County School District #1,WY,1092
5900025,Turtle Mountain Middle School,ND,326
5900026,Naa Tsis'aan Community School,UT,68
5900027,Flandreau Indian Boarding School,SD,149
5900028,San Ildefonso Day School,NM,36
5900029,Hopi Day School,AZ,100
5900030,Santa Rosa Day School,AZ,120
5900031,Choctaw Central High School,MS,537
5900032,Cottonwood Day School,AZ,123
5900033,Dzilth-Na-O-Dith-Hle Community School,NM,143
5900034,Sequoyah High School,OK,318
5900035,Red Rock Day School,AZ,82
5900036,Chief Leschi School,WA,633
5900037,Tuba City Boarding School,AZ,1040
5900038,Circle of Life Academy,MN,115
5900039,Te Tsu Geh Oweenge Day School,NM,31
5900040,Moencopi Day School,AZ,89
5900041,Northern Cheyenne Tribal School,MT,169
5900042,Indian Township School,ME,91
5900043,Nazlini Community School,AZ,56
5900044,Na' Neelzhiin Ji'Olta,NM,118
5900045,Isna Wica Owayawa,SD,230
5900046,Alamo Navajo Community School,NM,290
5900047,Muckleshoot Tribal School,WA,471
5900048,Ch'ooshgai Community School,NM,208
5900049,Hunters Point Boarding School,AZ,82
5900050,Laguna Middle School,NM,118
5900051,Cheyenne-Eagle Butte School,SD,829
5900052,Chilchinbeto Community School,AZ,84
5900053,Standing Pine Elementary School,MS,119
5900054,Joseph K. Lumsden Bahweting Anishnabe School,MI,389
5900055,Marty Indian School,SD,220
5900056,Tse'ii'ahi' Community School,NM,62
5900057,Yakama Nation Tribal School,WA,152
5900058,Tate Topa Tribal School,ND,458
5900059,Wingate Elementary School,NM,366
5900060,T'siya Day School,NM,58
5900061,Pyramid Lake High School,NV,123
5900062,Wide Ruins Community School,AZ,58
5900063,Kayenta Community School,AZ,305
5900064,Nay-Ah-Shing School,MN,125
5900065,Cove Day School,AZ,29
5900066,Cherokee Central Elementary School,NC,607
5900067,Standing Rock Community School,ND,561
5900068,Ojibwa Indian School,ND,220
5900069,Kha'p'o Community School,NM,98
5900070,American Horse School,SD,240
5900071,Coeur d' Alene Tribal School,ID,126
5900072,Hopi Jr/Sr High School,AZ,493
5900073,Crow Creek Reservation High School,SD,241
5900074,Hanaa'dli Community School,NM,16
5900075,Sanostee Day School,NM,25
5900076,John F. Kennedy Day School,AZ,188
5900077,Twin Buttes Day School,ND,39
5900078,Choctaw Central Middle School,MS,210
5900079,Jeehdeez'a Elementary School,AZ,88
5900080,Pine Ridge School,SD,674
5900081,Isleta Elementary School,NM,93
5900082,Second Mesa Day School,AZ,188
5900083,Paschal Sherman Indian School,WA,150
5900084,Ojo Encino Day School,NM,142
5900085,Lower Brule Day School,SD,337
5900086,Santa Rosa Ranch School,AZ,76
5900087,Baca/Dlo'ay Azhi Community School,NM,222
5900088,Pinon Community School,AZ,46
5900089,Rocky Ridge Boarding School,AZ,69
5900090,Miccosukee Indian School,FL,150
5900091,St. Francis Indian School,SD,630
5900092,Ahfachkee Day School,FL,231
5900093,Mescalero Apache School,NM,614
5900094,Aneth Community School,UT,91
5900095,Circle of Nations,ND,121
5900096,Theodore Jamerson Elementary School,ND,102
5900097,Shoshone-Bannock School,ID,127
5900098,Crystal Boarding School,NM,54
5900099,Dennehotso Boarding School,AZ,165
5900100,Tucker Elementary School,MS,119
5900101,Cherokee Central High School,NC,693
5900102,Black Mesa Community School,AZ,52
5900103,Kickapoo Nation School,KS,71
5900104,Lac Courte Oreilles Ojibwa School,WI,389
5900105,Sherman Indian High School,CA,276
5900106,Turtle Mountain Elementary School,ND,544
5900107,Pierre Indian Learning Center,SD,156
5900108,Pine Hill Schools,NM,315
5900109,Kin Dah Lichi'i Olta,AZ,143
5900110,Leupp School Inc.,AZ,121
5900111,Conehatta Elementary School,MS,226
5900112,Lukachukai Community School,AZ,312
5900113,Crazy Horse School,SD,270
5900114,Oneida Nation School,WI,457
5900115,Lummi High School,WA,142
5900116,Navajo Preparatory School,NM,297
5900117,White Shield School,ND,171
5900118,Crow Creek Sioux Tribal Elementary School,SD,149
5900119,Wingate High School,NM,362
5900120,Salt River Elementary School,AZ,265
5900121,First Mesa Elementary School,AZ,118
5900122,Rock Point Community School,AZ,297
5900123,Pearl River Elementary School,MS,413
5900124,Pahin Sinte Owayawa,SD,155
5900125,Lake Valley Navajo School,NM,26
5900126,Shiprock Northwest High School,NM,151
5900127,Quileute Tribal School,WA,87
5900128,Shonto Preparatory School,AZ,226
5900129,Tiospa Zina Tribal School,SD,546
5900130,Santa Fe Indian School,NM,701
5900131,Hotevilla Bacavi Community School,AZ,127
5900132,Theodore Roosevelt School,AZ,149
5900133,Greyhills Academy High School,AZ,167
5900134,Rock Creek Grant School,SD,50
5900135,Fond du Lac Ojibwe School,MN,161
5900136,Pueblo Pintado Community School,NM,128
5900137,Sipayik Elementary School,ME,102
5900138,Bread Springs Day School,NM,61
5900139,Dilcon Community School,AZ,193
5900140,Jemez Day School,NM,141
5900141,St. Stephens Indian School,WY,193
5900142,Blackwater Community School,AZ,274
5900143,Takini School,SD,153
5900144,Menominee Tribal School,WI,129
5900145,Dishchii'bikoh Community School,AZ,576
5900146,Chitimacha Tribal School,LA,110
5900147,Atsa' Biya' a'zh Community School,NM,200
5900148,Many Farms Community School,AZ,278
5900149,Dunseith Day School,ND,201
5900150,Tohaali' Community School,NM,101
5900151,San Felipe Pueblo Elementary School,NM,166
5900152,Pine Springs Day School,AZ,28
5900153,Duckwater Shoshone Elementary School,NV,12
5900154,Enemy Swim Day School,SD,158
5900155,Dibe Yazhi Habitiin Olta' Inc.,NM,58
5900156,San Simon School,AZ,225
5900157,Nenahnezad Community School,NM,156
5900158,Turtle Mountain High School,ND,541
5900159,Little Singer Community School,AZ,88
5900160,Indian Island School,ME,81
5900161,Many Farms High School,AZ,281
5900162,Ohkay Owingeh Community School,NM,105
5900163,Riverside Indian School,OK,429
5900164,Chemawa Indian School,OR,198
5900165,Havasupai Elementary School,AZ,80
5900166,Bug-O-Nay-Ge-Shig School,MN,142
5900167,Mariano Lake Community School,NM,68
5900168,T'iis Nazbas Community School,AZ,94
5900169,Tohono O'odham High School,AZ,109
5900170,Tonalea Day School,AZ,140
5900171,Rough Rock Community School,AZ,230
5900172,Red Water Elementary School,MS,117
5900173,Little Wound School,SD,755
5900174,Taos Day School,NM,101
5900175,Keams Canyon Elementary School,AZ,67
5900176,Lummi Nation Tribal School,WA,297
5900177,T'iis Ts'ozi Bi'Olta' Community School,NM,278
5900178,Two Eagle River School,MT,136
5900179,Chi Chil'tah Community School,NM,54
5900180,Kaibeto Boarding School,AZ,224
5900181,Little Eagle School,SD,62
5900182,Greasewood Springs Community School Inc.,AZ,109
5900183,Wounded Knee District School,SD,146
5900184,Laguna Elementary School,NM,220
5900185,Wa He Lut Indian School,WA,131
5900186,Casa Blanca Community School,AZ,302
5900187,Hannahville Indian School,MI,175
5900188,Beclabito Day School,NM,21
5900189,Mandaree Day School,ND,219
5900190,Tiospaye Topa School,SD,166
5900191,To'hajiilee Day School,NM,246
5900192,Gila Crossing Community School,AZ,319
5900193,Seba Dalkai Boarding School,AZ,84
5900194,Bogue Chitto Elementary School,MS,177
5900195,Haak'u Community Academy,NM,144
5900196,Meskwaki Settlement School,IA,294
5900197,Noli School,CA,95
5900200,Jones Academy,OK,79
6600002,Guam Department of Education,GU,23413
6900002,Commonwealth of the Northern Mariana Islands Public School,MP,8965
7200030,PUERTO RICO DEPARTMENT OF EDUCATION,PR,235819
7800002,Saint Croix School District,VI,5145
7800030,Saint Thomas - Saint John School District,VI,5265
